{
  "('Z1', 'Z1', 'low', 'warmup', 'Z1', 'Z1', 'flat')": {
    "slow down": 41.21914808154648,
    "keep going": 13.826868780687505,
    "accelerate": -25.41735104203137
  },
  "('Z1', 'Z1', 'low', 'warmup', 'Z1', 'Z1', 'downhill')": {
    "slow down": 77.00475090720224,
    "keep going": -43.21092180173878,
    "accelerate": -112.1367379662132
  },
  "('Z1', 'Z2', 'low', 'warmup', 'Z1', 'Z1', 'flat')": {
    "slow down": 37.72868748048734,
    "keep going": -333.6906245147738,
    "accelerate": -443.6243864970093
  },
  "('Z1', 'Z1', 'low', 'warmup', 'Z1', 'Z1', 'uphill')": {
    "slow down": -53.82223716187224,
    "keep going": 77.04202823070462,
    "accelerate": -122.76514198697576
  },
  "('Z1', 'Z2', 'low', 'warmup', 'Z1', 'Z1', 'uphill')": {
    "slow down": -68.39516800946798,
    "keep going": -456.08114954316494,
    "accelerate": -490.8057589911315
  },
  "('Z1', 'Z2', 'low', 'warmup', 'Z1', 'Z1', 'downhill')": {
    "slow down": -442.6269433172508,
    "keep going": -107.76461460829505,
    "accelerate": -520.0169121022923
  },
  "('Z1', 'Z1', 'low', 'push', 'Z2', 'Z2', 'flat')": {
    "slow down": -720.7195177750259,
    "keep going": -720.7097310329154,
    "accelerate": -719.648948169749
  },
  "('Z1', 'Z2', 'low', 'push', 'Z2', 'Z2', 'flat')": {
    "slow down": -718.6644399328898,
    "keep going": -718.6935862986622,
    "accelerate": -717.2652426579671
  },
  "('Z1', 'Z2', 'low', 'push', 'Z2', 'Z2', 'downhill')": {
    "slow down": -716.591490396037,
    "keep going": -716.5208564736946,
    "accelerate": -716.5845382285097
  },
  "('Z2', 'Z2', 'low', 'push', 'Z2', 'Z2', 'flat')": {
    "slow down": -721.2628113854521,
    "keep going": -717.0131295188835,
    "accelerate": -721.169827225989
  },
  "('Z2', 'Z2', 'low', 'push', 'Z2', 'Z2', 'uphill')": {
    "slow down": -721.1936799490284,
    "keep going": -719.6233231898013,
    "accelerate": -721.0818496944955
  },
  "('Z1', 'Z1', 'low', 'push', 'Z2', 'Z2', 'downhill')": {
    "slow down": -719.6925589044226,
    "keep going": -719.2516107890607,
    "accelerate": -720.0362760316862
  },
  "('Z2', 'Z1', 'low', 'push', 'Z2', 'Z2', 'flat')": {
    "slow down": -721.1229541072967,
    "keep going": -721.1126065713926,
    "accelerate": -719.7306644594552
  },
  "('Z2', 'Z3', 'low', 'push', 'Z2', 'Z2', 'flat')": {
    "slow down": -719.2525248646865,
    "keep going": -721.1070190373131,
    "accelerate": -721.770123475092
  },
  "('Z2', 'Z3', 'low', 'push', 'Z2', 'Z2', 'downhill')": {
    "slow down": -719.0001625932576,
    "keep going": -720.8861890593939,
    "accelerate": -721.718207770171
  },
  "('Z2', 'Z1', 'low', 'push', 'Z2', 'Z2', 'downhill')": {
    "slow down": -720.7663085463755,
    "keep going": -720.8847652866262,
    "accelerate": -719.6608186991473
  },
  "('Z2', 'Z4', 'low', 'push', 'Z2', 'Z2', 'flat')": {
    "slow down": -717.9781667843506,
    "keep going": -718.829603072863,
    "accelerate": -718.7147959844963
  },
  "('Z3', 'Z3', 'low', 'push', 'Z2', 'Z2', 'flat')": {
    "slow down": -720.1479421848945,
    "keep going": -720.8594527854214,
    "accelerate": -722.7752876616298
  },
  "('Z3', 'Z4', 'low', 'push', 'Z2', 'Z2', 'flat')": {
    "slow down": -720.151033457711,
    "keep going": -721.6981834257099,
    "accelerate": -721.6600991117044
  },
  "('Z3', 'Z3', 'low', 'push', 'Z2', 'Z2', 'uphill')": {
    "slow down": -719.3295624676167,
    "keep going": -721.036525700679,
    "accelerate": -721.6824033911337
  },
  "('Z3', 'Z2', 'low', 'push', 'Z2', 'Z2', 'uphill')": {
    "slow down": -718.8294542089911,
    "keep going": -718.807782209112,
    "accelerate": -718.8837787722937
  },
  "('Z3', 'Z3', 'low', 'push', 'Z2', 'Z2', 'downhill')": {
    "slow down": -719.776604658618,
    "keep going": -720.8807312712757,
    "accelerate": -721.4388704175464
  },
  "('Z4', 'Z5', 'low', 'push', 'Z2', 'Z2', 'flat')": {
    "slow down": -719.4330847010787,
    "keep going": -719.651021794281,
    "accelerate": -719.6164338971136
  },
  "('Z4', 'Z4', 'low', 'push', 'Z2', 'Z2', 'flat')": {
    "slow down": -717.1878136448902,
    "keep going": -718.8346412970479,
    "accelerate": -718.796326939483
  },
  "('Z4', 'Z3', 'low', 'push', 'Z2', 'Z2', 'uphill')": {
    "slow down": -699.7143622356881,
    "keep going": -700.1525536979457,
    "accelerate": -700.3789013113426
  },
  "('Z3', 'Z2', 'low', 'push', 'Z2', 'Z2', 'flat')": {
    "slow down": -721.2742494127596,
    "keep going": -719.8651282581686,
    "accelerate": -721.6817713956511
  },
  "('Z3', 'Z1', 'low', 'push', 'Z2', 'Z2', 'flat')": {
    "slow down": -720.8157784333952,
    "keep going": -720.8142192033258,
    "accelerate": -720.8018532841974
  },
  "('Z3', 'Z5', 'low', 'push', 'Z2', 'Z2', 'flat')": {
    "slow down": -720.6953657268514,
    "keep going": -720.1984549837296,
    "accelerate": -720.6608673632268
  },
  "('Z4', 'Z5', 'low', 'push', 'Z2', 'Z2', 'downhill')": {
    "slow down": -707.5021626864666,
    "keep going": -707.220364276166,
    "accelerate": -707.4830558079386
  },
  "('Z4', 'Z3', 'low', 'push', 'Z2', 'Z2', 'flat')": {
    "slow down": -717.6355608948874,
    "keep going": -717.7001117984197,
    "accelerate": -717.6301679413164
  },
  "('Z4', 'Z5', 'low', 'push', 'Z2', 'Z2', 'uphill')": {
    "slow down": -708.5205530229084,
    "keep going": -708.8993100302248,
    "accelerate": -708.2613930299625
  },
  "('Z4', 'Z2', 'low', 'push', 'Z2', 'Z2', 'flat')": {
    "slow down": -712.2476492006022,
    "keep going": -712.2461652011617,
    "accelerate": -712.0403527412226
  },
  "('Z2', 'Z1', 'low', 'push', 'Z2', 'Z2', 'uphill')": {
    "slow down": -720.5447320651729,
    "keep going": -720.8280335369171,
    "accelerate": -718.9255790411898
  },
  "('Z1', 'Z1', 'low', 'push', 'Z2', 'Z2', 'uphill')": {
    "slow down": -719.7991836220475,
    "keep going": -719.7738628860465,
    "accelerate": -719.7727012372172
  },
  "('Z1', 'Z2', 'low', 'push', 'Z2', 'Z2', 'uphill')": {
    "slow down": -707.9696460380216,
    "keep going": -718.7040027300119,
    "accelerate": -718.373194436143
  },
  "('Z2', 'Z2', 'low', 'push', 'Z2', 'Z2', 'downhill')": {
    "slow down": -721.1319847037663,
    "keep going": -719.6428627427999,
    "accelerate": -721.1216999393095
  },
  "('Z5', 'Z5', 'low', 'push', 'Z2', 'Z2', 'flat')": {
    "slow down": -714.5908527723668,
    "keep going": -714.6088418160734,
    "accelerate": -714.5084501169467
  },
  "('Z4', 'Z4', 'low', 'push', 'Z2', 'Z2', 'downhill')": {
    "slow down": -709.5422405445462,
    "keep going": -710.7449541760209,
    "accelerate": -710.9693188587709
  },
  "('Z2', 'Z3', 'low', 'push', 'Z2', 'Z2', 'uphill')": {
    "slow down": -720.0774255394157,
    "keep going": -720.8506141981934,
    "accelerate": -721.8606932304137
  },
  "('Z3', 'Z2', 'low', 'push', 'Z2', 'Z2', 'downhill')": {
    "slow down": -718.5824328770024,
    "keep going": -718.6962270607287,
    "accelerate": -718.5772800934292
  },
  "('Z3', 'Z4', 'low', 'push', 'Z2', 'Z2', 'uphill')": {
    "slow down": -716.0461373840865,
    "keep going": -716.1416948043311,
    "accelerate": -716.1787557662783
  },
  "('Z5', 'Z4', 'low', 'push', 'Z2', 'Z2', 'flat')": {
    "slow down": -710.4920857393529,
    "keep going": -710.0719970566439,
    "accelerate": -710.1264134666092
  },
  "('Z5', 'Z5', 'low', 'push', 'Z2', 'Z2', 'uphill')": {
    "slow down": -691.743774944434,
    "keep going": -692.3618263058275,
    "accelerate": -692.9472679010798
  },
  "('Z3', 'Z4', 'low', 'push', 'Z2', 'Z2', 'downhill')": {
    "slow down": -716.7350252810648,
    "keep going": -716.9681723997072,
    "accelerate": -716.7045078746538
  },
  "('Z3', 'Z1', 'low', 'push', 'Z2', 'Z2', 'uphill')": {
    "slow down": -693.2143378919845,
    "keep going": -694.1895684649047,
    "accelerate": -693.2236501631672
  },
  "('Z4', 'Z4', 'low', 'push', 'Z2', 'Z2', 'uphill')": {
    "slow down": -710.2388779236032,
    "keep going": -710.5308384503638,
    "accelerate": -710.6034704398195
  },
  "('Z3', 'Z1', 'low', 'push', 'Z2', 'Z2', 'downhill')": {
    "slow down": -697.2917409237521,
    "keep going": -698.1322136716356,
    "accelerate": -698.0905453431001
  },
  "('Z4', 'Z2', 'low', 'push', 'Z2', 'Z2', 'uphill')": {
    "slow down": -521.8926763989949,
    "keep going": -517.7366913860959,
    "accelerate": -517.8690023969634
  },
  "('Z4', 'Z3', 'low', 'push', 'Z2', 'Z2', 'downhill')": {
    "slow down": -701.0209074835378,
    "keep going": -700.6136793183017,
    "accelerate": -701.423955996979
  },
  "('Z2', 'Z4', 'low', 'push', 'Z2', 'Z2', 'downhill')": {
    "slow down": -672.485189088223,
    "keep going": -674.9386752687238,
    "accelerate": -674.1236457765908
  },
  "('Z5', 'Z5', 'low', 'push', 'Z2', 'Z2', 'downhill')": {
    "slow down": -692.2095664140436,
    "keep going": -691.5102241527882,
    "accelerate": -691.7637648084666
  },
  "('Z3', 'Z5', 'low', 'push', 'Z2', 'Z2', 'downhill')": {
    "slow down": -703.185852494501,
    "keep going": -704.0001607362047,
    "accelerate": -703.193365797474
  },
  "('Z5', 'Z4', 'low', 'push', 'Z2', 'Z2', 'uphill')": {
    "slow down": -555.3496117228199,
    "keep going": -551.5956206008784,
    "accelerate": -557.2781168407199
  },
  "('Z3', 'Z5', 'low', 'push', 'Z2', 'Z2', 'uphill')": {
    "slow down": -701.053165151793,
    "keep going": -700.7250967853838,
    "accelerate": -701.6087318738187
  },
  "('Z1', 'Z1', 'low', 'push', 'Z3', 'Z3', 'flat')": {
    "slow down": -684.7017027879472,
    "keep going": -683.8201072850841,
    "accelerate": -676.9241011801868
  },
  "('Z1', 'Z2', 'low', 'push', 'Z3', 'Z3', 'flat')": {
    "slow down": -681.336787327998,
    "keep going": -681.1411893361543,
    "accelerate": -681.4717245965833
  },
  "('Z2', 'Z2', 'low', 'push', 'Z3', 'Z3', 'flat')": {
    "slow down": -677.9563148187774,
    "keep going": -676.3546663104181,
    "accelerate": -676.27240180124
  },
  "('Z2', 'Z3', 'low', 'push', 'Z3', 'Z3', 'flat')": {
    "slow down": -685.3451023641204,
    "keep going": -685.1745270226569,
    "accelerate": -675.2381187876831
  },
  "('Z3', 'Z4', 'low', 'push', 'Z3', 'Z3', 'flat')": {
    "slow down": -671.877401522277,
    "keep going": -684.4360868152336,
    "accelerate": -685.6899692974988
  },
  "('Z3', 'Z3', 'low', 'push', 'Z3', 'Z3', 'flat')": {
    "slow down": -677.0876521575151,
    "keep going": -677.4093947523843,
    "accelerate": -679.204107796294
  },
  "('Z3', 'Z2', 'low', 'push', 'Z3', 'Z3', 'flat')": {
    "slow down": -685.2024594381252,
    "keep going": -682.604192680909,
    "accelerate": -640.703813426095
  },
  "('Z2', 'Z1', 'low', 'push', 'Z3', 'Z3', 'flat')": {
    "slow down": -686.622570626118,
    "keep going": -687.3143177432008,
    "accelerate": -674.7376162570474
  },
  "('Z3', 'Z5', 'low', 'push', 'Z3', 'Z3', 'flat')": {
    "slow down": -680.9450864350623,
    "keep going": -686.194518050248,
    "accelerate": -686.3675143593217
  },
  "('Z4', 'Z4', 'low', 'push', 'Z3', 'Z3', 'flat')": {
    "slow down": -679.7511811244557,
    "keep going": -682.3336207039653,
    "accelerate": -686.1221019975328
  },
  "('Z4', 'Z5', 'low', 'push', 'Z3', 'Z3', 'flat')": {
    "slow down": -680.938080999857,
    "keep going": -689.723194538802,
    "accelerate": -690.0124457675157
  },
  "('Z4', 'Z3', 'low', 'push', 'Z3', 'Z3', 'flat')": {
    "slow down": -686.5588983210138,
    "keep going": -678.0691956604435,
    "accelerate": -687.5364797699359
  },
  "('Z2', 'Z4', 'low', 'push', 'Z3', 'Z3', 'flat')": {
    "slow down": -678.9219341870528,
    "keep going": -674.5506822703226,
    "accelerate": -679.4314502809866
  },
  "('Z5', 'Z5', 'low', 'push', 'Z3', 'Z3', 'flat')": {
    "slow down": -679.8990773694724,
    "keep going": -680.1596129035756,
    "accelerate": -680.115426886029
  },
  "('Z4', 'Z2', 'low', 'push', 'Z3', 'Z3', 'flat')": {
    "slow down": -640.0470487209891,
    "keep going": -653.8592879766876,
    "accelerate": -653.3883820878174
  },
  "('Z3', 'Z1', 'low', 'push', 'Z3', 'Z3', 'flat')": {
    "slow down": -686.1099918303502,
    "keep going": -686.167441218111,
    "accelerate": -685.4867108264888
  },
  "('Z5', 'Z4', 'low', 'push', 'Z3', 'Z3', 'flat')": {
    "slow down": -672.7408448356832,
    "keep going": -672.9903601870548,
    "accelerate": -672.7786005113954
  },
  "('Z3', 'Z3', 'low', 'cooldown', 'Z1', 'Z1', 'flat')": {
    "slow down": 0.0,
    "keep going": 0.0,
    "accelerate": 0.0
  },
  "('Z2', 'Z3', 'low', 'warmup', 'Z1', 'Z1', 'flat')": {
    "slow down": -508.24385458488564,
    "keep going": -284.9014732323767,
    "accelerate": -543.8542849213687
  },
  "('Z2', 'Z2', 'low', 'warmup', 'Z1', 'Z1', 'uphill')": {
    "slow down": -536.4879902342717,
    "keep going": -514.0796504028048,
    "accelerate": -278.7213399818099
  },
  "('Z2', 'Z1', 'low', 'warmup', 'Z1', 'Z1', 'flat')": {
    "slow down": -211.39710042012118,
    "keep going": -497.7230501217807,
    "accelerate": -502.0757346257828
  },
  "('Z2', 'Z2', 'low', 'warmup', 'Z1', 'Z1', 'flat')": {
    "slow down": -221.60160831890107,
    "keep going": -514.7557608507113,
    "accelerate": -547.2648901366825
  },
  "('Z2', 'Z4', 'low', 'warmup', 'Z1', 'Z1', 'flat')": {
    "slow down": -539.9856948725067,
    "keep going": -540.1119151701664,
    "accelerate": -539.6889436631999
  },
  "('Z2', 'Z3', 'low', 'warmup', 'Z1', 'Z1', 'uphill')": {
    "slow down": -516.554780656256,
    "keep going": -303.2382676782619,
    "accelerate": -531.6344294546345
  },
  "('Z2', 'Z2', 'low', 'warmup', 'Z1', 'Z1', 'downhill')": {
    "slow down": -543.6514555967035,
    "keep going": -513.741301628219,
    "accelerate": -272.50546943929504
  },
  "('Z2', 'Z1', 'low', 'warmup', 'Z1', 'Z1', 'downhill')": {
    "slow down": -524.27348106681,
    "keep going": -219.71096627122859,
    "accelerate": -542.5251366624291
  },
  "('Z3', 'Z4', 'low', 'warmup', 'Z1', 'Z1', 'flat')": {
    "slow down": -549.2453784292546,
    "keep going": -552.0985223287465,
    "accelerate": -546.1283396744998
  },
  "('Z3', 'Z4', 'low', 'warmup', 'Z1', 'Z1', 'uphill')": {
    "slow down": -532.2417272006287,
    "keep going": -532.1018917680618,
    "accelerate": -531.8476646926781
  },
  "('Z3', 'Z3', 'low', 'warmup', 'Z1', 'Z1', 'flat')": {
    "slow down": -256.8821067631842,
    "keep going": -516.9218310734461,
    "accelerate": -548.3326262585149
  },
  "('Z3', 'Z2', 'low', 'warmup', 'Z1', 'Z1', 'uphill')": {
    "slow down": -527.243098719614,
    "keep going": -527.6404914349957,
    "accelerate": -526.7330450712949
  },
  "('Z4', 'Z5', 'low', 'warmup', 'Z1', 'Z1', 'flat')": {
    "slow down": -538.8530102039284,
    "keep going": -546.3376763407532,
    "accelerate": -538.9038747522847
  },
  "('Z4', 'Z4', 'low', 'warmup', 'Z1', 'Z1', 'uphill')": {
    "slow down": -523.8831288914147,
    "keep going": -523.2805507517002,
    "accelerate": -524.0963845215091
  },
  "('Z4', 'Z3', 'low', 'warmup', 'Z1', 'Z1', 'flat')": {
    "slow down": -524.2886569903233,
    "keep going": -534.367830223729,
    "accelerate": -534.1528929620666
  },
  "('Z3', 'Z2', 'low', 'warmup', 'Z1', 'Z1', 'flat')": {
    "slow down": -504.66749538106114,
    "keep going": -546.7469990063192,
    "accelerate": -546.8835356695546
  },
  "('Z3', 'Z1', 'low', 'warmup', 'Z1', 'Z1', 'flat')": {
    "slow down": -542.9997209514158,
    "keep going": -542.7837193441525,
    "accelerate": -518.9007455372894
  },
  "('Z3', 'Z3', 'low', 'warmup', 'Z1', 'Z1', 'uphill')": {
    "slow down": -388.4388105950941,
    "keep going": -520.9665381140429,
    "accelerate": -535.5422368673403
  },
  "('Z2', 'Z3', 'low', 'warmup', 'Z1', 'Z1', 'downhill')": {
    "slow down": -249.8588764808061,
    "keep going": -536.1948525264246,
    "accelerate": -536.1713441393837
  },
  "('Z3', 'Z4', 'low', 'warmup', 'Z1', 'Z1', 'downhill')": {
    "slow down": -535.5698111369197,
    "keep going": -535.1877206624341,
    "accelerate": -535.1552048075881
  },
  "('Z4', 'Z5', 'low', 'warmup', 'Z1', 'Z1', 'downhill')": {
    "slow down": -526.536781730706,
    "keep going": -526.6807830550276,
    "accelerate": -526.0758866047072
  },
  "('Z4', 'Z4', 'low', 'warmup', 'Z1', 'Z1', 'flat')": {
    "slow down": -533.3891508965653,
    "keep going": -537.5354344979359,
    "accelerate": -538.8613183105186
  },
  "('Z4', 'Z3', 'low', 'warmup', 'Z1', 'Z1', 'downhill')": {
    "slow down": -516.2766571291571,
    "keep going": -515.14907000175,
    "accelerate": -516.8757856494234
  },
  "('Z3', 'Z3', 'low', 'warmup', 'Z1', 'Z1', 'downhill')": {
    "slow down": -354.52740376880075,
    "keep going": -540.7013967422778,
    "accelerate": -540.6369660252882
  },
  "('Z3', 'Z2', 'low', 'warmup', 'Z1', 'Z1', 'downhill')": {
    "slow down": -534.1413429541337,
    "keep going": -534.6487819706015,
    "accelerate": -534.3062171239382
  },
  "('Z3', 'Z5', 'low', 'warmup', 'Z1', 'Z1', 'flat')": {
    "slow down": -541.9490992322549,
    "keep going": -538.597305350307,
    "accelerate": -542.5834608615539
  },
  "('Z4', 'Z4', 'low', 'warmup', 'Z1', 'Z1', 'downhill')": {
    "slow down": -526.2656021296162,
    "keep going": -526.7028754745899,
    "accelerate": -527.3687009154713
  },
  "('Z4', 'Z2', 'low', 'warmup', 'Z1', 'Z1', 'flat')": {
    "slow down": -508.4796084832474,
    "keep going": -511.1361616246549,
    "accelerate": -506.68622188537523
  },
  "('Z2', 'Z1', 'low', 'warmup', 'Z1', 'Z1', 'uphill')": {
    "slow down": -532.6804998906356,
    "keep going": -224.24912850453407,
    "accelerate": -527.4318506902795
  },
  "('Z5', 'Z5', 'low', 'warmup', 'Z1', 'Z1', 'flat')": {
    "slow down": -524.4638625252827,
    "keep going": -525.0277562427106,
    "accelerate": -525.3368070560034
  },
  "('Z5', 'Z5', 'low', 'warmup', 'Z1', 'Z1', 'uphill')": {
    "slow down": -501.172969795336,
    "keep going": -501.4144459838003,
    "accelerate": -502.2439597340976
  },
  "('Z4', 'Z3', 'low', 'warmup', 'Z1', 'Z1', 'uphill')": {
    "slow down": -504.6877177794264,
    "keep going": -503.86554515055974,
    "accelerate": -503.000221331261
  },
  "('Z3', 'Z5', 'low', 'warmup', 'Z1', 'Z1', 'uphill')": {
    "slow down": -502.05460208841015,
    "keep going": -503.34583998554854,
    "accelerate": -503.1048432554975
  },
  "('Z4', 'Z5', 'low', 'warmup', 'Z1', 'Z1', 'uphill')": {
    "slow down": -521.7406421049807,
    "keep going": -522.318261135965,
    "accelerate": -521.5057782036141
  },
  "('Z2', 'Z4', 'low', 'warmup', 'Z1', 'Z1', 'uphill')": {
    "slow down": -494.9037711053515,
    "keep going": -495.06323155642093,
    "accelerate": -495.3091306109518
  },
  "('Z4', 'Z2', 'low', 'push', 'Z2', 'Z2', 'downhill')": {
    "slow down": -551.653825718443,
    "keep going": -550.44394226778,
    "accelerate": -551.0029983869019
  },
  "('Z2', 'Z4', 'low', 'push', 'Z2', 'Z2', 'uphill')": {
    "slow down": -663.6065206475571,
    "keep going": -663.1645790111729,
    "accelerate": -662.9752116951157
  },
  "('Z5', 'Z4', 'low', 'push', 'Z2', 'Z2', 'downhill')": {
    "slow down": -552.9377325883431,
    "keep going": -548.4105839566765,
    "accelerate": -545.0237388364667
  },
  "('Z3', 'Z4', 'low', 'cooldown', 'Z1', 'Z1', 'flat')": {
    "slow down": 0.0,
    "keep going": 0.0,
    "accelerate": 0.0
  },
  "('Z5', 'Z4', 'low', 'warmup', 'Z1', 'Z1', 'flat')": {
    "slow down": -507.9109853398353,
    "keep going": -507.5887351031518,
    "accelerate": -507.09484199502526
  },
  "('Z3', 'Z1', 'low', 'warmup', 'Z1', 'Z1', 'uphill')": {
    "slow down": -494.35723514245007,
    "keep going": -495.95423656202087,
    "accelerate": -497.0000722113898
  },
  "('Z2', 'Z4', 'low', 'warmup', 'Z1', 'Z1', 'downhill')": {
    "slow down": -512.2036414927877,
    "keep going": -512.0513841532423,
    "accelerate": -512.9184823890364
  },
  "('Z5', 'Z4', 'low', 'warmup', 'Z1', 'Z1', 'downhill')": {
    "slow down": -369.30832457588417,
    "keep going": -369.7473052085386,
    "accelerate": -372.1711881073681
  },
  "('Z3', 'Z1', 'low', 'warmup', 'Z1', 'Z1', 'downhill')": {
    "slow down": -509.13964542854126,
    "keep going": -509.82213235204625,
    "accelerate": -507.9732115803977
  },
  "('Z3', 'Z5', 'low', 'warmup', 'Z1', 'Z1', 'downhill')": {
    "slow down": -523.3357932130654,
    "keep going": -521.8360298824779,
    "accelerate": -522.8282555220917
  },
  "('Z2', 'Z4', 'low', 'cooldown', 'Z1', 'Z1', 'flat')": {
    "slow down": 0.0,
    "keep going": 0.0,
    "accelerate": 0.0
  },
  "('Z4', 'Z2', 'low', 'warmup', 'Z1', 'Z1', 'uphill')": {
    "slow down": -358.87259166849316,
    "keep going": -356.22221656324524,
    "accelerate": -357.3070004030972
  },
  "('Z5', 'Z4', 'low', 'warmup', 'Z1', 'Z1', 'uphill')": {
    "slow down": -369.4227252226657,
    "keep going": -368.44285320964246,
    "accelerate": -365.4940848097147
  },
  "('Z3', 'Z5', 'low', 'cooldown', 'Z1', 'Z1', 'flat')": {
    "slow down": 0.0,
    "keep going": 0.0,
    "accelerate": 0.0
  },
  "('Z5', 'Z5', 'low', 'warmup', 'Z1', 'Z1', 'downhill')": {
    "slow down": -506.1409106649681,
    "keep going": -505.9468016459659,
    "accelerate": -506.86310326476865
  },
  "('Z4', 'Z2', 'low', 'warmup', 'Z1', 'Z1', 'downhill')": {
    "slow down": -411.4720792841477,
    "keep going": -410.8379954906273,
    "accelerate": -405.80611259151397
  },
  "('Z3', 'Z2', 'low', 'cooldown', 'Z1', 'Z1', 'flat')": {
    "slow down": 0.0,
    "keep going": 0.0,
    "accelerate": 0.0
  },
  "('Z4', 'Z5', 'low', 'cooldown', 'Z1', 'Z1', 'flat')": {
    "slow down": 0.0,
    "keep going": 0.0,
    "accelerate": 0.0
  },
  "('Z2', 'Z3', 'low', 'cooldown', 'Z1', 'Z1', 'flat')": {
    "slow down": 0.0,
    "keep going": 0.0,
    "accelerate": 0.0
  },
  "('Z2', 'Z1', 'low', 'cooldown', 'Z1', 'Z1', 'flat')": {
    "slow down": 0.0,
    "keep going": 0.0,
    "accelerate": 0.0
  },
  "('Z5', 'Z4', 'low', 'cooldown', 'Z1', 'Z1', 'flat')": {
    "slow down": 0.0,
    "keep going": 0.0,
    "accelerate": 0.0
  },
  "('Z2', 'Z2', 'low', 'cooldown', 'Z1', 'Z1', 'flat')": {
    "slow down": 0.0,
    "keep going": 0.0,
    "accelerate": 0.0
  },
  "('Z5', 'Z5', 'low', 'cooldown', 'Z1', 'Z1', 'flat')": {
    "slow down": 0.0,
    "keep going": 0.0,
    "accelerate": 0.0
  },
  "('Z4', 'Z4', 'low', 'cooldown', 'Z1', 'Z1', 'flat')": {
    "slow down": 0.0,
    "keep going": 0.0,
    "accelerate": 0.0
  },
  "('Z1', 'Z1', 'low', 'cooldown', 'Z1', 'Z1', 'flat')": {
    "slow down": 0.0,
    "keep going": 0.0,
    "accelerate": 0.0
  },
  "('Z4', 'Z3', 'low', 'cooldown', 'Z1', 'Z1', 'flat')": {
    "slow down": 0.0,
    "keep going": 0.0,
    "accelerate": 0.0
  },
  "('Z4', 'Z2', 'low', 'cooldown', 'Z1', 'Z1', 'flat')": {
    "slow down": 0.0,
    "keep going": 0.0,
    "accelerate": 0.0
  },
  "('Z3', 'Z1', 'low', 'cooldown', 'Z1', 'Z1', 'flat')": {
    "slow down": 0.0,
    "keep going": 0.0,
    "accelerate": 0.0
  },
  "('Z1', 'Z2', 'low', 'cooldown', 'Z1', 'Z1', 'flat')": {
    "slow down": 0.0,
    "keep going": 0.0,
    "accelerate": 0.0
  }
}