{
  "('Z1', 'Z1', 'low', 'warmup', 'Z1', 'Z1', 'flat')": {
    "slow down": 3.597257648415024,
    "keep going": -38.76561191620039,
    "accelerate": -34.79562657960213
  },
  "('Z1', 'Z1', 'low', 'warmup', 'Z1', 'Z1', 'downhill')": {
    "slow down": 35.7988603120833,
    "keep going": -28.176245822946886,
    "accelerate": -35.14660869866172
  },
  "('Z1', 'Z2', 'low', 'warmup', 'Z1', 'Z1', 'flat')": {
    "slow down": -17.891085211285287,
    "keep going": -218.62184423099288,
    "accelerate": -267.9847674571186
  },
  "('Z1', 'Z1', 'low', 'warmup', 'Z1', 'Z1', 'uphill')": {
    "slow down": -50.33709441418056,
    "keep going": 35.18607201502552,
    "accelerate": -42.89421510559995
  },
  "('Z1', 'Z2', 'low', 'warmup', 'Z1', 'Z1', 'uphill')": {
    "slow down": 0.8874772343151911,
    "keep going": -332.20082545343894,
    "accelerate": -332.8212946937039
  },
  "('Z1', 'Z2', 'low', 'warmup', 'Z1', 'Z1', 'downhill')": {
    "slow down": -9.373781989693402,
    "keep going": -353.21534541367816,
    "accelerate": -347.2883534459841
  },
  "('Z2', 'Z3', 'low', 'warmup', 'Z1', 'Z1', 'flat')": {
    "slow down": -169.93701158468727,
    "keep going": -412.8010741302357,
    "accelerate": -435.24764928776904
  },
  "('Z2', 'Z2', 'low', 'warmup', 'Z1', 'Z1', 'flat')": {
    "slow down": -53.40880004772316,
    "keep going": -271.6349399235441,
    "accelerate": -294.5917430916859
  },
  "('Z2', 'Z2', 'low', 'warmup', 'Z1', 'Z1', 'downhill')": {
    "slow down": -402.17467836191037,
    "keep going": -382.06725756715406,
    "accelerate": -227.90427176986012
  },
  "('Z2', 'Z1', 'low', 'warmup', 'Z1', 'Z1', 'flat')": {
    "slow down": -126.81023917496837,
    "keep going": -367.64486509736065,
    "accelerate": -379.5690976759367
  },
  "('Z1', 'Z1', 'low', 'push', 'Z3', 'Z3', 'flat')": {
    "slow down": -718.2295150468976,
    "keep going": -718.3032251133683,
    "accelerate": -698.9866873851406
  },
  "('Z1', 'Z2', 'low', 'push', 'Z3', 'Z3', 'flat')": {
    "slow down": -707.5629276259444,
    "keep going": -699.5096455799159,
    "accelerate": -713.2793391591741
  },
  "('Z2', 'Z2', 'low', 'push', 'Z3', 'Z3', 'downhill')": {
    "slow down": -720.8910239479122,
    "keep going": -720.8987989683343,
    "accelerate": -720.893045160991
  },
  "('Z2', 'Z3', 'low', 'push', 'Z3', 'Z3', 'flat')": {
    "slow down": -720.8643260852724,
    "keep going": -721.4096433008766,
    "accelerate": -712.946360319844
  },
  "('Z2', 'Z4', 'low', 'push', 'Z3', 'Z3', 'uphill')": {
    "slow down": -682.2253266949731,
    "keep going": -683.889673480459,
    "accelerate": -683.293417889797
  },
  "('Z3', 'Z5', 'low', 'push', 'Z3', 'Z3', 'downhill')": {
    "slow down": -711.9603999095017,
    "keep going": -712.2056849534815,
    "accelerate": -712.3381849466654
  },
  "('Z3', 'Z4', 'low', 'push', 'Z3', 'Z3', 'flat')": {
    "slow down": -720.6791602520527,
    "keep going": -722.3926629179174,
    "accelerate": -722.4472509697252
  },
  "('Z4', 'Z5', 'low', 'push', 'Z3', 'Z3', 'flat')": {
    "slow down": -718.3672236569794,
    "keep going": -721.3376774627424,
    "accelerate": -721.5556196801732
  },
  "('Z4', 'Z4', 'low', 'push', 'Z3', 'Z3', 'flat')": {
    "slow down": -721.7603588068642,
    "keep going": -721.9714102670407,
    "accelerate": -721.9589630607717
  },
  "('Z4', 'Z3', 'low', 'push', 'Z3', 'Z3', 'flat')": {
    "slow down": -721.4529565955444,
    "keep going": -721.6255283817078,
    "accelerate": -721.9492931603545
  },
  "('Z3', 'Z2', 'low', 'push', 'Z3', 'Z3', 'flat')": {
    "slow down": -722.2800171578854,
    "keep going": -722.4223880039791,
    "accelerate": -721.3899499827669
  },
  "('Z3', 'Z1', 'low', 'push', 'Z3', 'Z3', 'flat')": {
    "slow down": -720.6757116067663,
    "keep going": -720.742591995001,
    "accelerate": -719.6048809398058
  },
  "('Z2', 'Z1', 'low', 'push', 'Z3', 'Z3', 'flat')": {
    "slow down": -721.1692073220511,
    "keep going": -721.1387362071674,
    "accelerate": -720.1014510774136
  },
  "('Z2', 'Z2', 'low', 'push', 'Z3', 'Z3', 'flat')": {
    "slow down": -722.2219040525905,
    "keep going": -722.1611804435972,
    "accelerate": -720.2909866836864
  },
  "('Z2', 'Z1', 'low', 'push', 'Z3', 'Z3', 'uphill')": {
    "slow down": -719.4913726535619,
    "keep going": -719.6625261691363,
    "accelerate": -719.5349697655244
  },
  "('Z1', 'Z1', 'low', 'push', 'Z3', 'Z3', 'uphill')": {
    "slow down": -715.7767565366274,
    "keep going": -715.9995487352816,
    "accelerate": -715.8164815001754
  },
  "('Z2', 'Z2', 'low', 'push', 'Z3', 'Z3', 'uphill')": {
    "slow down": -720.8984993524598,
    "keep going": -720.8343839099293,
    "accelerate": -720.2608436338534
  },
  "('Z1', 'Z2', 'low', 'push', 'Z3', 'Z3', 'downhill')": {
    "slow down": -692.5478818266873,
    "keep going": -692.1761422887008,
    "accelerate": -692.6722383342167
  },
  "('Z2', 'Z3', 'low', 'push', 'Z3', 'Z3', 'downhill')": {
    "slow down": -719.5555078531175,
    "keep going": -719.5247538683627,
    "accelerate": -719.501482449166
  },
  "('Z2', 'Z4', 'low', 'push', 'Z3', 'Z3', 'flat')": {
    "slow down": -708.6705346125003,
    "keep going": -718.8398287258728,
    "accelerate": -719.0285519152122
  },
  "('Z3', 'Z3', 'low', 'push', 'Z3', 'Z3', 'flat')": {
    "slow down": -722.1229715509364,
    "keep going": -716.5629745199751,
    "accelerate": -722.0271397929637
  },
  "('Z2', 'Z3', 'low', 'push', 'Z3', 'Z3', 'uphill')": {
    "slow down": -719.3034351504016,
    "keep going": -718.8207617038195,
    "accelerate": -719.4327411161127
  },
  "('Z3', 'Z3', 'low', 'push', 'Z3', 'Z3', 'uphill')": {
    "slow down": -721.6380519141728,
    "keep going": -720.0411828876407,
    "accelerate": -721.5405414756158
  },
  "('Z3', 'Z3', 'low', 'push', 'Z3', 'Z3', 'downhill')": {
    "slow down": -721.7497775394235,
    "keep going": -719.9044733452843,
    "accelerate": -721.717619939303
  },
  "('Z3', 'Z4', 'low', 'push', 'Z3', 'Z3', 'uphill')": {
    "slow down": -721.0103611136825,
    "keep going": -721.0216882518833,
    "accelerate": -720.90825457509
  },
  "('Z5', 'Z5', 'low', 'push', 'Z3', 'Z3', 'flat')": {
    "slow down": -715.8614482662833,
    "keep going": -717.2819065855671,
    "accelerate": -717.2884477709448
  },
  "('Z3', 'Z2', 'low', 'push', 'Z3', 'Z3', 'downhill')": {
    "slow down": -720.984139649032,
    "keep going": -721.0142219774807,
    "accelerate": -720.159978932475
  },
  "('Z3', 'Z2', 'low', 'push', 'Z3', 'Z3', 'uphill')": {
    "slow down": -721.0587003833283,
    "keep going": -721.0192761362774,
    "accelerate": -721.0761607353159
  },
  "('Z3', 'Z4', 'low', 'push', 'Z3', 'Z3', 'downhill')": {
    "slow down": -720.8952191043468,
    "keep going": -720.8792209445896,
    "accelerate": -720.2476601997953
  },
  "('Z3', 'Z5', 'low', 'push', 'Z3', 'Z3', 'flat')": {
    "slow down": -717.8858141947044,
    "keep going": -720.7472127234817,
    "accelerate": -720.7152843951926
  },
  "('Z4', 'Z4', 'low', 'push', 'Z3', 'Z3', 'downhill')": {
    "slow down": -720.3994438022979,
    "keep going": -720.4198770350099,
    "accelerate": -720.3148080620728
  },
  "('Z4', 'Z3', 'low', 'push', 'Z3', 'Z3', 'uphill')": {
    "slow down": -719.9251446517391,
    "keep going": -720.0173870685256,
    "accelerate": -720.0611692322143
  },
  "('Z4', 'Z5', 'low', 'push', 'Z3', 'Z3', 'uphill')": {
    "slow down": -718.8624390939622,
    "keep going": -718.7772235258614,
    "accelerate": -718.8755353305089
  },
  "('Z4', 'Z2', 'low', 'push', 'Z3', 'Z3', 'flat')": {
    "slow down": -719.1525781969638,
    "keep going": -719.2465997691947,
    "accelerate": -718.5191360088621
  },
  "('Z4', 'Z4', 'low', 'push', 'Z3', 'Z3', 'uphill')": {
    "slow down": -720.684534020488,
    "keep going": -720.6920877967927,
    "accelerate": -720.5925556063668
  },
  "('Z4', 'Z5', 'low', 'push', 'Z3', 'Z3', 'downhill')": {
    "slow down": -718.0875961409268,
    "keep going": -718.1534115229832,
    "accelerate": -718.3704340944798
  },
  "('Z4', 'Z2', 'low', 'push', 'Z3', 'Z3', 'downhill')": {
    "slow down": -667.6131913021163,
    "keep going": -665.4949630131404,
    "accelerate": -666.514950087366
  },
  "('Z5', 'Z4', 'low', 'push', 'Z3', 'Z3', 'flat')": {
    "slow down": -714.3153749115885,
    "keep going": -714.1929864543177,
    "accelerate": -714.4596771032942
  },
  "('Z3', 'Z2', 'low', 'push', 'Z4', 'Z4', 'flat')": {
    "slow down": -641.4484460493481,
    "keep going": -645.7066598521868,
    "accelerate": -646.1496988332296
  },
  "('Z3', 'Z1', 'low', 'push', 'Z4', 'Z4', 'uphill')": {
    "slow down": -618.835920689848,
    "keep going": -619.5386610411987,
    "accelerate": -619.1397699733944
  },
  "('Z2', 'Z1', 'low', 'push', 'Z4', 'Z4', 'flat')": {
    "slow down": -646.0727531861085,
    "keep going": -646.3754772069772,
    "accelerate": -639.6222293003041
  },
  "('Z2', 'Z2', 'low', 'push', 'Z4', 'Z4', 'flat')": {
    "slow down": -647.2255893610535,
    "keep going": -644.2893907433845,
    "accelerate": -637.8677724810009
  },
  "('Z2', 'Z1', 'low', 'push', 'Z4', 'Z4', 'uphill')": {
    "slow down": -632.4710858793408,
    "keep going": -632.3988458699384,
    "accelerate": -632.7166852751462
  },
  "('Z2', 'Z3', 'low', 'push', 'Z4', 'Z4', 'flat')": {
    "slow down": -645.9114666168446,
    "keep going": -646.1651308854105,
    "accelerate": -637.0001212517492
  },
  "('Z3', 'Z4', 'low', 'push', 'Z4', 'Z4', 'flat')": {
    "slow down": -643.1651208469725,
    "keep going": -631.7299102843942,
    "accelerate": -641.2748796937651
  },
  "('Z3', 'Z3', 'low', 'push', 'Z4', 'Z4', 'flat')": {
    "slow down": -643.8201198010687,
    "keep going": -646.0788615810611,
    "accelerate": -637.2144049222233
  },
  "('Z3', 'Z2', 'low', 'push', 'Z4', 'Z4', 'uphill')": {
    "slow down": -637.6671478141719,
    "keep going": -637.4847878639029,
    "accelerate": -637.4903756127236
  },
  "('Z3', 'Z1', 'low', 'push', 'Z4', 'Z4', 'flat')": {
    "slow down": -642.0496892844398,
    "keep going": -640.9809272581194,
    "accelerate": -641.9093107293984
  },
  "('Z1', 'Z1', 'low', 'push', 'Z4', 'Z4', 'flat')": {
    "slow down": -645.9463880957602,
    "keep going": -645.8934286507609,
    "accelerate": -642.7850531792703
  },
  "('Z1', 'Z2', 'low', 'push', 'Z4', 'Z4', 'flat')": {
    "slow down": -635.3757083736468,
    "keep going": -635.1873696788368,
    "accelerate": -634.5422177832978
  },
  "('Z2', 'Z4', 'low', 'push', 'Z4', 'Z4', 'flat')": {
    "slow down": -631.0893010031898,
    "keep going": -630.7695394512474,
    "accelerate": -628.1684413622667
  },
  "('Z3', 'Z5', 'low', 'push', 'Z4', 'Z4', 'flat')": {
    "slow down": -642.8843313278693,
    "keep going": -624.9322608608893,
    "accelerate": -641.8343513434558
  },
  "('Z4', 'Z5', 'low', 'push', 'Z4', 'Z4', 'flat')": {
    "slow down": -588.0725905362405,
    "keep going": -641.1685636205702,
    "accelerate": -641.5384082384855
  },
  "('Z4', 'Z4', 'low', 'push', 'Z4', 'Z4', 'flat')": {
    "slow down": -646.0999348876604,
    "keep going": -630.713692001012,
    "accelerate": -640.1215558075259
  },
  "('Z4', 'Z3', 'low', 'push', 'Z4', 'Z4', 'flat')": {
    "slow down": -641.0134603352482,
    "keep going": -647.9661069076687,
    "accelerate": -646.9959287831946
  },
  "('Z3', 'Z3', 'low', 'push', 'Z4', 'Z4', 'downhill')": {
    "slow down": -639.5740695743896,
    "keep going": -639.9210166968146,
    "accelerate": -636.6185318653492
  },
  "('Z5', 'Z5', 'low', 'push', 'Z4', 'Z4', 'downhill')": {
    "slow down": -638.4391942061741,
    "keep going": -640.584160594984,
    "accelerate": -640.4604934538257
  },
  "('Z5', 'Z5', 'low', 'push', 'Z4', 'Z4', 'flat')": {
    "slow down": -643.1983533251472,
    "keep going": -645.1353762938236,
    "accelerate": -645.2073296933785
  },
  "('Z5', 'Z4', 'low', 'push', 'Z4', 'Z4', 'flat')": {
    "slow down": -646.9452219620127,
    "keep going": -643.3953667418949,
    "accelerate": -647.5870378515884
  },
  "('Z4', 'Z2', 'low', 'push', 'Z4', 'Z4', 'flat')": {
    "slow down": -637.2626216072237,
    "keep going": -637.6597576603183,
    "accelerate": -633.5581645755371
  },
  "('Z3', 'Z4', 'low', 'push', 'Z4', 'Z4', 'downhill')": {
    "slow down": -638.3933865759632,
    "keep going": -638.4140311045871,
    "accelerate": -620.6520013633066
  },
  "('Z4', 'Z4', 'low', 'push', 'Z4', 'Z4', 'uphill')": {
    "slow down": -640.3859383425674,
    "keep going": -640.4659308023158,
    "accelerate": -620.305234990628
  },
  "('Z2', 'Z2', 'low', 'push', 'Z4', 'Z4', 'uphill')": {
    "slow down": -636.9494094055984,
    "keep going": -639.255880618191,
    "accelerate": -639.0923504521031
  },
  "('Z4', 'Z3', 'low', 'push', 'Z3', 'Z3', 'downhill')": {
    "slow down": -718.9396041736273,
    "keep going": -718.8647636240586,
    "accelerate": -718.8701709516417
  },
  "('Z2', 'Z1', 'low', 'push', 'Z3', 'Z3', 'downhill')": {
    "slow down": -719.6058366508241,
    "keep going": -719.662663258827,
    "accelerate": -719.6926527912015
  },
  "('Z2', 'Z1', 'low', 'push', 'Z4', 'Z4', 'downhill')": {
    "slow down": -637.7696220187788,
    "keep going": -637.7858920941624,
    "accelerate": -638.040659152395
  },
  "('Z2', 'Z3', 'low', 'push', 'Z4', 'Z4', 'downhill')": {
    "slow down": -628.3902692983237,
    "keep going": -628.1500370939929,
    "accelerate": -627.8568385668351
  },
  "('Z4', 'Z4', 'low', 'push', 'Z4', 'Z4', 'downhill')": {
    "slow down": -640.6886283062782,
    "keep going": -640.4254115394358,
    "accelerate": -622.6199708660159
  },
  "('Z3', 'Z1', 'low', 'push', 'Z4', 'Z4', 'downhill')": {
    "slow down": -613.3340113556503,
    "keep going": -614.5375085675583,
    "accelerate": -614.5902108674708
  },
  "('Z2', 'Z4', 'low', 'push', 'Z4', 'Z4', 'uphill')": {
    "slow down": -500.69558234123684,
    "keep going": -497.8706249785396,
    "accelerate": -501.6163786349496
  },
  "('Z4', 'Z5', 'low', 'push', 'Z4', 'Z4', 'downhill')": {
    "slow down": -637.8213969869315,
    "keep going": -637.6863930050351,
    "accelerate": -631.6326726300241
  },
  "('Z3', 'Z2', 'low', 'push', 'Z4', 'Z4', 'downhill')": {
    "slow down": -637.8703049153899,
    "keep going": -637.9263017717042,
    "accelerate": -638.0436438542005
  },
  "('Z1', 'Z2', 'low', 'push', 'Z4', 'Z4', 'uphill')": {
    "slow down": -478.7823573557163,
    "keep going": -473.769029022548,
    "accelerate": -474.6929189347462
  },
  "('Z3', 'Z4', 'low', 'push', 'Z4', 'Z4', 'uphill')": {
    "slow down": -637.5918132445616,
    "keep going": -637.2022074562212,
    "accelerate": -628.3975427288103
  },
  "('Z2', 'Z2', 'low', 'push', 'Z4', 'Z4', 'downhill')": {
    "slow down": -639.9214714809083,
    "keep going": -639.9912795093367,
    "accelerate": -639.203115551288
  },
  "('Z1', 'Z1', 'low', 'push', 'Z4', 'Z4', 'uphill')": {
    "slow down": -632.8384055218278,
    "keep going": -633.5559377152665,
    "accelerate": -632.9561297633413
  },
  "('Z1', 'Z1', 'low', 'push', 'Z4', 'Z4', 'downhill')": {
    "slow down": -635.3080537547427,
    "keep going": -635.0545450093001,
    "accelerate": -634.8196991439002
  },
  "('Z4', 'Z5', 'low', 'push', 'Z4', 'Z4', 'uphill')": {
    "slow down": -635.3007232699551,
    "keep going": -637.0222180662113,
    "accelerate": -636.712125624256
  },
  "('Z4', 'Z3', 'low', 'push', 'Z4', 'Z4', 'downhill')": {
    "slow down": -637.5594348234257,
    "keep going": -637.2587326630573,
    "accelerate": -637.4883499003797
  },
  "('Z2', 'Z3', 'low', 'push', 'Z4', 'Z4', 'uphill')": {
    "slow down": -628.009214577568,
    "keep going": -628.0759627943244,
    "accelerate": -627.6001092937378
  },
  "('Z4', 'Z4', 'low', 'recover', 'Z2', 'Z2', 'uphill')": {
    "slow down": 201.52691900579612,
    "keep going": 13.65009275655032,
    "accelerate": -3.040800474967652
  },
  "('Z4', 'Z3', 'low', 'recover', 'Z2', 'Z2', 'flat')": {
    "slow down": 210.617255493189,
    "keep going": 13.273619442394786,
    "accelerate": 15.257735053738863
  },
  "('Z4', 'Z2', 'low', 'recover', 'Z2', 'Z2', 'flat')": {
    "slow down": 10.934401889584286,
    "keep going": 217.84884728302168,
    "accelerate": 17.174430367236315
  },
  "('Z3', 'Z1', 'low', 'recover', 'Z2', 'Z2', 'flat')": {
    "slow down": 59.383617021073384,
    "keep going": 230.20780030414738,
    "accelerate": 46.395422332535496
  },
  "('Z2', 'Z1', 'low', 'recover', 'Z2', 'Z2', 'flat')": {
    "slow down": 227.55882061461065,
    "keep going": 230.21488042143267,
    "accelerate": 236.82804890722844
  },
  "('Z2', 'Z1', 'low', 'recover', 'Z2', 'Z2', 'downhill')": {
    "slow down": 234.43582610669168,
    "keep going": 101.1614628938187,
    "accelerate": 111.11521159497411
  },
  "('Z1', 'Z1', 'low', 'recover', 'Z2', 'Z2', 'flat')": {
    "slow down": 211.2485490000503,
    "keep going": 213.05925104571224,
    "accelerate": 227.79187498678698
  },
  "('Z2', 'Z2', 'low', 'recover', 'Z2', 'Z2', 'flat')": {
    "slow down": 234.52408165884262,
    "keep going": 237.38719966735098,
    "accelerate": 236.00394444581653
  },
  "('Z1', 'Z2', 'low', 'recover', 'Z2', 'Z2', 'flat')": {
    "slow down": 217.24918657601788,
    "keep going": 176.13138828435416,
    "accelerate": 147.9390638590279
  },
  "('Z1', 'Z1', 'low', 'recover', 'Z2', 'Z2', 'downhill')": {
    "slow down": 167.60967222870852,
    "keep going": 217.55101879602165,
    "accelerate": 164.68237981978874
  },
  "('Z1', 'Z2', 'low', 'recover', 'Z2', 'Z2', 'downhill')": {
    "slow down": 75.23740690796478,
    "keep going": 207.69923469778485,
    "accelerate": 35.37981379119752
  },
  "('Z2', 'Z3', 'low', 'recover', 'Z2', 'Z2', 'flat')": {
    "slow down": 238.40238776045538,
    "keep going": 69.39572246891753,
    "accelerate": 23.54404969290472
  },
  "('Z2', 'Z1', 'low', 'recover', 'Z2', 'Z2', 'uphill')": {
    "slow down": 2.287580454046365,
    "keep going": 232.75483750446156,
    "accelerate": 0.9282700467675511
  },
  "('Z1', 'Z1', 'low', 'recover', 'Z2', 'Z2', 'uphill')": {
    "slow down": 152.9073746507192,
    "keep going": 147.0891285122254,
    "accelerate": 217.47062394782574
  },
  "('Z2', 'Z2', 'low', 'recover', 'Z2', 'Z2', 'downhill')": {
    "slow down": 231.16196873408074,
    "keep going": 237.31651599242474,
    "accelerate": 232.1457858909157
  },
  "('Z2', 'Z3', 'low', 'recover', 'Z2', 'Z2', 'downhill')": {
    "slow down": 234.92547397578642,
    "keep going": 11.709465186686451,
    "accelerate": -0.010440015061883676
  },
  "('Z2', 'Z4', 'low', 'recover', 'Z2', 'Z2', 'flat')": {
    "slow down": 18.506944746247612,
    "keep going": 0.002745399598678136,
    "accelerate": 0.0
  },
  "('Z2', 'Z2', 'low', 'recover', 'Z2', 'Z2', 'uphill')": {
    "slow down": 232.77069552024986,
    "keep going": 237.33919474550117,
    "accelerate": 230.6457157223598
  },
  "('Z1', 'Z1', 'low', 'cooldown', 'Z1', 'Z1', 'flat')": {
    "slow down": 239.73789143436093,
    "keep going": 239.94807500473553,
    "accelerate": 239.5707753910305
  },
  "('Z1', 'Z2', 'low', 'cooldown', 'Z1', 'Z1', 'flat')": {
    "slow down": 241.23848526961203,
    "keep going": 240.10738781413804,
    "accelerate": 206.49512408948584
  },
  "('Z1', 'Z2', 'low', 'cooldown', 'Z1', 'Z1', 'uphill')": {
    "slow down": 241.33621286913015,
    "keep going": 151.29884293850944,
    "accelerate": 113.38454511722568
  },
  "('Z1', 'Z1', 'low', 'cooldown', 'Z1', 'Z1', 'uphill')": {
    "slow down": 239.7101862368458,
    "keep going": 239.86721801035551,
    "accelerate": 239.67843196335974
  },
  "('Z1', 'Z1', 'low', 'cooldown', 'Z1', 'Z1', 'downhill')": {
    "slow down": 239.72223482607947,
    "keep going": 239.86363222845807,
    "accelerate": 239.547303434313
  },
  "('Z1', 'Z2', 'low', 'cooldown', 'Z1', 'Z1', 'downhill')": {
    "slow down": 107.46916834962478,
    "keep going": 240.1929846780058,
    "accelerate": 120.59793540515189
  },
  "('Z2', 'Z3', 'low', 'cooldown', 'Z1', 'Z1', 'flat')": {
    "slow down": 229.6479987677806,
    "keep going": 41.4872313669944,
    "accelerate": 11.497191801676008
  },
  "('Z2', 'Z2', 'low', 'cooldown', 'Z1', 'Z1', 'flat')": {
    "slow down": 238.85250114771114,
    "keep going": 124.40697835717503,
    "accelerate": 101.948437427581
  },
  "('Z2', 'Z1', 'low', 'cooldown', 'Z1', 'Z1', 'flat')": {
    "slow down": 239.69345593827205,
    "keep going": 148.19852013896448,
    "accelerate": 123.69618770885776
  },
  "('Z2', 'Z3', 'low', 'cooldown', 'Z1', 'Z1', 'uphill')": {
    "slow down": 110.14158395721896,
    "keep going": 9.854674326584353,
    "accelerate": 0.0
  },
  "('Z2', 'Z4', 'low', 'warmup', 'Z1', 'Z1', 'flat')": {
    "slow down": -402.96683078459824,
    "keep going": -424.63910706534864,
    "accelerate": -424.6514031229037
  },
  "('Z3', 'Z3', 'low', 'warmup', 'Z1', 'Z1', 'flat')": {
    "slow down": -419.00621211901205,
    "keep going": -431.7131011917782,
    "accelerate": -431.87957444130046
  },
  "('Z3', 'Z2', 'low', 'warmup', 'Z1', 'Z1', 'uphill')": {
    "slow down": -415.89807099658856,
    "keep going": -415.7212369808188,
    "accelerate": -416.03696403479006
  },
  "('Z2', 'Z3', 'low', 'warmup', 'Z1', 'Z1', 'uphill')": {
    "slow down": -416.10032245280667,
    "keep going": -376.25401566227214,
    "accelerate": -415.98315552806184
  },
  "('Z2', 'Z1', 'low', 'warmup', 'Z1', 'Z1', 'uphill')": {
    "slow down": -419.63905346435735,
    "keep going": -212.0299752785175,
    "accelerate": -426.9310718610039
  },
  "('Z3', 'Z4', 'low', 'warmup', 'Z1', 'Z1', 'flat')": {
    "slow down": -445.0135085670772,
    "keep going": -436.4965440097241,
    "accelerate": -441.9294338019646
  },
  "('Z3', 'Z5', 'low', 'warmup', 'Z1', 'Z1', 'uphill')": {
    "slow down": -394.05578589963494,
    "keep going": -391.85337488973323,
    "accelerate": -389.93154222716527
  },
  "('Z3', 'Z4', 'low', 'warmup', 'Z1', 'Z1', 'downhill')": {
    "slow down": -420.5640843742108,
    "keep going": -420.2957737425639,
    "accelerate": -420.75355953586495
  },
  "('Z4', 'Z4', 'low', 'warmup', 'Z1', 'Z1', 'flat')": {
    "slow down": -427.93995207747787,
    "keep going": -429.6522714633533,
    "accelerate": -429.4077194288761
  },
  "('Z4', 'Z5', 'low', 'warmup', 'Z1', 'Z1', 'flat')": {
    "slow down": -428.3682738740032,
    "keep going": -432.04989214532105,
    "accelerate": -432.2104549783517
  },
  "('Z4', 'Z3', 'low', 'warmup', 'Z1', 'Z1', 'flat')": {
    "slow down": -419.54542088374785,
    "keep going": -419.7736834628836,
    "accelerate": -419.7629717229847
  },
  "('Z4', 'Z2', 'low', 'warmup', 'Z1', 'Z1', 'flat')": {
    "slow down": -417.0792731342443,
    "keep going": -404.67381090141237,
    "accelerate": -404.91601011486955
  },
  "('Z3', 'Z1', 'low', 'warmup', 'Z1', 'Z1', 'flat')": {
    "slow down": -419.8356278988192,
    "keep going": -424.6623586507245,
    "accelerate": -424.27730090540615
  },
  "('Z3', 'Z1', 'low', 'warmup', 'Z1', 'Z1', 'downhill')": {
    "slow down": -394.5083193633083,
    "keep going": -395.9766220518911,
    "accelerate": -394.7885590807373
  },
  "('Z2', 'Z1', 'low', 'warmup', 'Z1', 'Z1', 'downhill')": {
    "slow down": -193.235991143792,
    "keep going": -401.6030822136469,
    "accelerate": -392.21604393003065
  },
  "('Z3', 'Z2', 'low', 'warmup', 'Z1', 'Z1', 'flat')": {
    "slow down": -438.21905370176165,
    "keep going": -409.8282157054182,
    "accelerate": -431.60124840712547
  },
  "('Z1', 'Z1', 'low', 'push', 'Z3', 'Z3', 'downhill')": {
    "slow down": -715.4510773046943,
    "keep going": -715.3805838352118,
    "accelerate": -715.4088828765673
  },
  "('Z5', 'Z4', 'low', 'push', 'Z3', 'Z3', 'uphill')": {
    "slow down": -629.8695039341408,
    "keep going": -634.0022687888087,
    "accelerate": -630.7113821831753
  },
  "('Z3', 'Z3', 'low', 'push', 'Z4', 'Z4', 'uphill')": {
    "slow down": -638.6146711653776,
    "keep going": -639.6776572885082,
    "accelerate": -636.0858069958598
  },
  "('Z4', 'Z2', 'low', 'push', 'Z4', 'Z4', 'uphill')": {
    "slow down": -559.6471127122171,
    "keep going": -555.5333785028565,
    "accelerate": -556.8564618044543
  },
  "('Z5', 'Z5', 'low', 'push', 'Z4', 'Z4', 'uphill')": {
    "slow down": -637.8392537797088,
    "keep going": -641.6133927417014,
    "accelerate": -641.6723990995134
  },
  "('Z4', 'Z3', 'low', 'push', 'Z4', 'Z4', 'uphill')": {
    "slow down": -634.0945372438073,
    "keep going": -634.2030271037961,
    "accelerate": -633.6823161436432
  },
  "('Z5', 'Z5', 'low', 'push', 'Z3', 'Z3', 'uphill')": {
    "slow down": -708.8050231649066,
    "keep going": -709.1356880570279,
    "accelerate": -709.2278122035249
  },
  "('Z3', 'Z1', 'low', 'push', 'Z3', 'Z3', 'uphill')": {
    "slow down": -716.6084293894793,
    "keep going": -716.8154344112818,
    "accelerate": -716.7974033920975
  },
  "('Z3', 'Z1', 'low', 'push', 'Z3', 'Z3', 'downhill')": {
    "slow down": -715.0817695358134,
    "keep going": -715.010686939168,
    "accelerate": -715.0714489206198
  },
  "('Z3', 'Z5', 'low', 'push', 'Z3', 'Z3', 'uphill')": {
    "slow down": -714.0744419273352,
    "keep going": -713.7719483655763,
    "accelerate": -713.9688372870721
  },
  "('Z1', 'Z2', 'low', 'push', 'Z3', 'Z3', 'uphill')": {
    "slow down": -691.7817340610848,
    "keep going": -691.2157896375145,
    "accelerate": -691.7131139898538
  },
  "('Z3', 'Z5', 'low', 'push', 'Z4', 'Z4', 'downhill')": {
    "slow down": -622.815287269502,
    "keep going": -621.6238402720766,
    "accelerate": -622.7995917784674
  },
  "('Z3', 'Z4', 'low', 'recover', 'Z2', 'Z2', 'uphill')": {
    "slow down": 185.85941521749606,
    "keep going": -0.7917593640789335,
    "accelerate": -0.928426282410718
  },
  "('Z3', 'Z3', 'low', 'recover', 'Z2', 'Z2', 'flat')": {
    "slow down": 214.78251614659408,
    "keep going": -0.5771244516140899,
    "accelerate": 10.867427043931366
  },
  "('Z3', 'Z2', 'low', 'recover', 'Z2', 'Z2', 'flat')": {
    "slow down": 222.87968167510476,
    "keep going": 31.68383572265158,
    "accelerate": 35.75040345517303
  },
  "('Z1', 'Z2', 'low', 'recover', 'Z2', 'Z2', 'uphill')": {
    "slow down": 204.28401761906835,
    "keep going": 1.5723417428135118,
    "accelerate": 15.16013524286585
  },
  "('Z2', 'Z2', 'low', 'cooldown', 'Z1', 'Z1', 'uphill')": {
    "slow down": 116.24625470880629,
    "keep going": 0.0,
    "accelerate": 20.7597364153601
  },
  "('Z2', 'Z2', 'low', 'cooldown', 'Z1', 'Z1', 'downhill')": {
    "slow down": 118.89568914873638,
    "keep going": 5.901253115202525,
    "accelerate": 0.0
  },
  "('Z2', 'Z2', 'low', 'warmup', 'Z1', 'Z1', 'uphill')": {
    "slow down": -129.95435016168054,
    "keep going": -391.1123182448165,
    "accelerate": -418.8299007130284
  },
  "('Z3', 'Z5', 'low', 'warmup', 'Z1', 'Z1', 'flat')": {
    "slow down": -431.28115052800877,
    "keep going": -436.2349370710716,
    "accelerate": -430.92128172087075
  },
  "('Z3', 'Z3', 'low', 'warmup', 'Z1', 'Z1', 'uphill')": {
    "slow down": -419.58506345122294,
    "keep going": -420.3774542086582,
    "accelerate": -421.27604156806797
  },
  "('Z4', 'Z5', 'low', 'warmup', 'Z1', 'Z1', 'uphill')": {
    "slow down": -411.96482568994,
    "keep going": -412.38563839554513,
    "accelerate": -411.16287200611237
  },
  "('Z5', 'Z5', 'low', 'warmup', 'Z1', 'Z1', 'flat')": {
    "slow down": -409.4553906184954,
    "keep going": -419.0865444798771,
    "accelerate": -419.22549932464534
  },
  "('Z3', 'Z1', 'low', 'warmup', 'Z1', 'Z1', 'uphill')": {
    "slow down": -379.15809258660784,
    "keep going": -378.45626621115656,
    "accelerate": -379.39537764273473
  },
  "('Z5', 'Z5', 'low', 'warmup', 'Z1', 'Z1', 'downhill')": {
    "slow down": -401.25543548533045,
    "keep going": -400.5073667351917,
    "accelerate": -401.28967744040733
  },
  "('Z5', 'Z4', 'low', 'warmup', 'Z1', 'Z1', 'flat')": {
    "slow down": -400.3784924646557,
    "keep going": -400.4145493096232,
    "accelerate": -400.1556090782307
  },
  "('Z4', 'Z4', 'low', 'warmup', 'Z1', 'Z1', 'uphill')": {
    "slow down": -412.76601448381257,
    "keep going": -412.45713978147387,
    "accelerate": -412.1402471552654
  },
  "('Z4', 'Z4', 'low', 'warmup', 'Z1', 'Z1', 'downhill')": {
    "slow down": -413.9576261740315,
    "keep going": -414.2127925967162,
    "accelerate": -413.894597394786
  },
  "('Z3', 'Z2', 'low', 'warmup', 'Z1', 'Z1', 'downhill')": {
    "slow down": -415.40238592051,
    "keep going": -422.4403786222403,
    "accelerate": -422.31092933248476
  },
  "('Z2', 'Z3', 'low', 'warmup', 'Z1', 'Z1', 'downhill')": {
    "slow down": -238.868692857301,
    "keep going": -416.1621782504184,
    "accelerate": -415.98873022525163
  },
  "('Z4', 'Z5', 'low', 'warmup', 'Z1', 'Z1', 'downhill')": {
    "slow down": -420.0820296166231,
    "keep going": -419.1284175637378,
    "accelerate": -419.02487840683625
  },
  "('Z4', 'Z3', 'low', 'warmup', 'Z1', 'Z1', 'uphill')": {
    "slow down": -376.56210343056836,
    "keep going": -377.962741148777,
    "accelerate": -376.48596711101766
  },
  "('Z3', 'Z3', 'low', 'warmup', 'Z1', 'Z1', 'downhill')": {
    "slow down": -423.64142055767616,
    "keep going": -424.24580012590474,
    "accelerate": -423.5885927774084
  },
  "('Z2', 'Z4', 'low', 'warmup', 'Z1', 'Z1', 'downhill')": {
    "slow down": -375.22668819957863,
    "keep going": -383.77360051375274,
    "accelerate": -383.82874362883274
  },
  "('Z3', 'Z4', 'low', 'warmup', 'Z1', 'Z1', 'uphill')": {
    "slow down": -412.93847679165685,
    "keep going": -412.892705916998,
    "accelerate": -413.8626643229292
  },
  "('Z5', 'Z5', 'low', 'push', 'Z3', 'Z3', 'downhill')": {
    "slow down": -704.4679484938493,
    "keep going": -704.7975184864765,
    "accelerate": -704.7071261721056
  },
  "('Z4', 'Z2', 'low', 'push', 'Z3', 'Z3', 'uphill')": {
    "slow down": -650.402338418554,
    "keep going": -647.5978646423699,
    "accelerate": -647.5284665272958
  },
  "('Z1', 'Z2', 'low', 'push', 'Z4', 'Z4', 'downhill')": {
    "slow down": -486.6373110150506,
    "keep going": -478.97231739089904,
    "accelerate": -479.5032651326468
  },
  "('Z4', 'Z2', 'low', 'push', 'Z4', 'Z4', 'downhill')": {
    "slow down": -581.6817952282977,
    "keep going": -582.87588214425,
    "accelerate": -580.4227648329595
  },
  "('Z2', 'Z4', 'low', 'push', 'Z3', 'Z3', 'downhill')": {
    "slow down": -683.7508232595972,
    "keep going": -683.002139865085,
    "accelerate": -682.7016958329796
  },
  "('Z5', 'Z4', 'low', 'push', 'Z3', 'Z3', 'downhill')": {
    "slow down": -626.3969956216603,
    "keep going": -630.0876645921313,
    "accelerate": -626.4145644450102
  },
  "('Z4', 'Z3', 'low', 'recover', 'Z2', 'Z2', 'uphill')": {
    "slow down": 213.49089834432516,
    "keep going": 9.680146474379153,
    "accelerate": 7.880173829843241
  },
  "('Z3', 'Z4', 'low', 'recover', 'Z2', 'Z2', 'flat')": {
    "slow down": 153.50383601245508,
    "keep going": -0.4071263466438076,
    "accelerate": -0.2503362116952185
  },
  "('Z3', 'Z3', 'low', 'recover', 'Z2', 'Z2', 'downhill')": {
    "slow down": 12.11597322631199,
    "keep going": 0.0,
    "accelerate": 0.0
  },
  "('Z3', 'Z1', 'low', 'recover', 'Z2', 'Z2', 'downhill')": {
    "slow down": 77.55546397552318,
    "keep going": 0.0,
    "accelerate": 0.270816757724521
  },
  "('Z2', 'Z1', 'low', 'cooldown', 'Z1', 'Z1', 'uphill')": {
    "slow down": 135.9766271159013,
    "keep going": 0.0,
    "accelerate": 10.26072876183168
  },
  "('Z2', 'Z4', 'low', 'cooldown', 'Z1', 'Z1', 'downhill')": {
    "slow down": 0.31560853941431166,
    "keep going": 0.0,
    "accelerate": 0.0
  },
  "('Z2', 'Z4', 'low', 'cooldown', 'Z1', 'Z1', 'flat')": {
    "slow down": 64.57980615363932,
    "keep going": 0.0,
    "accelerate": -0.27561095240811345
  },
  "('Z2', 'Z3', 'low', 'cooldown', 'Z1', 'Z1', 'downhill')": {
    "slow down": 114.98188094058055,
    "keep going": 0.0,
    "accelerate": 0.0
  },
  "('Z2', 'Z1', 'low', 'cooldown', 'Z1', 'Z1', 'downhill')": {
    "slow down": 120.13368102029844,
    "keep going": 10.10982740285765,
    "accelerate": 10.59899259416199
  },
  "('Z5', 'Z5', 'low', 'warmup', 'Z1', 'Z1', 'uphill')": {
    "slow down": -393.40168029321893,
    "keep going": -392.36662325370673,
    "accelerate": -391.6980313252491
  },
  "('Z4', 'Z2', 'low', 'warmup', 'Z1', 'Z1', 'uphill')": {
    "slow down": -284.1852132073856,
    "keep going": -281.4093391364535,
    "accelerate": -279.9500650097095
  },
  "('Z3', 'Z5', 'low', 'warmup', 'Z1', 'Z1', 'downhill')": {
    "slow down": -410.85991531808247,
    "keep going": -409.6624173218257,
    "accelerate": -409.55892145858985
  },
  "('Z2', 'Z4', 'low', 'warmup', 'Z1', 'Z1', 'uphill')": {
    "slow down": -354.4049858659952,
    "keep going": -357.51310237340317,
    "accelerate": -357.9451971351115
  },
  "('Z3', 'Z5', 'low', 'push', 'Z4', 'Z4', 'uphill')": {
    "slow down": -618.4796420873739,
    "keep going": -619.4106161738148,
    "accelerate": -619.2322766233021
  },
  "('Z5', 'Z4', 'low', 'push', 'Z4', 'Z4', 'downhill')": {
    "slow down": -589.410484536502,
    "keep going": -587.6450259145624,
    "accelerate": -589.8811115164718
  },
  "('Z5', 'Z5', 'low', 'recover', 'Z2', 'Z2', 'uphill')": {
    "slow down": 172.74993879188222,
    "keep going": -3.778684739322376,
    "accelerate": -3.3236228913848067
  },
  "('Z4', 'Z4', 'low', 'recover', 'Z2', 'Z2', 'flat')": {
    "slow down": 201.7604162269501,
    "keep going": -2.926800133770244,
    "accelerate": -3.834823454643829
  },
  "('Z3', 'Z4', 'low', 'recover', 'Z2', 'Z2', 'downhill')": {
    "slow down": 10.77915141941691,
    "keep going": 0.0,
    "accelerate": 0.0
  },
  "('Z3', 'Z3', 'low', 'recover', 'Z2', 'Z2', 'uphill')": {
    "slow down": 214.22944398491657,
    "keep going": 0.0,
    "accelerate": 9.216225773350496
  },
  "('Z4', 'Z3', 'low', 'warmup', 'Z1', 'Z1', 'downhill')": {
    "slow down": -398.50417951595176,
    "keep going": -397.75908029761,
    "accelerate": -398.5320040493598
  },
  "('Z5', 'Z4', 'low', 'warmup', 'Z1', 'Z1', 'uphill')": {
    "slow down": -250.5978119239902,
    "keep going": -246.32952747306496,
    "accelerate": -245.78073196875417
  },
  "('Z5', 'Z4', 'low', 'warmup', 'Z1', 'Z1', 'downhill')": {
    "slow down": -288.1258165368179,
    "keep going": -292.22049383307956,
    "accelerate": -293.15591882997177
  },
  "('Z5', 'Z4', 'low', 'push', 'Z4', 'Z4', 'uphill')": {
    "slow down": -573.3529997451033,
    "keep going": -576.0192136907198,
    "accelerate": -574.0153069230416
  },
  "('Z2', 'Z3', 'low', 'recover', 'Z2', 'Z2', 'uphill')": {
    "slow down": 234.9047398298705,
    "keep going": 11.686977491083752,
    "accelerate": 0.0
  },
  "('Z4', 'Z2', 'low', 'warmup', 'Z1', 'Z1', 'downhill')": {
    "slow down": -304.597232412509,
    "keep going": -309.54937137464333,
    "accelerate": -303.5750585805529
  },
  "('Z2', 'Z4', 'low', 'push', 'Z4', 'Z4', 'downhill')": {
    "slow down": -540.6166604407039,
    "keep going": -543.9615001043327,
    "accelerate": -541.6724182106595
  },
  "('Z3', 'Z5', 'low', 'cooldown', 'Z1', 'Z1', 'flat')": {
    "slow down": -0.16231084326534506,
    "keep going": -0.14660640312664408,
    "accelerate": -0.13574204642090845
  },
  "('Z3', 'Z4', 'low', 'cooldown', 'Z1', 'Z1', 'flat')": {
    "slow down": -0.044638175756338744,
    "keep going": -0.06431809520348637,
    "accelerate": -0.2689136630739548
  },
  "('Z3', 'Z3', 'low', 'cooldown', 'Z1', 'Z1', 'flat')": {
    "slow down": 0.4873936093482174,
    "keep going": 0.0,
    "accelerate": 0.0
  },
  "('Z3', 'Z2', 'low', 'cooldown', 'Z1', 'Z1', 'flat')": {
    "slow down": 17.346434644795742,
    "keep going": 9.68432968298532,
    "accelerate": -0.05775620217723024
  },
  "('Z4', 'Z5', 'low', 'recover', 'Z2', 'Z2', 'uphill')": {
    "slow down": 181.05491078030073,
    "keep going": -4.296829493001219,
    "accelerate": -4.481975949031063
  },
  "('Z4', 'Z5', 'low', 'recover', 'Z2', 'Z2', 'flat')": {
    "slow down": 14.18623888060046,
    "keep going": -4.394944441268552,
    "accelerate": -4.436883773535754
  },
  "('Z4', 'Z5', 'low', 'recover', 'Z2', 'Z2', 'downhill')": {
    "slow down": -0.21941825184668398,
    "keep going": -0.08487598350063913,
    "accelerate": -0.15767662630670404
  },
  "('Z5', 'Z5', 'low', 'recover', 'Z2', 'Z2', 'flat')": {
    "slow down": 11.956548316311975,
    "keep going": -5.092778280285167,
    "accelerate": -5.144918937773683
  },
  "('Z4', 'Z4', 'low', 'recover', 'Z2', 'Z2', 'downhill')": {
    "slow down": -0.09789609389854673,
    "keep going": -0.10288652796679505,
    "accelerate": -0.1729133065239589
  },
  "('Z3', 'Z2', 'low', 'recover', 'Z2', 'Z2', 'uphill')": {
    "slow down": -0.3173855699082781,
    "keep going": 201.5928389112651,
    "accelerate": 11.666115363878136
  },
  "('Z3', 'Z1', 'low', 'recover', 'Z2', 'Z2', 'uphill')": {
    "slow down": 158.4162837263689,
    "keep going": 0.0,
    "accelerate": 0.0
  },
  "('Z4', 'Z5', 'low', 'cooldown', 'Z1', 'Z1', 'flat')": {
    "slow down": -0.2136563794071144,
    "keep going": -0.1455379414778731,
    "accelerate": -0.17361468738783445
  },
  "('Z4', 'Z4', 'low', 'cooldown', 'Z1', 'Z1', 'flat')": {
    "slow down": -0.13162299275548323,
    "keep going": -0.11591358395570027,
    "accelerate": -0.1722736872857047
  },
  "('Z4', 'Z3', 'low', 'cooldown', 'Z1', 'Z1', 'flat')": {
    "slow down": 0.2463063924475346,
    "keep going": 0.0,
    "accelerate": 0.0
  },
  "('Z3', 'Z1', 'low', 'cooldown', 'Z1', 'Z1', 'flat')": {
    "slow down": 10.584637267812418,
    "keep going": 0.0,
    "accelerate": 0.2828639976496603
  },
  "('Z5', 'Z4', 'low', 'recover', 'Z2', 'Z2', 'flat')": {
    "slow down": 75.80019985793376,
    "keep going": -1.431544341721533,
    "accelerate": -1.4404585567678478
  },
  "('Z4', 'Z3', 'low', 'recover', 'Z2', 'Z2', 'downhill')": {
    "slow down": -0.02377072484418457,
    "keep going": -0.05608171345598631,
    "accelerate": -0.18660637438582947
  },
  "('Z3', 'Z2', 'low', 'recover', 'Z2', 'Z2', 'downhill')": {
    "slow down": 42.46950306800565,
    "keep going": 0.0,
    "accelerate": 0.0
  },
  "('Z4', 'Z2', 'low', 'cooldown', 'Z1', 'Z1', 'flat')": {
    "slow down": 0.5394043546269575,
    "keep going": 0.0,
    "accelerate": 0.0
  },
  "('Z3', 'Z5', 'low', 'recover', 'Z2', 'Z2', 'flat')": {
    "slow down": -0.3309654861692646,
    "keep going": -0.5607881917261923,
    "accelerate": 0.0
  },
  "('Z5', 'Z5', 'low', 'recover', 'Z2', 'Z2', 'downhill')": {
    "slow down": -0.15353159965292407,
    "keep going": -0.1768205825879039,
    "accelerate": 0.0
  },
  "('Z4', 'Z2', 'low', 'recover', 'Z2', 'Z2', 'uphill')": {
    "slow down": 160.63710392980772,
    "keep going": 0.0,
    "accelerate": 0.0
  },
  "('Z5', 'Z4', 'low', 'recover', 'Z2', 'Z2', 'downhill')": {
    "slow down": -0.039448576006201296,
    "keep going": -0.18259964632750877,
    "accelerate": 0.0
  },
  "('Z3', 'Z5', 'low', 'cooldown', 'Z1', 'Z1', 'downhill')": {
    "slow down": -0.05272011038983794,
    "keep going": 0.0,
    "accelerate": 0.0
  },
  "('Z4', 'Z2', 'low', 'recover', 'Z2', 'Z2', 'downhill')": {
    "slow down": 5.779280394877317,
    "keep going": 0.0,
    "accelerate": 0.0
  },
  "('Z5', 'Z4', 'low', 'recover', 'Z2', 'Z2', 'uphill')": {
    "slow down": 173.41096465958248,
    "keep going": -0.5412861363518378,
    "accelerate": -0.7991077641527211
  },
  "('Z3', 'Z5', 'low', 'recover', 'Z2', 'Z2', 'uphill')": {
    "slow down": 102.43035988954085,
    "keep going": -1.3150429975942697,
    "accelerate": -1.3478298885184423
  },
  "('Z2', 'Z4', 'low', 'recover', 'Z2', 'Z2', 'uphill')": {
    "slow down": 133.15938236237366,
    "keep going": 0.0,
    "accelerate": 0.0
  }
}