{
  "('Z1', 'Z1', 'low', 'warmup', 'Z1', 'Z1', 'flat')": {
    "slow down": 85.45901585732479,
    "keep going": 85.38579424122089,
    "accelerate": 84.35665342634186
  },
  "('Z1', 'Z1', 'low', 'warmup', 'Z1', 'Z1', 'downhill')": {
    "slow down": 85.76661559247323,
    "keep going": 86.28722711869648,
    "accelerate": 84.39490978567679
  },
  "('Z1', 'Z2', 'low', 'warmup', 'Z1', 'Z1', 'flat')": {
    "slow down": 85.67358629994706,
    "keep going": 84.55194009414262,
    "accelerate": 78.389263952031
  },
  "('Z2', 'Z3', 'low', 'warmup', 'Z1', 'Z1', 'flat')": {
    "slow down": 82.99002569939415,
    "keep going": 69.5763657883276,
    "accelerate": 38.59960955759907
  },
  "('Z2', 'Z4', 'low', 'warmup', 'Z1', 'Z1', 'flat')": {
    "slow down": 64.17654792261553,
    "keep going": 4.923983928226392,
    "accelerate": -1.0282341771512267
  },
  "('Z3', 'Z5', 'low', 'warmup', 'Z1', 'Z1', 'uphill')": {
    "slow down": -0.16844326758004247,
    "keep going": 0.0,
    "accelerate": 0.0
  },
  "('Z3', 'Z4', 'low', 'warmup', 'Z1', 'Z1', 'flat')": {
    "slow down": 17.91574102948421,
    "keep going": -0.12669156213978766,
    "accelerate": -1.8652956749060943
  },
  "('Z3', 'Z3', 'low', 'warmup', 'Z1', 'Z1', 'flat')": {
    "slow down": 45.75476508649833,
    "keep going": 0.43020906168713396,
    "accelerate": -0.21004057528397663
  },
  "('Z4', 'Z4', 'low', 'warmup', 'Z1', 'Z1', 'uphill')": {
    "slow down": -0.15485755122525668,
    "keep going": -0.24207993267399225,
    "accelerate": -0.27066742414123274
  },
  "('Z4', 'Z4', 'low', 'warmup', 'Z1', 'Z1', 'flat')": {
    "slow down": -0.4746908127636982,
    "keep going": -0.8404554188527973,
    "accelerate": -1.808962380106292
  },
  "('Z3', 'Z2', 'low', 'warmup', 'Z1', 'Z1', 'flat')": {
    "slow down": 34.537496372804725,
    "keep going": 10.00214161336449,
    "accelerate": 0.9039157707197745
  },
  "('Z3', 'Z1', 'low', 'warmup', 'Z1', 'Z1', 'flat')": {
    "slow down": 30.907848912677462,
    "keep going": 14.521588309111308,
    "accelerate": 0.0
  },
  "('Z2', 'Z1', 'low', 'warmup', 'Z1', 'Z1', 'flat')": {
    "slow down": 81.28345427736882,
    "keep going": 85.88353134687918,
    "accelerate": 73.89621977724732
  },
  "('Z2', 'Z2', 'low', 'warmup', 'Z1', 'Z1', 'flat')": {
    "slow down": 83.9502312971786,
    "keep going": 75.46819621284848,
    "accelerate": 69.67263377154208
  },
  "('Z2', 'Z1', 'low', 'warmup', 'Z1', 'Z1', 'uphill')": {
    "slow down": 82.82689769409237,
    "keep going": 39.40136537314227,
    "accelerate": 33.960808889381525
  },
  "('Z2', 'Z1', 'low', 'warmup', 'Z1', 'Z1', 'downhill')": {
    "slow down": 44.91669591332265,
    "keep going": 84.44664351251012,
    "accelerate": 44.995164837642875
  },
  "('Z1', 'Z1', 'low', 'warmup', 'Z1', 'Z1', 'uphill')": {
    "slow down": 85.71113852117327,
    "keep going": 86.27951401239247,
    "accelerate": 84.48390437232135
  },
  "('Z2', 'Z2', 'low', 'warmup', 'Z1', 'Z1', 'uphill')": {
    "slow down": 79.69077939829754,
    "keep going": 23.719597864845518,
    "accelerate": 17.205204420691295
  },
  "('Z2', 'Z2', 'low', 'warmup', 'Z1', 'Z1', 'downhill')": {
    "slow down": 81.98190432787683,
    "keep going": 34.15566046280693,
    "accelerate": 43.89674122557357
  },
  "('Z2', 'Z4', 'low', 'warmup', 'Z1', 'Z1', 'downhill')": {
    "slow down": 29.28768039947086,
    "keep going": 3.896403557769467,
    "accelerate": 0.0
  },
  "('Z3', 'Z5', 'low', 'warmup', 'Z1', 'Z1', 'downhill')": {
    "slow down": -0.19054496527560064,
    "keep going": -0.2656788910663869,
    "accelerate": -0.28067459588702404
  },
  "('Z3', 'Z3', 'low', 'warmup', 'Z1', 'Z1', 'downhill')": {
    "slow down": 2.116646203996993,
    "keep going": -0.05278134522292463,
    "accelerate": -0.16491545246221562
  },
  "('Z1', 'Z2', 'low', 'warmup', 'Z1', 'Z1', 'downhill')": {
    "slow down": 85.75291293488186,
    "keep going": 83.23597042208249,
    "accelerate": 73.7994671850887
  },
  "('Z2', 'Z3', 'low', 'warmup', 'Z1', 'Z1', 'downhill')": {
    "slow down": 82.11566380341469,
    "keep going": 54.675910231177795,
    "accelerate": 11.40545111840962
  },
  "('Z2', 'Z4', 'low', 'warmup', 'Z1', 'Z1', 'uphill')": {
    "slow down": -0.0854746801777807,
    "keep going": 4.474590572399574,
    "accelerate": 0.0
  },
  "('Z1', 'Z2', 'low', 'warmup', 'Z1', 'Z1', 'uphill')": {
    "slow down": 85.72507275689958,
    "keep going": 78.08180439638046,
    "accelerate": 59.33045957087361
  },
  "('Z1', 'Z2', 'low', 'push', 'Z2', 'Z2', 'flat')": {
    "slow down": 73.66047684351038,
    "keep going": 77.42031241146634,
    "accelerate": 79.15613061576391
  },
  "('Z1', 'Z1', 'low', 'push', 'Z2', 'Z2', 'flat')": {
    "slow down": 74.50789927334444,
    "keep going": 76.50997354888865,
    "accelerate": 78.35669121311227
  },
  "('Z1', 'Z1', 'low', 'push', 'Z2', 'Z2', 'downhill')": {
    "slow down": 22.477950403341936,
    "keep going": 63.37073072919459,
    "accelerate": 21.036837784273796
  },
  "('Z2', 'Z3', 'low', 'push', 'Z2', 'Z2', 'flat')": {
    "slow down": 80.11309065801511,
    "keep going": 78.95270491937603,
    "accelerate": 75.54972977002753
  },
  "('Z2', 'Z4', 'low', 'push', 'Z2', 'Z2', 'uphill')": {
    "slow down": 34.755339178290534,
    "keep going": 5.528666681524348,
    "accelerate": 4.033847226266332
  },
  "('Z3', 'Z5', 'low', 'push', 'Z2', 'Z2', 'downhill')": {
    "slow down": 33.025173544742174,
    "keep going": 0.0,
    "accelerate": 0.0
  },
  "('Z3', 'Z4', 'low', 'push', 'Z2', 'Z2', 'flat')": {
    "slow down": 78.2207969595844,
    "keep going": 74.34578490689744,
    "accelerate": 52.33430808189458
  },
  "('Z3', 'Z3', 'low', 'push', 'Z2', 'Z2', 'flat')": {
    "slow down": 78.69937840611423,
    "keep going": 76.23015152383748,
    "accelerate": 74.44854088335725
  },
  "('Z3', 'Z2', 'low', 'push', 'Z2', 'Z2', 'flat')": {
    "slow down": 78.16661623468266,
    "keep going": 80.31964705876449,
    "accelerate": 76.07481171593348
  },
  "('Z2', 'Z2', 'low', 'push', 'Z2', 'Z2', 'flat')": {
    "slow down": 78.73772223967158,
    "keep going": 79.32117647686707,
    "accelerate": 78.48024356663983
  },
  "('Z3', 'Z3', 'low', 'push', 'Z2', 'Z2', 'uphill')": {
    "slow down": 78.77729987775126,
    "keep going": 29.346178828573713,
    "accelerate": 42.96580893567355
  },
  "('Z2', 'Z1', 'low', 'push', 'Z2', 'Z2', 'flat')": {
    "slow down": 78.98553281411111,
    "keep going": 79.00842483126591,
    "accelerate": 80.47948468291877
  },
  "('Z2', 'Z1', 'low', 'push', 'Z2', 'Z2', 'uphill')": {
    "slow down": 78.7392893159458,
    "keep going": 78.34285045995757,
    "accelerate": 80.29512100281617
  },
  "('Z2', 'Z2', 'low', 'push', 'Z2', 'Z2', 'uphill')": {
    "slow down": 78.94804442361928,
    "keep going": 79.88156636139541,
    "accelerate": 78.97619181110397
  },
  "('Z1', 'Z2', 'low', 'push', 'Z2', 'Z2', 'uphill')": {
    "slow down": 12.466832026021887,
    "keep going": 0.3264249638355512,
    "accelerate": 14.207988029174272
  },
  "('Z1', 'Z2', 'low', 'push', 'Z2', 'Z2', 'downhill')": {
    "slow down": 24.624560858876034,
    "keep going": 0.0,
    "accelerate": 0.0
  },
  "('Z2', 'Z3', 'low', 'push', 'Z2', 'Z2', 'uphill')": {
    "slow down": 80.22441456981439,
    "keep going": 78.20548499139967,
    "accelerate": 72.25941546055633
  },
  "('Z3', 'Z2', 'low', 'push', 'Z2', 'Z2', 'uphill')": {
    "slow down": 34.62035702678269,
    "keep going": 21.566881755487486,
    "accelerate": 75.69181466906521
  },
  "('Z2', 'Z3', 'low', 'push', 'Z2', 'Z2', 'downhill')": {
    "slow down": 80.47818664584993,
    "keep going": 75.34917862142733,
    "accelerate": 71.85690793350746
  },
  "('Z2', 'Z2', 'low', 'push', 'Z2', 'Z2', 'downhill')": {
    "slow down": 78.73221602447593,
    "keep going": 79.87442539178906,
    "accelerate": 78.7146504575562
  },
  "('Z3', 'Z3', 'low', 'push', 'Z2', 'Z2', 'downhill')": {
    "slow down": 78.80417372621868,
    "keep going": 47.3485852608656,
    "accelerate": 32.62814286260723
  },
  "('Z1', 'Z1', 'low', 'push', 'Z2', 'Z2', 'uphill')": {
    "slow down": 69.05154056281499,
    "keep going": 1.4345060563078276,
    "accelerate": 16.061126793743526
  },
  "('Z2', 'Z4', 'low', 'push', 'Z2', 'Z2', 'flat')": {
    "slow down": 79.35559216416974,
    "keep going": 57.033935210564366,
    "accelerate": 32.912005898925756
  },
  "('Z3', 'Z4', 'low', 'push', 'Z2', 'Z2', 'uphill')": {
    "slow down": 77.54021331813306,
    "keep going": 34.0498474145701,
    "accelerate": 22.663468458379835
  },
  "('Z3', 'Z5', 'low', 'push', 'Z2', 'Z2', 'flat')": {
    "slow down": 70.63289889741148,
    "keep going": 18.99471796972123,
    "accelerate": 14.106061900136247
  },
  "('Z4', 'Z5', 'low', 'push', 'Z2', 'Z2', 'flat')": {
    "slow down": 26.73906759907736,
    "keep going": 1.2216496503560819,
    "accelerate": 5.1935620749171
  },
  "('Z4', 'Z4', 'low', 'push', 'Z2', 'Z2', 'flat')": {
    "slow down": 51.87350930713763,
    "keep going": 27.08489405644589,
    "accelerate": 4.139584684320531
  },
  "('Z3', 'Z1', 'low', 'push', 'Z2', 'Z2', 'flat')": {
    "slow down": 13.309818785412805,
    "keep going": 21.91575865983988,
    "accelerate": 65.92443338344482
  },
  "('Z3', 'Z2', 'low', 'push', 'Z2', 'Z2', 'downhill')": {
    "slow down": 76.74247378786397,
    "keep going": 21.769899637809495,
    "accelerate": 13.291639778891934
  },
  "('Z2', 'Z1', 'low', 'push', 'Z2', 'Z2', 'downhill')": {
    "slow down": 78.12766793132486,
    "keep going": 78.82184873725443,
    "accelerate": 80.07123799396258
  },
  "('Z4', 'Z3', 'low', 'push', 'Z2', 'Z2', 'flat')": {
    "slow down": 50.340786421465246,
    "keep going": 30.134851223307784,
    "accelerate": 11.943525183509516
  },
  "('Z2', 'Z4', 'low', 'push', 'Z2', 'Z2', 'downhill')": {
    "slow down": 0.0,
    "keep going": 47.93861649915758,
    "accelerate": 0.0
  },
  "('Z4', 'Z5', 'low', 'push', 'Z2', 'Z2', 'downhill')": {
    "slow down": -0.011779186903709197,
    "keep going": -0.16693682206578794,
    "accelerate": 0.5783983162283169
  },
  "('Z3', 'Z4', 'low', 'push', 'Z2', 'Z2', 'downhill')": {
    "slow down": 75.66499662602594,
    "keep going": 31.793475546203616,
    "accelerate": 15.841085294992032
  },
  "('Z2', 'Z2', 'low', 'cooldown', 'Z1', 'Z1', 'downhill')": {
    "slow down": 68.95459194282358,
    "keep going": 76.14456828984996,
    "accelerate": 65.0309921738579
  },
  "('Z2', 'Z2', 'low', 'cooldown', 'Z1', 'Z1', 'flat')": {
    "slow down": 77.83575588362105,
    "keep going": 76.75076112403283,
    "accelerate": 73.89485246946039
  },
  "('Z2', 'Z1', 'low', 'cooldown', 'Z1', 'Z1', 'flat')": {
    "slow down": 79.20112641115547,
    "keep going": 78.17630743407526,
    "accelerate": 75.71258174999508
  },
  "('Z1', 'Z1', 'low', 'cooldown', 'Z1', 'Z1', 'flat')": {
    "slow down": 79.9044421704935,
    "keep going": 79.95341438149788,
    "accelerate": 79.41840557763258
  },
  "('Z2', 'Z2', 'low', 'cooldown', 'Z1', 'Z1', 'uphill')": {
    "slow down": 78.99106062639969,
    "keep going": 57.302433311281554,
    "accelerate": 31.402834802987048
  },
  "('Z1', 'Z1', 'low', 'cooldown', 'Z1', 'Z1', 'downhill')": {
    "slow down": 79.97406102792301,
    "keep going": 79.8956908966112,
    "accelerate": 79.42299359533637
  },
  "('Z1', 'Z1', 'low', 'cooldown', 'Z1', 'Z1', 'uphill')": {
    "slow down": 79.81406811872354,
    "keep going": 79.96456154129979,
    "accelerate": 79.44725604770102
  },
  "('Z1', 'Z2', 'low', 'cooldown', 'Z1', 'Z1', 'flat')": {
    "slow down": 81.45433822482124,
    "keep going": 79.81713187672308,
    "accelerate": 73.29039726189683
  },
  "('Z1', 'Z2', 'low', 'cooldown', 'Z1', 'Z1', 'downhill')": {
    "slow down": 81.4763642168768,
    "keep going": 75.96992513123716,
    "accelerate": 70.86190266955101
  },
  "('Z1', 'Z2', 'low', 'cooldown', 'Z1', 'Z1', 'uphill')": {
    "slow down": 81.47283769149678,
    "keep going": 78.2180827177128,
    "accelerate": 72.43499875096049
  },
  "('Z2', 'Z3', 'low', 'cooldown', 'Z1', 'Z1', 'flat')": {
    "slow down": 76.59337120278651,
    "keep going": 70.81029364245224,
    "accelerate": 42.51271601422526
  },
  "('Z2', 'Z4', 'low', 'cooldown', 'Z1', 'Z1', 'downhill')": {
    "slow down": 7.42606404635007,
    "keep going": 7.253865899439303,
    "accelerate": 0.0
  },
  "('Z2', 'Z1', 'low', 'cooldown', 'Z1', 'Z1', 'uphill')": {
    "slow down": 80.86000588675468,
    "keep going": 61.841429847223054,
    "accelerate": 55.165602999162275
  },
  "('Z2', 'Z4', 'low', 'cooldown', 'Z1', 'Z1', 'flat')": {
    "slow down": 62.48628354824816,
    "keep going": 19.15546595753304,
    "accelerate": -0.8845441842305346
  },
  "('Z2', 'Z1', 'low', 'cooldown', 'Z1', 'Z1', 'downhill')": {
    "slow down": 55.00417761997832,
    "keep going": 64.72463008402077,
    "accelerate": 75.93871140922397
  },
  "('Z3', 'Z4', 'low', 'cooldown', 'Z1', 'Z1', 'downhill')": {
    "slow down": -0.02240017964956176,
    "keep going": 2.9329345563446427,
    "accelerate": 0.0
  },
  "('Z3', 'Z3', 'low', 'cooldown', 'Z1', 'Z1', 'flat')": {
    "slow down": 47.05204217504795,
    "keep going": 6.034685263921712,
    "accelerate": 8.600800424823067
  },
  "('Z2', 'Z3', 'low', 'cooldown', 'Z1', 'Z1', 'downhill')": {
    "slow down": 76.54242756422387,
    "keep going": 36.48122859714708,
    "accelerate": 14.477290809069224
  },
  "('Z2', 'Z3', 'low', 'cooldown', 'Z1', 'Z1', 'uphill')": {
    "slow down": 75.45129095020859,
    "keep going": 32.505629284934955,
    "accelerate": 17.442644366692218
  },
  "('Z2', 'Z3', 'low', 'warmup', 'Z1', 'Z1', 'uphill')": {
    "slow down": 21.992198572368917,
    "keep going": 75.17170543725933,
    "accelerate": 11.848987664549693
  },
  "('Z4', 'Z3', 'low', 'push', 'Z2', 'Z2', 'downhill')": {
    "slow down": 15.81786904234673,
    "keep going": 0.0,
    "accelerate": 1.2153058442742901
  },
  "('Z4', 'Z4', 'low', 'push', 'Z2', 'Z2', 'downhill')": {
    "slow down": 10.792736446106467,
    "keep going": 0.0,
    "accelerate": -0.14903644478482964
  },
  "('Z4', 'Z5', 'low', 'push', 'Z2', 'Z2', 'uphill')": {
    "slow down": 0.23518610753325395,
    "keep going": 3.1539882351057624,
    "accelerate": -0.14671376389621305
  },
  "('Z4', 'Z4', 'low', 'push', 'Z2', 'Z2', 'uphill')": {
    "slow down": 2.7772538495700965,
    "keep going": 0.6276839290007472,
    "accelerate": 0.0
  },
  "('Z4', 'Z3', 'low', 'push', 'Z2', 'Z2', 'uphill')": {
    "slow down": 0.0,
    "keep going": 17.255040134761035,
    "accelerate": 0.0
  },
  "('Z3', 'Z4', 'low', 'cooldown', 'Z1', 'Z1', 'flat')": {
    "slow down": 31.850755460983297,
    "keep going": 1.5891587698962277,
    "accelerate": -1.3505976210289465
  },
  "('Z3', 'Z5', 'low', 'cooldown', 'Z1', 'Z1', 'uphill')": {
    "slow down": -0.13535959077911047,
    "keep going": 0.0,
    "accelerate": 0.0
  },
  "('Z4', 'Z5', 'low', 'cooldown', 'Z1', 'Z1', 'flat')": {
    "slow down": -0.6895001323126452,
    "keep going": -0.8388968669126297,
    "accelerate": -1.3512829993721434
  },
  "('Z4', 'Z4', 'low', 'cooldown', 'Z1', 'Z1', 'downhill')": {
    "slow down": -0.08264886408980117,
    "keep going": 0.0,
    "accelerate": -0.3235615233158869
  },
  "('Z4', 'Z4', 'low', 'cooldown', 'Z1', 'Z1', 'flat')": {
    "slow down": 0.7270747561701012,
    "keep going": -0.49500739685275297,
    "accelerate": -0.6724045915528958
  },
  "('Z4', 'Z3', 'low', 'cooldown', 'Z1', 'Z1', 'flat')": {
    "slow down": 5.318792685287134,
    "keep going": -0.30758030999195,
    "accelerate": -0.3185194096861524
  },
  "('Z4', 'Z2', 'low', 'cooldown', 'Z1', 'Z1', 'downhill')": {
    "slow down": 0.0,
    "keep going": 0.0,
    "accelerate": -0.03476626948525527
  },
  "('Z3', 'Z2', 'low', 'cooldown', 'Z1', 'Z1', 'flat')": {
    "slow down": 50.96449127948029,
    "keep going": 10.48700691858597,
    "accelerate": 9.986152135270927
  },
  "('Z3', 'Z3', 'low', 'warmup', 'Z1', 'Z1', 'uphill')": {
    "slow down": 6.702034149185836,
    "keep going": 1.6515388417966217,
    "accelerate": 0.0
  },
  "('Z3', 'Z5', 'low', 'warmup', 'Z1', 'Z1', 'flat')": {
    "slow down": -0.20692925628287542,
    "keep going": -1.0289651127949204,
    "accelerate": -0.6255668142119162
  },
  "('Z3', 'Z5', 'low', 'push', 'Z2', 'Z2', 'uphill')": {
    "slow down": 25.448808205002997,
    "keep going": 1.8591382854441958,
    "accelerate": 1.6411327985365078
  },
  "('Z3', 'Z2', 'low', 'cooldown', 'Z1', 'Z1', 'uphill')": {
    "slow down": 28.349478541028837,
    "keep going": 11.538661777929672,
    "accelerate": 3.8904577057064174
  },
  "('Z4', 'Z5', 'low', 'warmup', 'Z1', 'Z1', 'flat')": {
    "slow down": -1.4748506621502036,
    "keep going": -1.4624155178767584,
    "accelerate": -1.3500363315483637
  },
  "('Z5', 'Z5', 'low', 'warmup', 'Z1', 'Z1', 'uphill')": {
    "slow down": -0.18283054860958145,
    "keep going": -0.2888626371261906,
    "accelerate": 0.0
  },
  "('Z4', 'Z3', 'low', 'warmup', 'Z1', 'Z1', 'flat')": {
    "slow down": 5.771036965659011,
    "keep going": 0.5641974758388391,
    "accelerate": 0.5781175527573154
  },
  "('Z4', 'Z2', 'low', 'warmup', 'Z1', 'Z1', 'flat')": {
    "slow down": 0.2660075094899373,
    "keep going": 0.0,
    "accelerate": 0.0
  },
  "('Z3', 'Z1', 'low', 'push', 'Z2', 'Z2', 'downhill')": {
    "slow down": 0.0,
    "keep going": 0.0,
    "accelerate": 5.912430186570294
  },
  "('Z3', 'Z5', 'low', 'cooldown', 'Z1', 'Z1', 'flat')": {
    "slow down": 7.3437093442646475,
    "keep going": -0.7779250049036653,
    "accelerate": -0.5162985287990878
  },
  "('Z3', 'Z3', 'low', 'cooldown', 'Z1', 'Z1', 'downhill')": {
    "slow down": 23.620008817746953,
    "keep going": 0.0,
    "accelerate": 0.0
  },
  "('Z3', 'Z4', 'low', 'warmup', 'Z1', 'Z1', 'uphill')": {
    "slow down": 1.7768833233705688,
    "keep going": 0.3312125946481753,
    "accelerate": 0.0
  },
  "('Z3', 'Z4', 'low', 'warmup', 'Z1', 'Z1', 'downhill')": {
    "slow down": 1.3020156807972745,
    "keep going": 0.0,
    "accelerate": -0.30147593667028416
  },
  "('Z3', 'Z2', 'low', 'warmup', 'Z1', 'Z1', 'downhill')": {
    "slow down": 9.496433827695972,
    "keep going": 0.0,
    "accelerate": 0.0
  },
  "('Z4', 'Z2', 'low', 'push', 'Z2', 'Z2', 'flat')": {
    "slow down": 0.0,
    "keep going": 13.245677482618122,
    "accelerate": 0.0
  },
  "('Z3', 'Z4', 'low', 'cooldown', 'Z1', 'Z1', 'uphill')": {
    "slow down": 3.3651070802710414,
    "keep going": 0.0,
    "accelerate": -0.2924560663147509
  },
  "('Z4', 'Z5', 'low', 'cooldown', 'Z1', 'Z1', 'uphill')": {
    "slow down": -0.19325050990179823,
    "keep going": 0.0,
    "accelerate": -0.32356922925763687
  },
  "('Z5', 'Z5', 'low', 'cooldown', 'Z1', 'Z1', 'flat')": {
    "slow down": -0.14618298659500698,
    "keep going": 0.0,
    "accelerate": 0.0
  },
  "('Z3', 'Z1', 'low', 'cooldown', 'Z1', 'Z1', 'flat')": {
    "slow down": 30.3970501786795,
    "keep going": 5.4396825722392625,
    "accelerate": 0.0
  },
  "('Z4', 'Z5', 'low', 'warmup', 'Z1', 'Z1', 'uphill')": {
    "slow down": -0.2323807638352942,
    "keep going": -0.3608890609093833,
    "accelerate": 0.0
  },
  "('Z4', 'Z4', 'low', 'warmup', 'Z1', 'Z1', 'downhill')": {
    "slow down": -0.15384518810058842,
    "keep going": 0.0,
    "accelerate": 0.0
  },
  "('Z4', 'Z5', 'low', 'warmup', 'Z1', 'Z1', 'downhill')": {
    "slow down": -0.22033281164473975,
    "keep going": 0.0,
    "accelerate": -0.28271083642409184
  },
  "('Z4', 'Z3', 'low', 'warmup', 'Z1', 'Z1', 'uphill')": {
    "slow down": -0.2017956644414264,
    "keep going": 0.0,
    "accelerate": -0.21201616177043522
  },
  "('Z3', 'Z2', 'low', 'warmup', 'Z1', 'Z1', 'uphill')": {
    "slow down": 0.0,
    "keep going": 0.0,
    "accelerate": 1.0371176130499222
  },
  "('Z2', 'Z4', 'low', 'cooldown', 'Z1', 'Z1', 'uphill')": {
    "slow down": 27.89433245024502,
    "keep going": 7.288350439832191,
    "accelerate": 0.0
  },
  "('Z3', 'Z1', 'low', 'warmup', 'Z1', 'Z1', 'downhill')": {
    "slow down": 6.416543150253614,
    "keep going": 0.0,
    "accelerate": 0.0
  },
  "('Z3', 'Z2', 'low', 'cooldown', 'Z1', 'Z1', 'downhill')": {
    "slow down": 7.7923599861772,
    "keep going": 20.445487417079732,
    "accelerate": 0.0
  },
  "('Z4', 'Z2', 'low', 'cooldown', 'Z1', 'Z1', 'flat')": {
    "slow down": 0.016990539820841467,
    "keep going": 0.0,
    "accelerate": 0.0
  },
  "('Z3', 'Z1', 'low', 'cooldown', 'Z1', 'Z1', 'uphill')": {
    "slow down": 0.6775545614587156,
    "keep going": 0.0,
    "accelerate": 0.0
  },
  "('Z5', 'Z5', 'low', 'warmup', 'Z1', 'Z1', 'downhill')": {
    "slow down": -0.18451927368943707,
    "keep going": 0.0,
    "accelerate": 0.0
  },
  "('Z5', 'Z5', 'low', 'warmup', 'Z1', 'Z1', 'flat')": {
    "slow down": -0.23588110514505012,
    "keep going": 0.0,
    "accelerate": 0.0
  },
  "('Z4', 'Z2', 'low', 'warmup', 'Z1', 'Z1', 'downhill')": {
    "slow down": 1.9407402505012703,
    "keep going": 0.0,
    "accelerate": 0.0
  },
  "('Z3', 'Z3', 'low', 'cooldown', 'Z1', 'Z1', 'uphill')": {
    "slow down": 11.975582488380923,
    "keep going": 0.0,
    "accelerate": 1.6887716973688902
  },
  "('Z3', 'Z1', 'low', 'warmup', 'Z1', 'Z1', 'uphill')": {
    "slow down": 7.63431342655392,
    "keep going": 0.0,
    "accelerate": 0.0
  },
  "('Z4', 'Z4', 'low', 'cooldown', 'Z1', 'Z1', 'uphill')": {
    "slow down": 0.37531081833829016,
    "keep going": 0.0,
    "accelerate": 0.0
  },
  "('Z4', 'Z3', 'low', 'cooldown', 'Z1', 'Z1', 'downhill')": {
    "slow down": 0.0,
    "keep going": 3.5039750138083097,
    "accelerate": 0.0
  },
  "('Z3', 'Z1', 'low', 'cooldown', 'Z1', 'Z1', 'downhill')": {
    "slow down": 7.81103026008603,
    "keep going": 0.0,
    "accelerate": 0.0
  }
}