{
  "('Z1', 'Z1', 'low', 'warmup', 'Z1', 'Z1', 'flat')": {
    "slow down": 84.63500171071394,
    "keep going": 84.48341877990138,
    "accelerate": 83.62188997211827
  },
  "('Z1', 'Z1', 'low', 'warmup', 'Z1', 'Z1', 'downhill')": {
    "slow down": 85.32826442182747,
    "keep going": 85.91878694819982,
    "accelerate": 84.08737184709503
  },
  "('Z1', 'Z2', 'low', 'warmup', 'Z1', 'Z1', 'flat')": {
    "slow down": 85.29759628836513,
    "keep going": 84.00727013609858,
    "accelerate": 78.48216547712988
  },
  "('Z2', 'Z3', 'low', 'warmup', 'Z1', 'Z1', 'flat')": {
    "slow down": 82.26171546574425,
    "keep going": 67.5569713188999,
    "accelerate": 35.34029571559036
  },
  "('Z2', 'Z4', 'low', 'warmup', 'Z1', 'Z1', 'downhill')": {
    "slow down": 26.05697631742896,
    "keep going": -0.29652133986349444,
    "accelerate": 0.0
  },
  "('Z2', 'Z4', 'low', 'warmup', 'Z1', 'Z1', 'flat')": {
    "slow down": 66.99768164277579,
    "keep going": 1.130939616510456,
    "accelerate": -1.4287972670924505
  },
  "('Z3', 'Z4', 'low', 'warmup', 'Z1', 'Z1', 'flat')": {
    "slow down": 10.784507769756427,
    "keep going": -0.44716410813963436,
    "accelerate": -1.1494169515760042
  },
  "('Z3', 'Z3', 'low', 'warmup', 'Z1', 'Z1', 'flat')": {
    "slow down": 33.759278977302436,
    "keep going": 5.720212152523361,
    "accelerate": -0.3047163876294318
  },
  "('Z3', 'Z2', 'low', 'warmup', 'Z1', 'Z1', 'flat')": {
    "slow down": 31.66370915837211,
    "keep going": 0.06474556576756806,
    "accelerate": -0.1961755651091341
  },
  "('Z2', 'Z1', 'low', 'warmup', 'Z1', 'Z1', 'flat')": {
    "slow down": 85.0866943124901,
    "keep going": 79.79598020102009,
    "accelerate": 76.84260781638811
  },
  "('Z2', 'Z1', 'low', 'warmup', 'Z1', 'Z1', 'uphill')": {
    "slow down": 45.15167841775113,
    "keep going": 36.986453015901986,
    "accelerate": 78.77303495551844
  },
  "('Z2', 'Z2', 'low', 'warmup', 'Z1', 'Z1', 'flat')": {
    "slow down": 83.25678574121127,
    "keep going": 76.73300252617024,
    "accelerate": 73.53182697368375
  },
  "('Z1', 'Z1', 'low', 'warmup', 'Z1', 'Z1', 'uphill')": {
    "slow down": 85.25094432456027,
    "keep going": 85.92173945357156,
    "accelerate": 84.06240178653745
  },
  "('Z1', 'Z2', 'low', 'warmup', 'Z1', 'Z1', 'uphill')": {
    "slow down": 82.23193786346323,
    "keep going": 84.30064941390576,
    "accelerate": 68.02600882741977
  },
  "('Z1', 'Z2', 'low', 'warmup', 'Z1', 'Z1', 'downhill')": {
    "slow down": 85.38306159923151,
    "keep going": 80.39091440927196,
    "accelerate": 72.93665636977481
  },
  "('Z2', 'Z3', 'low', 'warmup', 'Z1', 'Z1', 'downhill')": {
    "slow down": 78.72848745409598,
    "keep going": 34.664674511642424,
    "accelerate": 16.61292703601324
  },
  "('Z2', 'Z1', 'low', 'warmup', 'Z1', 'Z1', 'downhill')": {
    "slow down": 84.11981987002919,
    "keep going": 25.951629762374445,
    "accelerate": 44.49823535602101
  },
  "('Z2', 'Z3', 'low', 'warmup', 'Z1', 'Z1', 'uphill')": {
    "slow down": 79.18344213678043,
    "keep going": 21.342111056107186,
    "accelerate": 15.684437106994807
  },
  "('Z2', 'Z2', 'low', 'warmup', 'Z1', 'Z1', 'downhill')": {
    "slow down": 81.6423138481822,
    "keep going": 38.28623834848283,
    "accelerate": 19.64405633299355
  },
  "('Z2', 'Z2', 'low', 'warmup', 'Z1', 'Z1', 'uphill')": {
    "slow down": 16.876228727958107,
    "keep going": 79.0128122221802,
    "accelerate": 35.13216321184766
  },
  "('Z3', 'Z5', 'low', 'warmup', 'Z1', 'Z1', 'uphill')": {
    "slow down": -0.1733814226625675,
    "keep going": 0.0,
    "accelerate": 0.0
  },
  "('Z3', 'Z4', 'low', 'warmup', 'Z1', 'Z1', 'uphill')": {
    "slow down": -0.07567617697494215,
    "keep going": -0.15727085642706334,
    "accelerate": -0.3419860968669653
  },
  "('Z4', 'Z5', 'low', 'warmup', 'Z1', 'Z1', 'uphill')": {
    "slow down": -0.19478407149348434,
    "keep going": 0.0,
    "accelerate": -0.28020696428323266
  },
  "('Z4', 'Z4', 'low', 'warmup', 'Z1', 'Z1', 'flat')": {
    "slow down": -0.5854711850995074,
    "keep going": -0.9954837814881277,
    "accelerate": -1.5873618939843133
  },
  "('Z4', 'Z5', 'low', 'warmup', 'Z1', 'Z1', 'flat')": {
    "slow down": -1.1474970102067437,
    "keep going": -1.1086326214842432,
    "accelerate": -1.5432822425598784
  },
  "('Z5', 'Z5', 'low', 'warmup', 'Z1', 'Z1', 'flat')": {
    "slow down": -0.6446032122480629,
    "keep going": -0.5737072207543931,
    "accelerate": -0.2888365873453194
  },
  "('Z4', 'Z3', 'low', 'warmup', 'Z1', 'Z1', 'flat')": {
    "slow down": 3.5935074703260206,
    "keep going": -0.33682989128400015,
    "accelerate": -0.3773344411225042
  },
  "('Z4', 'Z2', 'low', 'warmup', 'Z1', 'Z1', 'downhill')": {
    "slow down": 0.0,
    "keep going": -0.005189898415379635,
    "accelerate": 0.0
  },
  "('Z3', 'Z1', 'low', 'warmup', 'Z1', 'Z1', 'uphill')": {
    "slow down": 0.8315350847851894,
    "keep going": 0.0,
    "accelerate": 0.0
  },
  "('Z1', 'Z1', 'low', 'push', 'Z3', 'Z3', 'flat')": {
    "slow down": 58.1462241007868,
    "keep going": 49.772463022391555,
    "accelerate": 74.09575535559703
  },
  "('Z1', 'Z2', 'low', 'push', 'Z3', 'Z3', 'flat')": {
    "slow down": 61.96883316428891,
    "keep going": 54.271352761839466,
    "accelerate": 76.58943949704408
  },
  "('Z2', 'Z3', 'low', 'push', 'Z3', 'Z3', 'flat')": {
    "slow down": 74.20744821451102,
    "keep going": 74.873232768937,
    "accelerate": 75.83084628657733
  },
  "('Z2', 'Z2', 'low', 'push', 'Z3', 'Z3', 'flat')": {
    "slow down": 69.47782402421848,
    "keep going": 73.06396280842804,
    "accelerate": 75.20020262320372
  },
  "('Z2', 'Z2', 'low', 'push', 'Z3', 'Z3', 'downhill')": {
    "slow down": 35.435140989659075,
    "keep going": 38.14564635601146,
    "accelerate": 74.32531650175737
  },
  "('Z2', 'Z1', 'low', 'push', 'Z3', 'Z3', 'flat')": {
    "slow down": 66.93615593977697,
    "keep going": 69.1719857687071,
    "accelerate": 75.67789075924678
  },
  "('Z1', 'Z2', 'low', 'push', 'Z3', 'Z3', 'uphill')": {
    "slow down": 0.0,
    "keep going": 0.0,
    "accelerate": 0.30817453899909664
  },
  "('Z2', 'Z3', 'low', 'push', 'Z3', 'Z3', 'downhill')": {
    "slow down": 69.70027764344391,
    "keep going": 38.29109336193343,
    "accelerate": 32.345903543416334
  },
  "('Z1', 'Z1', 'low', 'push', 'Z3', 'Z3', 'uphill')": {
    "slow down": -0.14182244784287407,
    "keep going": 4.198222292313805,
    "accelerate": 0.0
  },
  "('Z2', 'Z2', 'low', 'push', 'Z3', 'Z3', 'uphill')": {
    "slow down": 43.30481272804769,
    "keep going": 51.679242519320766,
    "accelerate": 74.99558944417805
  },
  "('Z2', 'Z1', 'low', 'push', 'Z3', 'Z3', 'uphill')": {
    "slow down": 19.801586405332355,
    "keep going": 69.05618954008932,
    "accelerate": 31.575638314203267
  },
  "('Z2', 'Z3', 'low', 'push', 'Z3', 'Z3', 'uphill')": {
    "slow down": 73.54807892476056,
    "keep going": 46.178462432210786,
    "accelerate": 48.9847890672958
  },
  "('Z3', 'Z3', 'low', 'push', 'Z3', 'Z3', 'uphill')": {
    "slow down": 78.17125117076577,
    "keep going": 79.51944581840772,
    "accelerate": 78.25752674045518
  },
  "('Z3', 'Z3', 'low', 'push', 'Z3', 'Z3', 'flat')": {
    "slow down": 78.25465168899787,
    "keep going": 79.00609397742433,
    "accelerate": 78.03944573169757
  },
  "('Z3', 'Z4', 'low', 'push', 'Z3', 'Z3', 'flat')": {
    "slow down": 79.2517046280812,
    "keep going": 78.31419648148054,
    "accelerate": 73.89856537399449
  },
  "('Z3', 'Z2', 'low', 'push', 'Z3', 'Z3', 'flat')": {
    "slow down": 72.53254820015253,
    "keep going": 78.17097655828735,
    "accelerate": 79.4105812286738
  },
  "('Z3', 'Z3', 'low', 'push', 'Z3', 'Z3', 'downhill')": {
    "slow down": 78.2469475113302,
    "keep going": 79.53507693236706,
    "accelerate": 78.11920104050904
  },
  "('Z4', 'Z4', 'low', 'push', 'Z3', 'Z3', 'uphill')": {
    "slow down": 76.7479821463268,
    "keep going": 33.14486039548633,
    "accelerate": 42.331073818209205
  },
  "('Z4', 'Z5', 'low', 'push', 'Z3', 'Z3', 'flat')": {
    "slow down": 76.5301963748867,
    "keep going": 67.80511902811412,
    "accelerate": 67.99973164053183
  },
  "('Z4', 'Z4', 'low', 'push', 'Z3', 'Z3', 'flat')": {
    "slow down": 75.75929506146102,
    "keep going": 75.06166708067002,
    "accelerate": 72.20638382406266
  },
  "('Z4', 'Z3', 'low', 'push', 'Z3', 'Z3', 'flat')": {
    "slow down": 70.82868497792509,
    "keep going": 77.6086644056411,
    "accelerate": 74.84089233109742
  },
  "('Z4', 'Z4', 'low', 'push', 'Z3', 'Z3', 'downhill')": {
    "slow down": 76.57689883703758,
    "keep going": 47.680524269356056,
    "accelerate": 22.82133457116776
  },
  "('Z4', 'Z5', 'low', 'push', 'Z3', 'Z3', 'uphill')": {
    "slow down": 75.28917474655263,
    "keep going": 27.93283772201965,
    "accelerate": 20.21494393224389
  },
  "('Z4', 'Z2', 'low', 'push', 'Z3', 'Z3', 'flat')": {
    "slow down": 21.398441414431993,
    "keep going": 69.10916693990387,
    "accelerate": 17.000674872493107
  },
  "('Z3', 'Z1', 'low', 'push', 'Z3', 'Z3', 'flat')": {
    "slow down": 39.54778094625624,
    "keep going": 71.36545926568455,
    "accelerate": 55.026690777214064
  },
  "('Z3', 'Z2', 'low', 'push', 'Z3', 'Z3', 'downhill')": {
    "slow down": 65.94734056027414,
    "keep going": 75.2010114743312,
    "accelerate": 79.34096407676384
  },
  "('Z2', 'Z1', 'low', 'push', 'Z3', 'Z3', 'downhill')": {
    "slow down": 34.48436671021486,
    "keep going": 23.76344728204556,
    "accelerate": 74.28859269023644
  },
  "('Z3', 'Z5', 'low', 'push', 'Z3', 'Z3', 'flat')": {
    "slow down": 78.73167446490783,
    "keep going": 33.86956913609727,
    "accelerate": 42.832066717220854
  },
  "('Z4', 'Z4', 'low', 'push', 'Z4', 'Z4', 'flat')": {
    "slow down": 77.09711767458825,
    "keep going": 77.7913955757847,
    "accelerate": 77.33915738095563
  },
  "('Z4', 'Z5', 'low', 'push', 'Z4', 'Z4', 'uphill')": {
    "slow down": 78.38038385964832,
    "keep going": 40.357472492197395,
    "accelerate": 46.23030166493372
  },
  "('Z4', 'Z3', 'low', 'push', 'Z4', 'Z4', 'flat')": {
    "slow down": 68.31497299351776,
    "keep going": 74.73843197406433,
    "accelerate": 78.18129568831851
  },
  "('Z4', 'Z2', 'low', 'push', 'Z4', 'Z4', 'flat')": {
    "slow down": 1.3789037547554943,
    "keep going": 18.64360435720299,
    "accelerate": 55.703075511595195
  },
  "('Z3', 'Z3', 'low', 'push', 'Z4', 'Z4', 'uphill')": {
    "slow down": 11.651563015498724,
    "keep going": 11.429113100522631,
    "accelerate": 75.11065884877519
  },
  "('Z3', 'Z2', 'low', 'push', 'Z4', 'Z4', 'flat')": {
    "slow down": 14.208847799213471,
    "keep going": 54.18259426847228,
    "accelerate": 75.34408635651081
  },
  "('Z3', 'Z1', 'low', 'push', 'Z4', 'Z4', 'flat')": {
    "slow down": 3.8894698349573398,
    "keep going": 4.2602510488794065,
    "accelerate": 37.37779279397829
  },
  "('Z2', 'Z1', 'low', 'push', 'Z4', 'Z4', 'flat')": {
    "slow down": 0.7880182502872463,
    "keep going": 0.6849852324625326,
    "accelerate": 25.388250376028203
  },
  "('Z2', 'Z2', 'low', 'push', 'Z4', 'Z4', 'flat')": {
    "slow down": 2.3614448948820925,
    "keep going": 6.9389902799712075,
    "accelerate": 47.665601351448046
  },
  "('Z2', 'Z3', 'low', 'push', 'Z4', 'Z4', 'flat')": {
    "slow down": 2.8911366532960905,
    "keep going": 10.025515123924857,
    "accelerate": 55.98637963648986
  },
  "('Z2', 'Z2', 'low', 'push', 'Z4', 'Z4', 'uphill')": {
    "slow down": -0.10509615791398966,
    "keep going": -0.044298174013852,
    "accelerate": 7.297989312610081
  },
  "('Z3', 'Z4', 'low', 'push', 'Z4', 'Z4', 'flat')": {
    "slow down": 70.19802404858976,
    "keep going": 76.54156905214988,
    "accelerate": 75.33446833449014
  },
  "('Z3', 'Z3', 'low', 'push', 'Z4', 'Z4', 'flat')": {
    "slow down": 65.08198530050174,
    "keep going": 72.99397155457606,
    "accelerate": 74.97069736677462
  },
  "('Z3', 'Z4', 'low', 'push', 'Z4', 'Z4', 'uphill')": {
    "slow down": 53.472872629853,
    "keep going": 75.62934211308134,
    "accelerate": 56.97706036451463
  },
  "('Z4', 'Z4', 'low', 'push', 'Z4', 'Z4', 'downhill')": {
    "slow down": 77.10924176650279,
    "keep going": 78.44070732934506,
    "accelerate": 77.23215233511216
  },
  "('Z3', 'Z4', 'low', 'push', 'Z4', 'Z4', 'downhill')": {
    "slow down": 68.54095967120662,
    "keep going": 78.1310346473263,
    "accelerate": 70.57644761049924
  },
  "('Z4', 'Z5', 'low', 'push', 'Z4', 'Z4', 'flat')": {
    "slow down": 78.35857970249606,
    "keep going": 76.77385440940922,
    "accelerate": 75.66883121978194
  },
  "('Z5', 'Z5', 'low', 'push', 'Z4', 'Z4', 'flat')": {
    "slow down": 73.17974729949724,
    "keep going": 28.48619624875919,
    "accelerate": 28.662613757223077
  },
  "('Z4', 'Z3', 'low', 'push', 'Z4', 'Z4', 'uphill')": {
    "slow down": 38.318082290120536,
    "keep going": 77.15551007896747,
    "accelerate": 49.77161780402895
  },
  "('Z3', 'Z2', 'low', 'push', 'Z4', 'Z4', 'uphill')": {
    "slow down": 9.6255685264292,
    "keep going": 63.69855638956339,
    "accelerate": 1.1142337153268649
  },
  "('Z4', 'Z3', 'low', 'push', 'Z3', 'Z3', 'downhill')": {
    "slow down": 49.46784092321364,
    "keep going": 78.99380489140712,
    "accelerate": 47.56152794686343
  },
  "('Z3', 'Z4', 'low', 'push', 'Z3', 'Z3', 'downhill')": {
    "slow down": 79.39440922597463,
    "keep going": 75.59384157377323,
    "accelerate": 69.4773763554552
  },
  "('Z4', 'Z3', 'low', 'push', 'Z3', 'Z3', 'uphill')": {
    "slow down": 68.25630829814143,
    "keep going": 62.1847700896353,
    "accelerate": 74.61133264094319
  },
  "('Z3', 'Z4', 'low', 'push', 'Z3', 'Z3', 'uphill')": {
    "slow down": 79.39636511269877,
    "keep going": 74.6745041402818,
    "accelerate": 68.99045911543462
  },
  "('Z3', 'Z2', 'low', 'push', 'Z3', 'Z3', 'uphill')": {
    "slow down": 68.06543783788071,
    "keep going": 75.01274168180285,
    "accelerate": 79.45221940867037
  },
  "('Z2', 'Z3', 'low', 'push', 'Z4', 'Z4', 'downhill')": {
    "slow down": 5.323392708454624,
    "keep going": 0.0,
    "accelerate": 1.923327232913052
  },
  "('Z3', 'Z3', 'low', 'push', 'Z4', 'Z4', 'downhill')": {
    "slow down": 67.4219132880428,
    "keep going": 25.61943436199664,
    "accelerate": 18.185772866047607
  },
  "('Z4', 'Z5', 'low', 'push', 'Z4', 'Z4', 'downhill')": {
    "slow down": 78.38109595426425,
    "keep going": 52.20162405092882,
    "accelerate": 53.55141756456416
  },
  "('Z3', 'Z2', 'low', 'push', 'Z4', 'Z4', 'downhill')": {
    "slow down": -0.11897615232422726,
    "keep going": 32.778615937912654,
    "accelerate": 18.33670363156274
  },
  "('Z4', 'Z3', 'low', 'push', 'Z4', 'Z4', 'downhill')": {
    "slow down": 33.76802097686465,
    "keep going": 45.452642280972185,
    "accelerate": 78.38762856156511
  },
  "('Z4', 'Z4', 'low', 'push', 'Z4', 'Z4', 'uphill')": {
    "slow down": 77.17484959236012,
    "keep going": 78.46330429716879,
    "accelerate": 77.36425270324683
  },
  "('Z2', 'Z1', 'low', 'push', 'Z4', 'Z4', 'uphill')": {
    "slow down": -0.10714069651099703,
    "keep going": 1.1239032781915146,
    "accelerate": 0.0
  },
  "('Z2', 'Z4', 'low', 'push', 'Z4', 'Z4', 'flat')": {
    "slow down": 0.7812942750930947,
    "keep going": 1.928838167182335,
    "accelerate": 0.0
  },
  "('Z2', 'Z4', 'low', 'push', 'Z3', 'Z3', 'flat')": {
    "slow down": 74.66661887379867,
    "keep going": 26.45739619071312,
    "accelerate": 50.39949296119091
  },
  "('Z3', 'Z5', 'low', 'push', 'Z3', 'Z3', 'downhill')": {
    "slow down": 39.64866303088948,
    "keep going": 13.146198261294817,
    "accelerate": 2.6998354124555273
  },
  "('Z3', 'Z5', 'low', 'push', 'Z3', 'Z3', 'uphill')": {
    "slow down": 33.80167566629281,
    "keep going": 7.226921070143206,
    "accelerate": 3.3867506125549975
  },
  "('Z3', 'Z5', 'low', 'push', 'Z4', 'Z4', 'flat')": {
    "slow down": 42.45071043951262,
    "keep going": 6.2161260980196165,
    "accelerate": 13.274175599453034
  },
  "('Z2', 'Z1', 'low', 'push', 'Z4', 'Z4', 'downhill')": {
    "slow down": -0.09774847682250125,
    "keep going": 0.0,
    "accelerate": 1.0561724137731712
  },
  "('Z3', 'Z3', 'low', 'recover', 'Z2', 'Z2', 'uphill')": {
    "slow down": 8.082044231398006,
    "keep going": 44.06422062318602,
    "accelerate": 6.606291227863835
  },
  "('Z3', 'Z2', 'low', 'recover', 'Z2', 'Z2', 'flat')": {
    "slow down": 75.50396991156444,
    "keep going": 71.5281813063453,
    "accelerate": 62.89138831656881
  },
  "('Z2', 'Z1', 'low', 'recover', 'Z2', 'Z2', 'flat')": {
    "slow down": 78.67544451135959,
    "keep going": 78.65098754296302,
    "accelerate": 79.80221065984844
  },
  "('Z2', 'Z1', 'low', 'recover', 'Z2', 'Z2', 'downhill')": {
    "slow down": 54.536402250788946,
    "keep going": 57.60718272559821,
    "accelerate": 80.21928460529634
  },
  "('Z1', 'Z1', 'low', 'recover', 'Z2', 'Z2', 'flat')": {
    "slow down": 26.614374746779934,
    "keep going": 32.72050205482354,
    "accelerate": 71.78655167433341
  },
  "('Z2', 'Z2', 'low', 'recover', 'Z2', 'Z2', 'flat')": {
    "slow down": 78.40833312585221,
    "keep going": 79.34392407638974,
    "accelerate": 78.79136030149107
  },
  "('Z1', 'Z2', 'low', 'recover', 'Z2', 'Z2', 'downhill')": {
    "slow down": 0.3402980319531305,
    "keep going": 0.0,
    "accelerate": 0.0
  },
  "('Z2', 'Z3', 'low', 'recover', 'Z2', 'Z2', 'downhill')": {
    "slow down": 80.7254993236117,
    "keep going": 57.00300129499879,
    "accelerate": 35.357609064153586
  },
  "('Z2', 'Z2', 'low', 'recover', 'Z2', 'Z2', 'downhill')": {
    "slow down": 78.17330327681817,
    "keep going": 79.66887641613486,
    "accelerate": 78.94943090141902
  },
  "('Z2', 'Z3', 'low', 'recover', 'Z2', 'Z2', 'flat')": {
    "slow down": 81.02770357444604,
    "keep going": 79.20220371773173,
    "accelerate": 57.37136884812615
  },
  "('Z2', 'Z4', 'low', 'recover', 'Z2', 'Z2', 'flat')": {
    "slow down": 6.098076189397584,
    "keep going": 41.17564774667865,
    "accelerate": 1.4657782722433628
  },
  "('Z1', 'Z1', 'low', 'recover', 'Z2', 'Z2', 'uphill')": {
    "slow down": 2.1758185840576503,
    "keep going": 0.44445660573516615,
    "accelerate": 20.73668727985414
  },
  "('Z1', 'Z2', 'low', 'recover', 'Z2', 'Z2', 'flat')": {
    "slow down": 0.36679928645521764,
    "keep going": 35.60223753990709,
    "accelerate": 7.689025406554183
  },
  "('Z2', 'Z2', 'low', 'recover', 'Z2', 'Z2', 'uphill')": {
    "slow down": 78.25342600151266,
    "keep going": 79.6980099950616,
    "accelerate": 78.94178322573401
  },
  "('Z1', 'Z1', 'low', 'recover', 'Z2', 'Z2', 'downhill')": {
    "slow down": 0.21078589374922485,
    "keep going": 1.4217682683681807,
    "accelerate": 22.731061031759875
  },
  "('Z2', 'Z3', 'low', 'recover', 'Z2', 'Z2', 'uphill')": {
    "slow down": 81.01774467858286,
    "keep going": 63.16894684057664,
    "accelerate": 32.65270981983616
  },
  "('Z3', 'Z3', 'low', 'recover', 'Z2', 'Z2', 'flat')": {
    "slow down": 74.78100682817274,
    "keep going": 55.800872077746824,
    "accelerate": 38.43486624720961
  },
  "('Z3', 'Z4', 'low', 'recover', 'Z2', 'Z2', 'flat')": {
    "slow down": 66.83540454965075,
    "keep going": 39.06733480390387,
    "accelerate": 9.044067927027747
  },
  "('Z3', 'Z3', 'low', 'recover', 'Z2', 'Z2', 'downhill')": {
    "slow down": 7.846309574769415,
    "keep going": 52.504124180017136,
    "accelerate": 13.822911881796205
  },
  "('Z2', 'Z1', 'low', 'recover', 'Z2', 'Z2', 'uphill')": {
    "slow down": 58.71398797847759,
    "keep going": 62.17159911353765,
    "accelerate": 80.6406279878213
  },
  "('Z3', 'Z5', 'low', 'recover', 'Z2', 'Z2', 'flat')": {
    "slow down": 31.301185678142893,
    "keep going": 1.9869061533534786,
    "accelerate": 2.130459356631127
  },
  "('Z4', 'Z4', 'low', 'recover', 'Z2', 'Z2', 'flat')": {
    "slow down": 72.91947739560008,
    "keep going": 4.1762778415053665,
    "accelerate": -0.999958420856284
  },
  "('Z4', 'Z3', 'low', 'recover', 'Z2', 'Z2', 'flat')": {
    "slow down": 76.22020157607834,
    "keep going": 45.521162792175794,
    "accelerate": 47.56969794867016
  },
  "('Z3', 'Z2', 'low', 'recover', 'Z2', 'Z2', 'uphill')": {
    "slow down": 54.897019610592935,
    "keep going": 11.62165386191868,
    "accelerate": 3.2769974077683113
  },
  "('Z3', 'Z1', 'low', 'recover', 'Z2', 'Z2', 'flat')": {
    "slow down": 77.32060194287686,
    "keep going": 65.62327249644322,
    "accelerate": 71.91330207555512
  },
  "('Z3', 'Z2', 'low', 'recover', 'Z2', 'Z2', 'downhill')": {
    "slow down": 48.8871982906879,
    "keep going": 8.059644867116779,
    "accelerate": 8.558914183857139
  },
  "('Z2', 'Z2', 'low', 'cooldown', 'Z1', 'Z1', 'flat')": {
    "slow down": 77.80481510053414,
    "keep going": 76.72400476048183,
    "accelerate": 74.32657288919431
  },
  "('Z2', 'Z3', 'low', 'cooldown', 'Z1', 'Z1', 'flat')": {
    "slow down": 76.63627548080507,
    "keep going": 75.15118608877097,
    "accelerate": 60.42621798498383
  },
  "('Z2', 'Z1', 'low', 'cooldown', 'Z1', 'Z1', 'flat')": {
    "slow down": 79.00791414874934,
    "keep going": 78.72876787751154,
    "accelerate": 76.00406984322328
  },
  "('Z1', 'Z1', 'low', 'cooldown', 'Z1', 'Z1', 'flat')": {
    "slow down": 79.8814090080478,
    "keep going": 79.86507819118997,
    "accelerate": 79.11985190239221
  },
  "('Z1', 'Z2', 'low', 'cooldown', 'Z1', 'Z1', 'flat')": {
    "slow down": 81.46778560495241,
    "keep going": 79.84534365087804,
    "accelerate": 73.42921220416525
  },
  "('Z1', 'Z1', 'low', 'cooldown', 'Z1', 'Z1', 'uphill')": {
    "slow down": 79.86907951176988,
    "keep going": 79.98541134749752,
    "accelerate": 79.45821044373432
  },
  "('Z2', 'Z2', 'low', 'cooldown', 'Z1', 'Z1', 'uphill')": {
    "slow down": 78.55918976211552,
    "keep going": 49.50689294675117,
    "accelerate": 64.18323266866294
  },
  "('Z1', 'Z1', 'low', 'cooldown', 'Z1', 'Z1', 'downhill')": {
    "slow down": 79.88651049923739,
    "keep going": 79.95712596009595,
    "accelerate": 79.44293465206032
  },
  "('Z2', 'Z4', 'low', 'cooldown', 'Z1', 'Z1', 'flat')": {
    "slow down": 73.9635403977874,
    "keep going": 36.35076435354436,
    "accelerate": 3.7832922803205156
  },
  "('Z3', 'Z4', 'low', 'cooldown', 'Z1', 'Z1', 'flat')": {
    "slow down": 54.13669290741019,
    "keep going": 4.669516122533233,
    "accelerate": 2.9022478079550376
  },
  "('Z3', 'Z3', 'low', 'cooldown', 'Z1', 'Z1', 'flat')": {
    "slow down": 54.621529154160925,
    "keep going": 33.855512008543506,
    "accelerate": 19.503242460475644
  },
  "('Z3', 'Z2', 'low', 'cooldown', 'Z1', 'Z1', 'flat')": {
    "slow down": 69.39887898099943,
    "keep going": 36.97761397693218,
    "accelerate": 26.17142920315769
  },
  "('Z3', 'Z2', 'low', 'cooldown', 'Z1', 'Z1', 'downhill')": {
    "slow down": 32.805969935761595,
    "keep going": -0.028586061440711866,
    "accelerate": 0.0
  },
  "('Z2', 'Z2', 'low', 'cooldown', 'Z1', 'Z1', 'downhill')": {
    "slow down": 78.8911033265749,
    "keep going": 60.2280348892045,
    "accelerate": 39.89877595293655
  },
  "('Z2', 'Z1', 'low', 'cooldown', 'Z1', 'Z1', 'uphill')": {
    "slow down": 70.73167507121317,
    "keep going": 67.25574696465208,
    "accelerate": 76.56710045616579
  },
  "('Z2', 'Z3', 'low', 'cooldown', 'Z1', 'Z1', 'uphill')": {
    "slow down": 76.91276742087399,
    "keep going": 41.430475098008685,
    "accelerate": 34.7937093715858
  },
  "('Z1', 'Z2', 'low', 'cooldown', 'Z1', 'Z1', 'uphill')": {
    "slow down": 81.44185638548382,
    "keep going": 79.71216317946877,
    "accelerate": 74.28096906823072
  },
  "('Z3', 'Z5', 'low', 'cooldown', 'Z1', 'Z1', 'downhill')": {
    "slow down": 1.1129167814001693,
    "keep going": -0.3538565063085289,
    "accelerate": -0.2851023145553519
  },
  "('Z3', 'Z5', 'low', 'cooldown', 'Z1', 'Z1', 'flat')": {
    "slow down": 26.397043208121712,
    "keep going": -0.945798179915043,
    "accelerate": -0.4477048121213354
  },
  "('Z4', 'Z5', 'low', 'cooldown', 'Z1', 'Z1', 'flat')": {
    "slow down": -0.6797833141625108,
    "keep going": -1.0719514352090085,
    "accelerate": -1.1761241056076515
  },
  "('Z4', 'Z4', 'low', 'cooldown', 'Z1', 'Z1', 'flat')": {
    "slow down": 2.325650665660148,
    "keep going": -1.0727436269508588,
    "accelerate": -1.5255793981424375
  },
  "('Z4', 'Z3', 'low', 'cooldown', 'Z1', 'Z1', 'flat')": {
    "slow down": 8.395983137500961,
    "keep going": -0.29646005941254416,
    "accelerate": -0.41695255775133244
  },
  "('Z3', 'Z1', 'low', 'cooldown', 'Z1', 'Z1', 'flat')": {
    "slow down": 44.13265376411873,
    "keep going": 4.949556190013955,
    "accelerate": 12.108830678003216
  },
  "('Z2', 'Z1', 'low', 'cooldown', 'Z1', 'Z1', 'downhill')": {
    "slow down": 69.26285808898778,
    "keep going": 81.27435692006766,
    "accelerate": 39.41566185462878
  },
  "('Z1', 'Z2', 'low', 'cooldown', 'Z1', 'Z1', 'downhill')": {
    "slow down": 81.44340998713132,
    "keep going": 78.65628868652415,
    "accelerate": 73.84154297539533
  },
  "('Z4', 'Z4', 'low', 'cooldown', 'Z1', 'Z1', 'downhill')": {
    "slow down": -0.12962281747818022,
    "keep going": 0.0,
    "accelerate": -0.3530111577631461
  },
  "('Z4', 'Z2', 'low', 'cooldown', 'Z1', 'Z1', 'flat')": {
    "slow down": 2.6164524298310377,
    "keep going": 0.0,
    "accelerate": 0.0
  },
  "('Z3', 'Z1', 'low', 'cooldown', 'Z1', 'Z1', 'uphill')": {
    "slow down": 6.152422240912891,
    "keep going": 0.0,
    "accelerate": 0.0
  },
  "('Z3', 'Z3', 'low', 'cooldown', 'Z1', 'Z1', 'downhill')": {
    "slow down": 27.655440643380487,
    "keep going": 0.0,
    "accelerate": 0.0
  },
  "('Z2', 'Z3', 'low', 'cooldown', 'Z1', 'Z1', 'downhill')": {
    "slow down": 77.14971946778661,
    "keep going": 42.234875216383465,
    "accelerate": 31.275392126116344
  },
  "('Z2', 'Z4', 'low', 'warmup', 'Z1', 'Z1', 'uphill')": {
    "slow down": 19.02399060493393,
    "keep going": 0.0,
    "accelerate": -0.2415981025381287
  },
  "('Z3', 'Z5', 'low', 'warmup', 'Z1', 'Z1', 'flat')": {
    "slow down": -0.2816361927058779,
    "keep going": -0.9860180057251189,
    "accelerate": -1.2435576074683585
  },
  "('Z4', 'Z4', 'low', 'warmup', 'Z1', 'Z1', 'uphill')": {
    "slow down": -0.1708395550465582,
    "keep going": -0.2590128416004951,
    "accelerate": -0.3084844582149576
  },
  "('Z5', 'Z4', 'low', 'warmup', 'Z1', 'Z1', 'flat')": {
    "slow down": -0.17668875673789805,
    "keep going": 0.0,
    "accelerate": 0.0
  },
  "('Z4', 'Z3', 'low', 'warmup', 'Z1', 'Z1', 'uphill')": {
    "slow down": -0.1370169345681085,
    "keep going": 2.4913496806671755,
    "accelerate": 0.0
  },
  "('Z4', 'Z2', 'low', 'warmup', 'Z1', 'Z1', 'flat')": {
    "slow down": -0.03146591675935323,
    "keep going": 0.2787817220991872,
    "accelerate": 0.0
  },
  "('Z3', 'Z1', 'low', 'warmup', 'Z1', 'Z1', 'flat')": {
    "slow down": 0.0,
    "keep going": 3.371795549685488,
    "accelerate": 13.048763876660392
  },
  "('Z3', 'Z2', 'low', 'warmup', 'Z1', 'Z1', 'uphill')": {
    "slow down": 6.163492622830033,
    "keep going": -0.016490356414149098,
    "accelerate": 0.0
  },
  "('Z5', 'Z5', 'low', 'push', 'Z3', 'Z3', 'flat')": {
    "slow down": 11.446874543470711,
    "keep going": 0.7046134060995403,
    "accelerate": -0.04480812595770839
  },
  "('Z3', 'Z1', 'low', 'push', 'Z3', 'Z3', 'downhill')": {
    "slow down": 42.18376137914605,
    "keep going": 6.2639914587637024,
    "accelerate": 20.5346312611683
  },
  "('Z1', 'Z1', 'low', 'push', 'Z3', 'Z3', 'downhill')": {
    "slow down": 3.3856000675480438,
    "keep going": 0.738407106536703,
    "accelerate": 0.0
  },
  "('Z5', 'Z5', 'low', 'push', 'Z3', 'Z3', 'downhill')": {
    "slow down": 0.9879510646202414,
    "keep going": 0.0,
    "accelerate": 0.0
  },
  "('Z2', 'Z4', 'low', 'push', 'Z4', 'Z4', 'downhill')": {
    "slow down": 0.0,
    "keep going": 0.0,
    "accelerate": 0.2710320311690932
  },
  "('Z3', 'Z5', 'low', 'push', 'Z4', 'Z4', 'downhill')": {
    "slow down": 0.0,
    "keep going": 14.067745645062763,
    "accelerate": 0.0
  },
  "('Z4', 'Z5', 'low', 'push', 'Z3', 'Z3', 'downhill')": {
    "slow down": 24.97800146704669,
    "keep going": 70.59487025251127,
    "accelerate": 27.440378256846135
  },
  "('Z3', 'Z1', 'low', 'push', 'Z3', 'Z3', 'uphill')": {
    "slow down": 13.897022132940767,
    "keep going": 23.78060977694246,
    "accelerate": 1.8025598247428716
  },
  "('Z1', 'Z1', 'low', 'push', 'Z4', 'Z4', 'flat')": {
    "slow down": 0.0,
    "keep going": -0.1675611162760296,
    "accelerate": -0.1385832643833216
  },
  "('Z1', 'Z1', 'low', 'push', 'Z4', 'Z4', 'uphill')": {
    "slow down": -0.16151896723799575,
    "keep going": 0.0,
    "accelerate": 0.0
  },
  "('Z1', 'Z2', 'low', 'push', 'Z4', 'Z4', 'flat')": {
    "slow down": 0.0,
    "keep going": 0.0,
    "accelerate": 0.36649337777923396
  },
  "('Z3', 'Z4', 'low', 'cooldown', 'Z1', 'Z1', 'downhill')": {
    "slow down": 1.092440206700836,
    "keep going": -0.16567404581197967,
    "accelerate": 0.27930677194041353
  },
  "('Z4', 'Z5', 'low', 'cooldown', 'Z1', 'Z1', 'downhill')": {
    "slow down": -0.3283936617947929,
    "keep going": -0.3403616397384795,
    "accelerate": 0.0
  },
  "('Z3', 'Z3', 'low', 'cooldown', 'Z1', 'Z1', 'uphill')": {
    "slow down": 0.0,
    "keep going": 23.754301717214233,
    "accelerate": -0.3694634590342015
  },
  "('Z4', 'Z4', 'low', 'cooldown', 'Z1', 'Z1', 'uphill')": {
    "slow down": -0.026388609508880168,
    "keep going": -0.09212623077259977,
    "accelerate": 0.0
  },
  "('Z4', 'Z3', 'low', 'cooldown', 'Z1', 'Z1', 'uphill')": {
    "slow down": 0.17831564734992394,
    "keep going": 0.0,
    "accelerate": 0.0
  },
  "('Z3', 'Z4', 'low', 'warmup', 'Z1', 'Z1', 'downhill')": {
    "slow down": 3.4725296306909526,
    "keep going": -0.1473475879427872,
    "accelerate": -0.5476488716003853
  },
  "('Z3', 'Z2', 'low', 'warmup', 'Z1', 'Z1', 'downhill')": {
    "slow down": 8.734199430091937,
    "keep going": 0.0,
    "accelerate": 0.0
  },
  "('Z5', 'Z5', 'low', 'push', 'Z4', 'Z4', 'downhill')": {
    "slow down": 0.0,
    "keep going": 13.063062271995399,
    "accelerate": 0.0
  },
  "('Z5', 'Z4', 'low', 'push', 'Z3', 'Z3', 'flat')": {
    "slow down": 0.0,
    "keep going": 7.613980158825763,
    "accelerate": -0.24145348124777796
  },
  "('Z5', 'Z5', 'low', 'push', 'Z3', 'Z3', 'uphill')": {
    "slow down": 1.3941511848711026,
    "keep going": 0.0,
    "accelerate": 0.0
  },
  "('Z4', 'Z4', 'low', 'recover', 'Z2', 'Z2', 'uphill')": {
    "slow down": 73.76363959061848,
    "keep going": 29.702239120963142,
    "accelerate": 5.275026163810128
  },
  "('Z3', 'Z4', 'low', 'recover', 'Z2', 'Z2', 'downhill')": {
    "slow down": 53.90321594755612,
    "keep going": 0.0,
    "accelerate": 0.8032651741924135
  },
  "('Z4', 'Z5', 'low', 'recover', 'Z2', 'Z2', 'flat')": {
    "slow down": 28.295039890154108,
    "keep going": -0.7556937827452812,
    "accelerate": -0.2028783275425614
  },
  "('Z4', 'Z5', 'low', 'recover', 'Z2', 'Z2', 'downhill')": {
    "slow down": -0.03415794121666217,
    "keep going": -0.16130836873834842,
    "accelerate": 0.0861002555254252
  },
  "('Z4', 'Z4', 'low', 'recover', 'Z2', 'Z2', 'downhill')": {
    "slow down": 0.3899832833339395,
    "keep going": 0.11666763734982673,
    "accelerate": 0.0
  },
  "('Z3', 'Z4', 'low', 'recover', 'Z2', 'Z2', 'uphill')": {
    "slow down": 4.265255906218048,
    "keep going": 18.723307903644404,
    "accelerate": 0.14421301989936075
  },
  "('Z2', 'Z4', 'low', 'cooldown', 'Z1', 'Z1', 'downhill')": {
    "slow down": 44.42361957826757,
    "keep going": 5.115910518584082,
    "accelerate": 0.0
  },
  "('Z3', 'Z3', 'low', 'warmup', 'Z1', 'Z1', 'uphill')": {
    "slow down": 8.747118080267775,
    "keep going": 2.6134578011884826,
    "accelerate": -0.17760176811328346
  },
  "('Z3', 'Z5', 'low', 'warmup', 'Z1', 'Z1', 'downhill')": {
    "slow down": -0.22317038650460896,
    "keep going": 0.0,
    "accelerate": 0.0
  },
  "('Z4', 'Z5', 'low', 'warmup', 'Z1', 'Z1', 'downhill')": {
    "slow down": -0.44229611820890624,
    "keep going": -0.7533659306247201,
    "accelerate": 0.0
  },
  "('Z4', 'Z4', 'low', 'warmup', 'Z1', 'Z1', 'downhill')": {
    "slow down": -0.22832466158629414,
    "keep going": 0.0,
    "accelerate": 0.0
  },
  "('Z4', 'Z3', 'low', 'warmup', 'Z1', 'Z1', 'downhill')": {
    "slow down": -0.13768675652869586,
    "keep going": 0.04225353127594318,
    "accelerate": 0.0
  },
  "('Z2', 'Z3', 'low', 'push', 'Z4', 'Z4', 'uphill')": {
    "slow down": 4.784907339415099,
    "keep going": 0.0,
    "accelerate": 0.0
  },
  "('Z2', 'Z4', 'low', 'push', 'Z3', 'Z3', 'uphill')": {
    "slow down": 17.453835132125292,
    "keep going": 0.0,
    "accelerate": 0.0
  },
  "('Z4', 'Z5', 'low', 'recover', 'Z2', 'Z2', 'uphill')": {
    "slow down": 50.97827617729037,
    "keep going": 0.37825850298306896,
    "accelerate": -0.3836047953091041
  },
  "('Z4', 'Z2', 'low', 'recover', 'Z2', 'Z2', 'flat')": {
    "slow down": 76.15232330849392,
    "keep going": 0.0,
    "accelerate": 2.2615280219793434
  },
  "('Z3', 'Z5', 'low', 'recover', 'Z2', 'Z2', 'downhill')": {
    "slow down": 5.547890386039876,
    "keep going": -0.13402200398869493,
    "accelerate": 0.1389631774350717
  },
  "('Z2', 'Z4', 'low', 'recover', 'Z2', 'Z2', 'uphill')": {
    "slow down": 26.78763194804074,
    "keep going": 0.0,
    "accelerate": 0.0
  },
  "('Z4', 'Z2', 'low', 'push', 'Z3', 'Z3', 'downhill')": {
    "slow down": 7.534884419660418,
    "keep going": 23.632430478314376,
    "accelerate": 6.680604132044003
  },
  "('Z2', 'Z2', 'low', 'push', 'Z4', 'Z4', 'downhill')": {
    "slow down": 0.05086064917974404,
    "keep going": 7.821943291918799,
    "accelerate": 0.0
  },
  "('Z2', 'Z4', 'low', 'recover', 'Z2', 'Z2', 'downhill')": {
    "slow down": 0.0,
    "keep going": 0.0,
    "accelerate": 3.469846766042709
  },
  "('Z5', 'Z5', 'low', 'recover', 'Z2', 'Z2', 'downhill')": {
    "slow down": 0.13781600278066777,
    "keep going": 0.0,
    "accelerate": 0.0
  },
  "('Z5', 'Z5', 'low', 'recover', 'Z2', 'Z2', 'flat')": {
    "slow down": 0.11721876510747563,
    "keep going": 0.0,
    "accelerate": 0.0
  },
  "('Z3', 'Z4', 'low', 'cooldown', 'Z1', 'Z1', 'uphill')": {
    "slow down": 5.214199457469132,
    "keep going": 0.0,
    "accelerate": 0.0
  },
  "('Z3', 'Z1', 'low', 'recover', 'Z2', 'Z2', 'downhill')": {
    "slow down": 9.408215432305505,
    "keep going": 0.0,
    "accelerate": 0.0
  },
  "('Z5', 'Z5', 'low', 'push', 'Z4', 'Z4', 'uphill')": {
    "slow down": 0.0,
    "keep going": 23.75194789160683,
    "accelerate": 10.26391327522363
  },
  "('Z5', 'Z4', 'low', 'push', 'Z4', 'Z4', 'flat')": {
    "slow down": 45.93870434741951,
    "keep going": 3.245229954631659,
    "accelerate": 0.0
  },
  "('Z3', 'Z1', 'low', 'push', 'Z4', 'Z4', 'downhill')": {
    "slow down": 5.735827945506182,
    "keep going": 0.0,
    "accelerate": 12.553982023604274
  },
  "('Z3', 'Z5', 'low', 'push', 'Z4', 'Z4', 'uphill')": {
    "slow down": 0.0,
    "keep going": 0.0,
    "accelerate": 3.215028261653585
  },
  "('Z3', 'Z5', 'low', 'recover', 'Z2', 'Z2', 'uphill')": {
    "slow down": 14.873119152842092,
    "keep going": 0.0,
    "accelerate": 0.0
  },
  "('Z2', 'Z4', 'low', 'cooldown', 'Z1', 'Z1', 'uphill')": {
    "slow down": 33.93222901459707,
    "keep going": 6.595691680047572,
    "accelerate": 0.0
  },
  "('Z3', 'Z1', 'low', 'cooldown', 'Z1', 'Z1', 'downhill')": {
    "slow down": 14.905746914421279,
    "keep going": 0.0,
    "accelerate": 0.0
  },
  "('Z4', 'Z3', 'low', 'recover', 'Z2', 'Z2', 'uphill')": {
    "slow down": 0.0,
    "keep going": 62.03935250765975,
    "accelerate": 0.0
  },
  "('Z3', 'Z3', 'low', 'warmup', 'Z1', 'Z1', 'downhill')": {
    "slow down": 0.0,
    "keep going": 1.863338644944927,
    "accelerate": 0.0
  },
  "('Z2', 'Z4', 'low', 'push', 'Z3', 'Z3', 'downhill')": {
    "slow down": 0.0,
    "keep going": 7.64454731517599,
    "accelerate": 0.0
  },
  "('Z4', 'Z2', 'low', 'push', 'Z4', 'Z4', 'downhill')": {
    "slow down": 2.9774503062407742,
    "keep going": 0.0,
    "accelerate": 0.0
  },
  "('Z1', 'Z2', 'low', 'recover', 'Z2', 'Z2', 'uphill')": {
    "slow down": 0.0,
    "keep going": 0.0,
    "accelerate": 7.638407059293543
  },
  "('Z4', 'Z3', 'low', 'cooldown', 'Z1', 'Z1', 'downhill')": {
    "slow down": 5.467673048709495,
    "keep going": 0.0,
    "accelerate": 0.0
  },
  "('Z3', 'Z1', 'low', 'push', 'Z4', 'Z4', 'uphill')": {
    "slow down": 1.790693423620364,
    "keep going": 0.0,
    "accelerate": 0.0
  },
  "('Z4', 'Z2', 'low', 'push', 'Z4', 'Z4', 'uphill')": {
    "slow down": 2.40065678859516,
    "keep going": 0.0,
    "accelerate": 0.0
  },
  "('Z3', 'Z1', 'low', 'recover', 'Z2', 'Z2', 'uphill')": {
    "slow down": 7.821463766550541,
    "keep going": 0.0,
    "accelerate": 0.0
  },
  "('Z4', 'Z3', 'low', 'recover', 'Z2', 'Z2', 'downhill')": {
    "slow down": 7.36894479302827,
    "keep going": 0.0,
    "accelerate": 0.0
  },
  "('Z3', 'Z2', 'low', 'cooldown', 'Z1', 'Z1', 'uphill')": {
    "slow down": 0.0,
    "keep going": 0.0,
    "accelerate": 4.8278511271693665
  }
}