{
  "('Z1', 'Z1', 'low', 'warmup', 'Z1', 'Z1', 'flat')": {
    "slow down": 82.35196719538946,
    "keep going": 82.3807622717762,
    "accelerate": 82.26236796649776
  },
  "('Z1', 'Z1', 'low', 'warmup', 'Z1', 'Z1', 'downhill')": {
    "slow down": 83.3222390993492,
    "keep going": 84.49042349784236,
    "accelerate": 82.55681304497308
  },
  "('Z1', 'Z2', 'low', 'warmup', 'Z1', 'Z1', 'flat')": {
    "slow down": 83.45785151796557,
    "keep going": 81.66549848370279,
    "accelerate": 75.55075147826267
  },
  "('Z1', 'Z1', 'low', 'warmup', 'Z1', 'Z1', 'uphill')": {
    "slow down": 83.40143237707156,
    "keep going": 84.46136969264298,
    "accelerate": 82.67238086605047
  },
  "('Z1', 'Z2', 'low', 'warmup', 'Z1', 'Z1', 'uphill')": {
    "slow down": 83.79674221958966,
    "keep going": 74.51736376631597,
    "accelerate": 70.89106989569669
  },
  "('Z2', 'Z2', 'low', 'warmup', 'Z1', 'Z1', 'flat')": {
    "slow down": 82.74289101145307,
    "keep going": 75.8894522597959,
    "accelerate": 67.71202311226844
  },
  "('Z2', 'Z3', 'low', 'warmup', 'Z1', 'Z1', 'flat')": {
    "slow down": 81.28713316152675,
    "keep going": 63.40007988410094,
    "accelerate": 35.24790653838148
  },
  "('Z2', 'Z2', 'low', 'warmup', 'Z1', 'Z1', 'downhill')": {
    "slow down": 42.45706715366723,
    "keep going": 78.77494070381607,
    "accelerate": 30.475088367360414
  },
  "('Z2', 'Z1', 'low', 'warmup', 'Z1', 'Z1', 'flat')": {
    "slow down": 79.87732760058378,
    "keep going": 83.54826897429191,
    "accelerate": 70.93750614171923
  },
  "('Z1', 'Z2', 'low', 'warmup', 'Z1', 'Z1', 'downhill')": {
    "slow down": 83.79320509071403,
    "keep going": 79.94511237236625,
    "accelerate": 63.505934899840966
  },
  "('Z2', 'Z4', 'low', 'warmup', 'Z1', 'Z1', 'flat')": {
    "slow down": 59.63911356216128,
    "keep going": -0.2587521609926834,
    "accelerate": -1.2644383958926417
  },
  "('Z2', 'Z3', 'low', 'warmup', 'Z1', 'Z1', 'uphill')": {
    "slow down": 22.290495023786562,
    "keep going": 67.87737703768558,
    "accelerate": 0.41847799319055845
  },
  "('Z3', 'Z5', 'low', 'warmup', 'Z1', 'Z1', 'flat')": {
    "slow down": -0.4343132239025336,
    "keep going": -0.7525554218452555,
    "accelerate": -0.758620797503774
  },
  "('Z3', 'Z4', 'low', 'warmup', 'Z1', 'Z1', 'uphill')": {
    "slow down": 1.4795315588695224,
    "keep going": 0.0,
    "accelerate": 0.0
  },
  "('Z3', 'Z3', 'low', 'warmup', 'Z1', 'Z1', 'flat')": {
    "slow down": 20.177067188807694,
    "keep going": 2.26476142285679,
    "accelerate": 1.1435612351452598
  },
  "('Z3', 'Z2', 'low', 'warmup', 'Z1', 'Z1', 'flat')": {
    "slow down": 37.52905125631077,
    "keep going": 9.2779657121779,
    "accelerate": 0.0
  },
  "('Z2', 'Z1', 'low', 'warmup', 'Z1', 'Z1', 'uphill')": {
    "slow down": 80.31253450191915,
    "keep going": 10.636307864705277,
    "accelerate": 50.76323963119798
  },
  "('Z3', 'Z3', 'low', 'warmup', 'Z1', 'Z1', 'uphill')": {
    "slow down": 0.3864172351285048,
    "keep going": 0.45175940110356483,
    "accelerate": 0.0
  },
  "('Z2', 'Z1', 'low', 'warmup', 'Z1', 'Z1', 'downhill')": {
    "slow down": 81.06403721940207,
    "keep going": 38.821939380352546,
    "accelerate": 31.24229412399755
  },
  "('Z3', 'Z4', 'low', 'warmup', 'Z1', 'Z1', 'flat')": {
    "slow down": 9.012582175533826,
    "keep going": 0.19033705181784777,
    "accelerate": -1.368513635847931
  },
  "('Z3', 'Z2', 'low', 'warmup', 'Z1', 'Z1', 'uphill')": {
    "slow down": 6.522481387327192,
    "keep going": 0.0,
    "accelerate": 0.6345952292170286
  },
  "('Z4', 'Z5', 'low', 'warmup', 'Z1', 'Z1', 'flat')": {
    "slow down": -1.0711626305647213,
    "keep going": -1.0384922213471874,
    "accelerate": -1.0868332846813207
  },
  "('Z4', 'Z4', 'low', 'warmup', 'Z1', 'Z1', 'flat')": {
    "slow down": -0.8141740017750276,
    "keep going": -0.8383196733570069,
    "accelerate": -1.1776601860928424
  },
  "('Z4', 'Z3', 'low', 'warmup', 'Z1', 'Z1', 'flat')": {
    "slow down": 1.1921351645201053,
    "keep going": -0.40791723463105956,
    "accelerate": -0.38086741945800856
  },
  "('Z3', 'Z1', 'low', 'warmup', 'Z1', 'Z1', 'flat')": {
    "slow down": 21.333202904158306,
    "keep going": -0.14806286605344873,
    "accelerate": 0.560580514617225
  },
  "('Z1', 'Z1', 'low', 'push', 'Z4', 'Z4', 'flat')": {
    "slow down": 43.98466941682102,
    "keep going": 39.33472076251583,
    "accelerate": 66.02053258947845
  },
  "('Z1', 'Z2', 'low', 'push', 'Z4', 'Z4', 'flat')": {
    "slow down": 30.56312214756717,
    "keep going": 41.552373116109834,
    "accelerate": 69.38868427827593
  },
  "('Z2', 'Z3', 'low', 'push', 'Z4', 'Z4', 'flat')": {
    "slow down": 66.14719990126832,
    "keep going": 68.98624665217322,
    "accelerate": 71.61370766365124
  },
  "('Z2', 'Z2', 'low', 'push', 'Z4', 'Z4', 'flat')": {
    "slow down": 54.94946593972047,
    "keep going": 62.132936022687225,
    "accelerate": 69.29738452096908
  },
  "('Z2', 'Z1', 'low', 'push', 'Z4', 'Z4', 'downhill')": {
    "slow down": 55.66513398818103,
    "keep going": 1.4634874959997415,
    "accelerate": 7.822112928890645
  },
  "('Z2', 'Z1', 'low', 'push', 'Z4', 'Z4', 'flat')": {
    "slow down": 5.293204870922711,
    "keep going": 14.67235376502033,
    "accelerate": 66.97194487411197
  },
  "('Z1', 'Z1', 'low', 'push', 'Z4', 'Z4', 'uphill')": {
    "slow down": -0.21886854549350088,
    "keep going": 0.0,
    "accelerate": 0.0
  },
  "('Z1', 'Z1', 'low', 'push', 'Z4', 'Z4', 'downhill')": {
    "slow down": -0.3868022448375004,
    "keep going": -0.40408962208341725,
    "accelerate": 16.539291869610857
  },
  "('Z2', 'Z4', 'low', 'push', 'Z4', 'Z4', 'flat')": {
    "slow down": 68.40978757974518,
    "keep going": 70.73902969952324,
    "accelerate": 69.73817298302961
  },
  "('Z3', 'Z4', 'low', 'push', 'Z4', 'Z4', 'flat')": {
    "slow down": 69.87480465852657,
    "keep going": 71.14978794230711,
    "accelerate": 71.96099511946149
  },
  "('Z3', 'Z3', 'low', 'push', 'Z4', 'Z4', 'flat')": {
    "slow down": 61.575770284322154,
    "keep going": 66.6457927370411,
    "accelerate": 71.5530699054361
  },
  "('Z3', 'Z4', 'low', 'push', 'Z4', 'Z4', 'uphill')": {
    "slow down": 69.04464618228499,
    "keep going": 35.93445211166251,
    "accelerate": 36.43598841388724
  },
  "('Z4', 'Z4', 'low', 'push', 'Z4', 'Z4', 'flat')": {
    "slow down": 75.31940482904967,
    "keep going": 75.84480200745159,
    "accelerate": 75.03973480130773
  },
  "('Z3', 'Z2', 'low', 'push', 'Z4', 'Z4', 'uphill')": {
    "slow down": 6.148271827546447,
    "keep going": 2.625837584508589,
    "accelerate": 53.61920228709452
  },
  "('Z4', 'Z5', 'low', 'push', 'Z4', 'Z4', 'flat')": {
    "slow down": 76.6975483357737,
    "keep going": 75.33439748174575,
    "accelerate": 75.1896401606252
  },
  "('Z4', 'Z4', 'low', 'push', 'Z4', 'Z4', 'uphill')": {
    "slow down": 75.54458093177345,
    "keep going": 76.61761813887469,
    "accelerate": 75.4002351058636
  },
  "('Z4', 'Z3', 'low', 'push', 'Z4', 'Z4', 'flat')": {
    "slow down": 62.251359657558396,
    "keep going": 74.67218940363139,
    "accelerate": 76.91041021055237
  },
  "('Z3', 'Z2', 'low', 'push', 'Z4', 'Z4', 'flat')": {
    "slow down": 30.810324497777657,
    "keep going": 51.20508114213251,
    "accelerate": 69.90020416302633
  },
  "('Z3', 'Z3', 'low', 'push', 'Z4', 'Z4', 'uphill')": {
    "slow down": 10.325847472309578,
    "keep going": 24.071074143336105,
    "accelerate": 71.47335852918877
  },
  "('Z3', 'Z1', 'low', 'push', 'Z4', 'Z4', 'flat')": {
    "slow down": 4.72452077528046,
    "keep going": 4.135030463410546,
    "accelerate": 44.566300971890556
  },
  "('Z2', 'Z2', 'low', 'push', 'Z4', 'Z4', 'downhill')": {
    "slow down": 54.156776400495225,
    "keep going": 57.8537362426269,
    "accelerate": 69.27668642514483
  },
  "('Z2', 'Z3', 'low', 'push', 'Z4', 'Z4', 'downhill')": {
    "slow down": 10.203877837015249,
    "keep going": 58.04427389613926,
    "accelerate": 0.3915860186595422
  },
  "('Z3', 'Z5', 'low', 'push', 'Z4', 'Z4', 'flat')": {
    "slow down": 72.38907204278587,
    "keep going": 73.57042411266244,
    "accelerate": 72.4661355920181
  },
  "('Z3', 'Z4', 'low', 'push', 'Z4', 'Z4', 'downhill')": {
    "slow down": 69.36732539137897,
    "keep going": 44.95472215348993,
    "accelerate": 56.97732500811579
  },
  "('Z4', 'Z4', 'low', 'push', 'Z4', 'Z4', 'downhill')": {
    "slow down": 75.40302710257365,
    "keep going": 76.59775454335656,
    "accelerate": 75.51804038892098
  },
  "('Z3', 'Z3', 'low', 'push', 'Z4', 'Z4', 'downhill')": {
    "slow down": 16.253500691749796,
    "keep going": 67.51456994407964,
    "accelerate": 9.916969432083766
  },
  "('Z4', 'Z4', 'low', 'recover', 'Z2', 'Z2', 'flat')": {
    "slow down": 70.58705573190375,
    "keep going": 66.80129374325101,
    "accelerate": 61.08275283716687
  },
  "('Z4', 'Z3', 'low', 'recover', 'Z2', 'Z2', 'flat')": {
    "slow down": 72.80225260421773,
    "keep going": 69.23922110916742,
    "accelerate": 64.36456028664075
  },
  "('Z3', 'Z2', 'low', 'recover', 'Z2', 'Z2', 'flat')": {
    "slow down": 68.86609598750547,
    "keep going": 72.9081852013618,
    "accelerate": 72.07931133995397
  },
  "('Z3', 'Z3', 'low', 'recover', 'Z2', 'Z2', 'uphill')": {
    "slow down": 75.22935645129985,
    "keep going": 49.13896443600909,
    "accelerate": 56.459168028561336
  },
  "('Z3', 'Z1', 'low', 'recover', 'Z2', 'Z2', 'flat')": {
    "slow down": 69.45122059407102,
    "keep going": 74.37829693642907,
    "accelerate": 62.78126796785966
  },
  "('Z2', 'Z1', 'low', 'recover', 'Z2', 'Z2', 'flat')": {
    "slow down": 70.44655780725614,
    "keep going": 72.44591015401264,
    "accelerate": 75.64156886506919
  },
  "('Z2', 'Z2', 'low', 'recover', 'Z2', 'Z2', 'flat')": {
    "slow down": 73.56132317092369,
    "keep going": 73.58754378885226,
    "accelerate": 73.35343140669036
  },
  "('Z2', 'Z1', 'low', 'recover', 'Z2', 'Z2', 'uphill')": {
    "slow down": 66.53720746472469,
    "keep going": 68.39329488076868,
    "accelerate": 75.80011342925097
  },
  "('Z1', 'Z1', 'low', 'recover', 'Z2', 'Z2', 'flat')": {
    "slow down": 69.59680214181475,
    "keep going": 70.29278704227171,
    "accelerate": 73.41879441254719
  },
  "('Z1', 'Z1', 'low', 'recover', 'Z2', 'Z2', 'uphill')": {
    "slow down": 38.827850124600594,
    "keep going": 47.64422690628687,
    "accelerate": 74.86885168641372
  },
  "('Z1', 'Z2', 'low', 'recover', 'Z2', 'Z2', 'flat')": {
    "slow down": 57.82574884379349,
    "keep going": 73.87140328094476,
    "accelerate": 59.11020912990718
  },
  "('Z1', 'Z1', 'low', 'recover', 'Z2', 'Z2', 'downhill')": {
    "slow down": 72.65134031718613,
    "keep going": 41.738689201337124,
    "accelerate": 36.232693710816584
  },
  "('Z2', 'Z3', 'low', 'recover', 'Z2', 'Z2', 'flat')": {
    "slow down": 75.62639688977904,
    "keep going": 73.03865609608152,
    "accelerate": 71.02378785805006
  },
  "('Z1', 'Z2', 'low', 'recover', 'Z2', 'Z2', 'uphill')": {
    "slow down": 49.46226805175007,
    "keep going": 0.0,
    "accelerate": 3.622993436450674
  },
  "('Z2', 'Z4', 'low', 'recover', 'Z2', 'Z2', 'flat')": {
    "slow down": 72.89401396808836,
    "keep going": 40.72327482041464,
    "accelerate": 17.959943889111543
  },
  "('Z3', 'Z4', 'low', 'recover', 'Z2', 'Z2', 'flat')": {
    "slow down": 75.05549234722743,
    "keep going": 64.3599422047902,
    "accelerate": 43.25220961416102
  },
  "('Z3', 'Z3', 'low', 'recover', 'Z2', 'Z2', 'flat')": {
    "slow down": 74.59175289131764,
    "keep going": 71.81813974320663,
    "accelerate": 69.21276619253432
  },
  "('Z2', 'Z2', 'low', 'recover', 'Z2', 'Z2', 'downhill')": {
    "slow down": 74.05981602824023,
    "keep going": 77.07477304482374,
    "accelerate": 74.36874419486017
  },
  "('Z1', 'Z2', 'low', 'push', 'Z4', 'Z4', 'downhill')": {
    "slow down": -0.20011236466307816,
    "keep going": 0.0,
    "accelerate": 0.0
  },
  "('Z2', 'Z3', 'low', 'push', 'Z4', 'Z4', 'uphill')": {
    "slow down": -0.046442787747130204,
    "keep going": 0.9492980845415429,
    "accelerate": 15.137656596966622
  },
  "('Z4', 'Z5', 'low', 'push', 'Z4', 'Z4', 'uphill')": {
    "slow down": 71.37637197090046,
    "keep going": 75.08230237074159,
    "accelerate": 70.5829712432702
  },
  "('Z5', 'Z5', 'low', 'push', 'Z4', 'Z4', 'downhill')": {
    "slow down": 7.211259095821835,
    "keep going": 58.86347239814509,
    "accelerate": 22.88414342164414
  },
  "('Z5', 'Z5', 'low', 'push', 'Z4', 'Z4', 'flat')": {
    "slow down": 75.51052940136745,
    "keep going": 55.80899677898067,
    "accelerate": 53.93643122990727
  },
  "('Z4', 'Z5', 'low', 'push', 'Z4', 'Z4', 'downhill')": {
    "slow down": 69.02491903470235,
    "keep going": 64.0969536134341,
    "accelerate": 75.58546062084824
  },
  "('Z4', 'Z5', 'low', 'recover', 'Z2', 'Z2', 'flat')": {
    "slow down": 65.83053703523389,
    "keep going": 15.618849047619237,
    "accelerate": 15.536822364434844
  },
  "('Z4', 'Z4', 'low', 'recover', 'Z2', 'Z2', 'uphill')": {
    "slow down": 70.65711673697245,
    "keep going": 37.643505157192386,
    "accelerate": 22.22442741444189
  },
  "('Z1', 'Z2', 'low', 'recover', 'Z2', 'Z2', 'downhill')": {
    "slow down": 51.005194557311206,
    "keep going": 4.824855777221496,
    "accelerate": 20.555132538308936
  },
  "('Z4', 'Z3', 'low', 'push', 'Z4', 'Z4', 'uphill')": {
    "slow down": 49.88795005131012,
    "keep going": 58.853169360457954,
    "accelerate": 76.98408304541431
  },
  "('Z3', 'Z1', 'low', 'push', 'Z4', 'Z4', 'downhill')": {
    "slow down": 0.0,
    "keep going": 2.125783033017151,
    "accelerate": 3.085638937183573
  },
  "('Z4', 'Z2', 'low', 'recover', 'Z2', 'Z2', 'flat')": {
    "slow down": 20.659753935247437,
    "keep going": 73.08918924951034,
    "accelerate": 36.55198646723267
  },
  "('Z3', 'Z1', 'low', 'recover', 'Z2', 'Z2', 'uphill')": {
    "slow down": 13.940352827192932,
    "keep going": 6.58182037502357,
    "accelerate": 68.44829621052706
  },
  "('Z2', 'Z2', 'low', 'recover', 'Z2', 'Z2', 'uphill')": {
    "slow down": 73.82755523906097,
    "keep going": 76.87522640283802,
    "accelerate": 73.54268392697668
  },
  "('Z2', 'Z3', 'low', 'recover', 'Z2', 'Z2', 'downhill')": {
    "slow down": 74.80558093359873,
    "keep going": 69.85800367385484,
    "accelerate": 63.56963113993228
  },
  "('Z2', 'Z3', 'low', 'recover', 'Z2', 'Z2', 'uphill')": {
    "slow down": 75.36263471882118,
    "keep going": 69.73997023321478,
    "accelerate": 63.3457552970929
  },
  "('Z4', 'Z2', 'low', 'push', 'Z4', 'Z4', 'uphill')": {
    "slow down": 5.722023524598772,
    "keep going": 0.0,
    "accelerate": 0.0
  },
  "('Z3', 'Z2', 'low', 'push', 'Z4', 'Z4', 'downhill')": {
    "slow down": 9.69843678000412,
    "keep going": 9.549396096156965,
    "accelerate": 60.11954630381157
  },
  "('Z4', 'Z2', 'low', 'push', 'Z4', 'Z4', 'flat')": {
    "slow down": 6.451617196647764,
    "keep going": 15.116309899283536,
    "accelerate": 58.781516178532165
  },
  "('Z3', 'Z3', 'low', 'recover', 'Z2', 'Z2', 'downhill')": {
    "slow down": 73.67691731622526,
    "keep going": 53.66426222471807,
    "accelerate": 54.54386803853858
  },
  "('Z2', 'Z1', 'low', 'recover', 'Z2', 'Z2', 'downhill')": {
    "slow down": 73.81835853302658,
    "keep going": 70.828213537826,
    "accelerate": 69.09800171219142
  },
  "('Z2', 'Z4', 'low', 'push', 'Z4', 'Z4', 'uphill')": {
    "slow down": 0.14363863396561025,
    "keep going": 7.315835377424616,
    "accelerate": 0.23160756536382288
  },
  "('Z1', 'Z1', 'low', 'push', 'Z5', 'Z5', 'flat')": {
    "slow down": 27.91299763436739,
    "keep going": 27.550478581789815,
    "accelerate": 39.533108244302134
  },
  "('Z1', 'Z1', 'low', 'push', 'Z5', 'Z5', 'uphill')": {
    "slow down": 0.5939083459642842,
    "keep going": 1.650643735062303,
    "accelerate": 35.23486784493698
  },
  "('Z1', 'Z1', 'low', 'push', 'Z5', 'Z5', 'downhill')": {
    "slow down": -1.3419891860282158,
    "keep going": -1.4310533222090784,
    "accelerate": -0.6865401901780817
  },
  "('Z1', 'Z2', 'low', 'push', 'Z5', 'Z5', 'flat')": {
    "slow down": 26.77558283335287,
    "keep going": 29.849151661212204,
    "accelerate": 44.14238588058857
  },
  "('Z2', 'Z3', 'low', 'push', 'Z5', 'Z5', 'flat')": {
    "slow down": 34.30715667300015,
    "keep going": 38.42789738660668,
    "accelerate": 46.91165904493661
  },
  "('Z2', 'Z2', 'low', 'push', 'Z5', 'Z5', 'flat')": {
    "slow down": -1.059727030850358,
    "keep going": 13.029294704375198,
    "accelerate": 44.05076290439528
  },
  "('Z2', 'Z1', 'low', 'push', 'Z5', 'Z5', 'downhill')": {
    "slow down": -0.6491415500112043,
    "keep going": -0.7858754461833604,
    "accelerate": -0.5763462193378472
  },
  "('Z1', 'Z2', 'low', 'push', 'Z5', 'Z5', 'downhill')": {
    "slow down": -0.31958520461012274,
    "keep going": -0.4097091462696332,
    "accelerate": 27.13471923404297
  },
  "('Z2', 'Z4', 'low', 'push', 'Z5', 'Z5', 'flat')": {
    "slow down": 33.07285761762962,
    "keep going": 40.73803561204366,
    "accelerate": 50.19075638143171
  },
  "('Z3', 'Z4', 'low', 'push', 'Z5', 'Z5', 'flat')": {
    "slow down": 7.4958311190742695,
    "keep going": 15.26635225727775,
    "accelerate": 50.60229974715903
  },
  "('Z3', 'Z3', 'low', 'push', 'Z5', 'Z5', 'flat')": {
    "slow down": -0.6390730657058358,
    "keep going": 2.511801151896472,
    "accelerate": 42.375355288394836
  },
  "('Z3', 'Z2', 'low', 'push', 'Z5', 'Z5', 'flat')": {
    "slow down": -0.6820380562890572,
    "keep going": -0.7844359142591717,
    "accelerate": 0.5948507101677795
  },
  "('Z2', 'Z1', 'low', 'push', 'Z5', 'Z5', 'flat')": {
    "slow down": -2.349616321366558,
    "keep going": -2.4722743883214795,
    "accelerate": 21.55304711438126
  },
  "('Z2', 'Z2', 'low', 'recover', 'Z1', 'Z1', 'flat')": {
    "slow down": 69.7024108444499,
    "keep going": 65.53387204675866,
    "accelerate": 62.81299677473754
  },
  "('Z2', 'Z1', 'low', 'recover', 'Z1', 'Z1', 'flat')": {
    "slow down": 65.1798324740564,
    "keep going": 67.1864450818953,
    "accelerate": 66.32072190521454
  },
  "('Z1', 'Z1', 'low', 'recover', 'Z1', 'Z1', 'flat')": {
    "slow down": 70.22063725440842,
    "keep going": 66.1257147449347,
    "accelerate": 65.96681922083204
  },
  "('Z1', 'Z1', 'low', 'recover', 'Z1', 'Z1', 'uphill')": {
    "slow down": 69.03593518148644,
    "keep going": 68.40531495269548,
    "accelerate": 66.2209069926633
  },
  "('Z1', 'Z2', 'low', 'recover', 'Z1', 'Z1', 'uphill')": {
    "slow down": 44.571073683496735,
    "keep going": 68.30660574117124,
    "accelerate": 42.86959232551268
  },
  "('Z1', 'Z2', 'low', 'recover', 'Z1', 'Z1', 'flat')": {
    "slow down": 69.81649628282449,
    "keep going": 63.448387020697396,
    "accelerate": 63.362585615648726
  },
  "('Z2', 'Z2', 'low', 'recover', 'Z1', 'Z1', 'downhill')": {
    "slow down": 69.22625477364993,
    "keep going": 47.17992978984947,
    "accelerate": 47.67041787395918
  },
  "('Z1', 'Z1', 'low', 'recover', 'Z1', 'Z1', 'downhill')": {
    "slow down": 68.33638788146622,
    "keep going": 69.06293197884862,
    "accelerate": 67.42405019420634
  },
  "('Z2', 'Z3', 'low', 'recover', 'Z1', 'Z1', 'flat')": {
    "slow down": 68.18168712163657,
    "keep going": 54.15685580046697,
    "accelerate": 26.517157225305464
  },
  "('Z2', 'Z2', 'low', 'recover', 'Z1', 'Z1', 'uphill')": {
    "slow down": 69.10056755677094,
    "keep going": 52.044892899191396,
    "accelerate": 50.22714089358511
  },
  "('Z2', 'Z4', 'low', 'recover', 'Z1', 'Z1', 'flat')": {
    "slow down": 47.18907597927083,
    "keep going": 0.007341496180462037,
    "accelerate": -0.9595196029171134
  },
  "('Z3', 'Z5', 'low', 'recover', 'Z1', 'Z1', 'flat')": {
    "slow down": 0.7118723715394405,
    "keep going": -0.6263793887134907,
    "accelerate": -0.3237287894521908
  },
  "('Z3', 'Z5', 'low', 'push', 'Z5', 'Z5', 'flat')": {
    "slow down": 47.02360265647619,
    "keep going": 52.032952240922214,
    "accelerate": 50.66775370701035
  },
  "('Z4', 'Z4', 'low', 'push', 'Z5', 'Z5', 'flat')": {
    "slow down": 40.2479426176304,
    "keep going": 50.128534792707455,
    "accelerate": 54.09988211853079
  },
  "('Z3', 'Z3', 'low', 'push', 'Z5', 'Z5', 'downhill')": {
    "slow down": -0.15257510708159316,
    "keep going": 7.40651858920555,
    "accelerate": 0.0
  },
  "('Z3', 'Z3', 'low', 'push', 'Z5', 'Z5', 'uphill')": {
    "slow down": -0.3482213318512135,
    "keep going": 6.464519996011243,
    "accelerate": 0.0
  },
  "('Z3', 'Z2', 'low', 'push', 'Z5', 'Z5', 'downhill')": {
    "slow down": 0.0,
    "keep going": -0.15128531856877825,
    "accelerate": 0.0
  },
  "('Z2', 'Z2', 'low', 'push', 'Z5', 'Z5', 'uphill')": {
    "slow down": -1.4867992240921715,
    "keep going": -0.8894524756637905,
    "accelerate": 34.71557829639603
  },
  "('Z4', 'Z5', 'low', 'push', 'Z5', 'Z5', 'flat')": {
    "slow down": 52.12293076997556,
    "keep going": 54.957558013688235,
    "accelerate": 54.043318963016446
  },
  "('Z4', 'Z3', 'low', 'push', 'Z5', 'Z5', 'flat')": {
    "slow down": 2.2270774938644213,
    "keep going": 7.527990889579915,
    "accelerate": 49.62129307428592
  },
  "('Z3', 'Z2', 'low', 'push', 'Z5', 'Z5', 'uphill')": {
    "slow down": 0.0,
    "keep going": 0.0,
    "accelerate": -0.023077762014959768
  },
  "('Z3', 'Z4', 'low', 'recover', 'Z1', 'Z1', 'flat')": {
    "slow down": 18.010572577973797,
    "keep going": 0.312691480631906,
    "accelerate": -0.7722277430133752
  },
  "('Z3', 'Z3', 'low', 'recover', 'Z1', 'Z1', 'downhill')": {
    "slow down": 5.123236509863591,
    "keep going": 17.464481119314282,
    "accelerate": 0.26112458168896024
  },
  "('Z3', 'Z2', 'low', 'recover', 'Z1', 'Z1', 'flat')": {
    "slow down": 64.39628249609036,
    "keep going": 44.071612901599764,
    "accelerate": 26.75411001422866
  },
  "('Z3', 'Z1', 'low', 'recover', 'Z1', 'Z1', 'flat')": {
    "slow down": 62.04886832613799,
    "keep going": 62.52470579195298,
    "accelerate": 61.21242034556107
  },
  "('Z2', 'Z3', 'low', 'recover', 'Z1', 'Z1', 'uphill')": {
    "slow down": 63.416824358570416,
    "keep going": 3.800356193480457,
    "accelerate": 5.639166705805474
  },
  "('Z2', 'Z1', 'low', 'recover', 'Z1', 'Z1', 'downhill')": {
    "slow down": 58.43723545588843,
    "keep going": 68.0475754314056,
    "accelerate": 61.34025438806989
  },
  "('Z2', 'Z3', 'low', 'push', 'Z5', 'Z5', 'uphill')": {
    "slow down": 14.11905401356676,
    "keep going": 21.63283185789539,
    "accelerate": 48.914155770485436
  },
  "('Z2', 'Z1', 'low', 'push', 'Z5', 'Z5', 'uphill')": {
    "slow down": -0.9658896035424779,
    "keep going": -0.8737978398557902,
    "accelerate": 10.715412506764334
  },
  "('Z4', 'Z4', 'low', 'push', 'Z5', 'Z5', 'uphill')": {
    "slow down": 0.7092974750476688,
    "keep going": 0.9211310828747317,
    "accelerate": 51.147437141931945
  },
  "('Z5', 'Z5', 'low', 'push', 'Z5', 'Z5', 'flat')": {
    "slow down": 55.41360133029304,
    "keep going": 56.264480685019,
    "accelerate": 56.058932210622544
  },
  "('Z4', 'Z4', 'low', 'recover', 'Z1', 'Z1', 'flat')": {
    "slow down": 52.219884521779875,
    "keep going": 1.3009169893031487,
    "accelerate": -0.20445326113007925
  },
  "('Z4', 'Z3', 'low', 'recover', 'Z1', 'Z1', 'flat')": {
    "slow down": 58.02295950312094,
    "keep going": 53.24352774213394,
    "accelerate": 39.312225452694186
  },
  "('Z3', 'Z1', 'low', 'recover', 'Z1', 'Z1', 'uphill')": {
    "slow down": 65.82769446515421,
    "keep going": 51.506712319670626,
    "accelerate": 43.37567968747685
  },
  "('Z3', 'Z3', 'low', 'recover', 'Z1', 'Z1', 'flat')": {
    "slow down": 55.59060758922679,
    "keep going": 13.5723507326204,
    "accelerate": 3.1590262778835947
  },
  "('Z3', 'Z4', 'low', 'recover', 'Z1', 'Z1', 'downhill')": {
    "slow down": 2.000704759192855,
    "keep going": 0.0,
    "accelerate": 0.0
  },
  "('Z1', 'Z2', 'low', 'push', 'Z5', 'Z5', 'uphill')": {
    "slow down": 14.450332052056428,
    "keep going": 18.694670778527787,
    "accelerate": 43.99583866641771
  },
  "('Z4', 'Z5', 'low', 'push', 'Z5', 'Z5', 'uphill')": {
    "slow down": 49.67108225304805,
    "keep going": 47.657026423283924,
    "accelerate": 55.033270888168474
  },
  "('Z4', 'Z5', 'low', 'recover', 'Z1', 'Z1', 'flat')": {
    "slow down": 4.284232212609511,
    "keep going": -1.0081803177451398,
    "accelerate": -0.9621388684060563
  },
  "('Z5', 'Z5', 'low', 'recover', 'Z1', 'Z1', 'downhill')": {
    "slow down": 38.970898211797625,
    "keep going": -1.364323088961376,
    "accelerate": 1.3219823239241177
  },
  "('Z5', 'Z5', 'low', 'recover', 'Z1', 'Z1', 'flat')": {
    "slow down": 50.70328098729806,
    "keep going": 41.925368475029984,
    "accelerate": 42.29698225386975
  },
  "('Z5', 'Z4', 'low', 'recover', 'Z1', 'Z1', 'flat')": {
    "slow down": 54.952811686029925,
    "keep going": 46.89292009355243,
    "accelerate": 40.90428957748425
  },
  "('Z4', 'Z2', 'low', 'recover', 'Z1', 'Z1', 'flat')": {
    "slow down": 60.98282285252821,
    "keep going": 57.50054796511965,
    "accelerate": 50.634183598836415
  },
  "('Z2', 'Z3', 'low', 'recover', 'Z1', 'Z1', 'downhill')": {
    "slow down": 61.62040830332657,
    "keep going": 15.424792300008797,
    "accelerate": 0.3641718958602188
  },
  "('Z3', 'Z3', 'low', 'recover', 'Z1', 'Z1', 'uphill')": {
    "slow down": 28.754442178643192,
    "keep going": 0.0,
    "accelerate": 0.0
  },
  "('Z2', 'Z1', 'low', 'recover', 'Z1', 'Z1', 'uphill')": {
    "slow down": 56.808959148706016,
    "keep going": 66.76478220283516,
    "accelerate": 62.03759485743131
  },
  "('Z3', 'Z2', 'low', 'recover', 'Z1', 'Z1', 'downhill')": {
    "slow down": 61.3191935810337,
    "keep going": 6.923221131986607,
    "accelerate": 22.52355030825064
  },
  "('Z1', 'Z2', 'low', 'recover', 'Z1', 'Z1', 'downhill')": {
    "slow down": 70.28757586884136,
    "keep going": 56.81259713145554,
    "accelerate": 48.05137467279459
  },
  "('Z1', 'Z1', 'low', 'cooldown', 'Z1', 'Z1', 'flat')": {
    "slow down": 79.87910265582649,
    "keep going": 79.93324139503244,
    "accelerate": 79.423820242635
  },
  "('Z1', 'Z2', 'low', 'cooldown', 'Z1', 'Z1', 'flat')": {
    "slow down": 81.36169686649612,
    "keep going": 79.8448017760502,
    "accelerate": 75.24347205029817
  },
  "('Z1', 'Z1', 'low', 'cooldown', 'Z1', 'Z1', 'uphill')": {
    "slow down": 79.89076023609566,
    "keep going": 79.94301978063059,
    "accelerate": 79.46129175898434
  },
  "('Z1', 'Z2', 'low', 'cooldown', 'Z1', 'Z1', 'downhill')": {
    "slow down": 81.46529891222944,
    "keep going": 76.8103852649412,
    "accelerate": 70.27622769881921
  },
  "('Z1', 'Z1', 'low', 'cooldown', 'Z1', 'Z1', 'downhill')": {
    "slow down": 79.9018304479872,
    "keep going": 79.9299980270479,
    "accelerate": 79.20495355301344
  },
  "('Z2', 'Z2', 'low', 'cooldown', 'Z1', 'Z1', 'flat')": {
    "slow down": 81.18860207305606,
    "keep going": 77.85507644656339,
    "accelerate": 73.38434799858045
  },
  "('Z2', 'Z3', 'low', 'cooldown', 'Z1', 'Z1', 'flat')": {
    "slow down": 79.43110709059358,
    "keep going": 72.65406139277833,
    "accelerate": 53.25176711897318
  },
  "('Z2', 'Z1', 'low', 'cooldown', 'Z1', 'Z1', 'uphill')": {
    "slow down": 60.4976498872297,
    "keep going": 80.30753299586935,
    "accelerate": 50.6542961880858
  },
  "('Z2', 'Z1', 'low', 'cooldown', 'Z1', 'Z1', 'flat')": {
    "slow down": 81.2838563223964,
    "keep going": 80.61110809811977,
    "accelerate": 76.83633690262485
  },
  "('Z1', 'Z2', 'low', 'cooldown', 'Z1', 'Z1', 'uphill')": {
    "slow down": 81.47533050504907,
    "keep going": 77.18741643738304,
    "accelerate": 72.34867241919524
  },
  "('Z2', 'Z2', 'low', 'cooldown', 'Z1', 'Z1', 'downhill')": {
    "slow down": 47.32911270138075,
    "keep going": 76.47691312555114,
    "accelerate": 31.671580644074194
  },
  "('Z2', 'Z4', 'low', 'cooldown', 'Z1', 'Z1', 'downhill')": {
    "slow down": 35.688535327191985,
    "keep going": -0.022811754975607793,
    "accelerate": -0.4823448355321304
  },
  "('Z3', 'Z5', 'low', 'cooldown', 'Z1', 'Z1', 'uphill')": {
    "slow down": -0.1252168026543383,
    "keep going": -0.2693650915180565,
    "accelerate": -0.3076288121294582
  },
  "('Z3', 'Z4', 'low', 'cooldown', 'Z1', 'Z1', 'flat')": {
    "slow down": 21.434535368293094,
    "keep going": 2.569414590059467,
    "accelerate": -2.3788758445707034
  },
  "('Z3', 'Z3', 'low', 'cooldown', 'Z1', 'Z1', 'flat')": {
    "slow down": 40.78520778907162,
    "keep going": 12.094679878600324,
    "accelerate": 3.8603141821269626
  },
  "('Z3', 'Z2', 'low', 'cooldown', 'Z1', 'Z1', 'flat')": {
    "slow down": 58.767021057069584,
    "keep going": 9.749180185436963,
    "accelerate": 9.702992192160682
  },
  "('Z3', 'Z4', 'low', 'cooldown', 'Z1', 'Z1', 'downhill')": {
    "slow down": 13.29317170429125,
    "keep going": -0.15798803521478413,
    "accelerate": 0.0
  },
  "('Z4', 'Z5', 'low', 'cooldown', 'Z1', 'Z1', 'uphill')": {
    "slow down": -0.2698802722060525,
    "keep going": -0.3341738205098957,
    "accelerate": 0.0
  },
  "('Z4', 'Z4', 'low', 'cooldown', 'Z1', 'Z1', 'flat')": {
    "slow down": 1.990599922655039,
    "keep going": -0.1769217553376665,
    "accelerate": -0.3129556509508295
  },
  "('Z4', 'Z5', 'low', 'cooldown', 'Z1', 'Z1', 'flat')": {
    "slow down": -0.6538208784542943,
    "keep going": -0.8070343199603847,
    "accelerate": -0.9479679566507673
  },
  "('Z4', 'Z3', 'low', 'cooldown', 'Z1', 'Z1', 'flat')": {
    "slow down": 14.655870805405893,
    "keep going": -0.16216210648616186,
    "accelerate": -0.7311772693263333
  },
  "('Z3', 'Z1', 'low', 'cooldown', 'Z1', 'Z1', 'flat')": {
    "slow down": 45.85882241985952,
    "keep going": 5.716254597882665,
    "accelerate": 11.550043531518437
  },
  "('Z2', 'Z4', 'low', 'cooldown', 'Z1', 'Z1', 'flat')": {
    "slow down": 70.00670047925901,
    "keep going": 19.276150695142288,
    "accelerate": 0.4026409472144691
  },
  "('Z3', 'Z3', 'low', 'cooldown', 'Z1', 'Z1', 'uphill')": {
    "slow down": 0.0885025460541623,
    "keep going": 0.0,
    "accelerate": 0.11355581990680513
  },
  "('Z2', 'Z1', 'low', 'cooldown', 'Z1', 'Z1', 'downhill')": {
    "slow down": 51.274506680983606,
    "keep going": 80.43108939263841,
    "accelerate": 39.23968005137274
  },
  "('Z2', 'Z2', 'low', 'cooldown', 'Z1', 'Z1', 'uphill')": {
    "slow down": 79.62100968601226,
    "keep going": 30.324943275229472,
    "accelerate": 37.69879901414383
  },
  "('Z2', 'Z3', 'low', 'cooldown', 'Z1', 'Z1', 'downhill')": {
    "slow down": 77.10497286765121,
    "keep going": 36.01769373039253,
    "accelerate": 8.98738277084513
  },
  "('Z2', 'Z3', 'low', 'cooldown', 'Z1', 'Z1', 'uphill')": {
    "slow down": 77.17947998681075,
    "keep going": 19.916191470468394,
    "accelerate": 7.230878261896086
  },
  "('Z2', 'Z2', 'low', 'warmup', 'Z1', 'Z1', 'uphill')": {
    "slow down": 81.6236559644783,
    "keep going": 34.40554133612402,
    "accelerate": 27.039357506539226
  },
  "('Z2', 'Z3', 'low', 'warmup', 'Z1', 'Z1', 'downhill')": {
    "slow down": 77.12867471037487,
    "keep going": 25.73244557751385,
    "accelerate": 10.154667681725487
  },
  "('Z2', 'Z4', 'low', 'warmup', 'Z1', 'Z1', 'uphill')": {
    "slow down": 5.394759049937815,
    "keep going": 0.0,
    "accelerate": -0.24452975793754403
  },
  "('Z4', 'Z5', 'low', 'warmup', 'Z1', 'Z1', 'uphill')": {
    "slow down": 0.0,
    "keep going": 0.0,
    "accelerate": -0.2847554599012449
  },
  "('Z5', 'Z5', 'low', 'warmup', 'Z1', 'Z1', 'flat')": {
    "slow down": -0.45870184881246545,
    "keep going": -0.28443906331713625,
    "accelerate": 0.0
  },
  "('Z4', 'Z4', 'low', 'warmup', 'Z1', 'Z1', 'uphill')": {
    "slow down": 0.0,
    "keep going": 0.0,
    "accelerate": -0.2934442925160405
  },
  "('Z5', 'Z4', 'low', 'warmup', 'Z1', 'Z1', 'uphill')": {
    "slow down": -0.18055934131049342,
    "keep going": 0.0,
    "accelerate": 0.0
  },
  "('Z4', 'Z4', 'low', 'warmup', 'Z1', 'Z1', 'downhill')": {
    "slow down": 0.0,
    "keep going": 0.0,
    "accelerate": -0.2981931821289299
  },
  "('Z4', 'Z5', 'low', 'warmup', 'Z1', 'Z1', 'downhill')": {
    "slow down": -0.21133711068624159,
    "keep going": 0.0,
    "accelerate": 0.0
  },
  "('Z5', 'Z5', 'low', 'warmup', 'Z1', 'Z1', 'downhill')": {
    "slow down": -0.20103015603470933,
    "keep going": 0.0,
    "accelerate": 0.0
  },
  "('Z4', 'Z2', 'low', 'warmup', 'Z1', 'Z1', 'downhill')": {
    "slow down": -0.07613456405627994,
    "keep going": 0.0,
    "accelerate": 0.0
  },
  "('Z3', 'Z1', 'low', 'warmup', 'Z1', 'Z1', 'downhill')": {
    "slow down": -0.06561851066558819,
    "keep going": 3.970613224908673,
    "accelerate": 0.0
  },
  "('Z3', 'Z4', 'low', 'warmup', 'Z1', 'Z1', 'downhill')": {
    "slow down": 3.3691080717753716,
    "keep going": -0.16179352217255674,
    "accelerate": -0.2435828574584108
  },
  "('Z3', 'Z3', 'low', 'warmup', 'Z1', 'Z1', 'downhill')": {
    "slow down": -0.02123019908424092,
    "keep going": 2.061842633944593,
    "accelerate": 0.0
  },
  "('Z3', 'Z5', 'low', 'warmup', 'Z1', 'Z1', 'uphill')": {
    "slow down": -0.22304845977419638,
    "keep going": 0.0,
    "accelerate": 0.0
  },
  "('Z4', 'Z3', 'low', 'push', 'Z4', 'Z4', 'downhill')": {
    "slow down": 48.01279985386215,
    "keep going": 62.780775901949504,
    "accelerate": 76.77297650496392
  },
  "('Z3', 'Z2', 'low', 'recover', 'Z2', 'Z2', 'uphill')": {
    "slow down": 73.40410382084376,
    "keep going": 69.63948632913541,
    "accelerate": 69.11629687655545
  },
  "('Z4', 'Z3', 'low', 'recover', 'Z2', 'Z2', 'uphill')": {
    "slow down": 68.43342365908327,
    "keep going": 12.579293949347552,
    "accelerate": 15.468312925183568
  },
  "('Z3', 'Z5', 'low', 'recover', 'Z2', 'Z2', 'flat')": {
    "slow down": 63.38297376110482,
    "keep going": 14.229375795671732,
    "accelerate": -0.7707362963078409
  },
  "('Z3', 'Z4', 'low', 'recover', 'Z2', 'Z2', 'uphill')": {
    "slow down": 72.11089818684437,
    "keep going": 7.836966862915895,
    "accelerate": 10.09202730239302
  },
  "('Z3', 'Z4', 'low', 'recover', 'Z2', 'Z2', 'downhill')": {
    "slow down": 72.02023003969869,
    "keep going": 34.35167862073057,
    "accelerate": 7.920680485861695
  },
  "('Z3', 'Z1', 'low', 'push', 'Z4', 'Z4', 'uphill')": {
    "slow down": -0.029771426282875414,
    "keep going": 0.0,
    "accelerate": 2.7188645501177224
  },
  "('Z5', 'Z4', 'low', 'push', 'Z4', 'Z4', 'flat')": {
    "slow down": 68.51786689580639,
    "keep going": 38.73173347057961,
    "accelerate": 32.85858614377707
  },
  "('Z4', 'Z4', 'low', 'recover', 'Z2', 'Z2', 'downhill')": {
    "slow down": 61.333693752574135,
    "keep going": 5.35357673027141,
    "accelerate": -0.32802160700855454
  },
  "('Z3', 'Z5', 'low', 'push', 'Z4', 'Z4', 'downhill')": {
    "slow down": 69.17529506527791,
    "keep going": 5.796667460048539,
    "accelerate": 7.431403665816276
  },
  "('Z2', 'Z2', 'low', 'push', 'Z5', 'Z5', 'downhill')": {
    "slow down": -0.3326112365787034,
    "keep going": 3.792406939092248,
    "accelerate": 40.818220517372644
  },
  "('Z2', 'Z3', 'low', 'push', 'Z5', 'Z5', 'downhill')": {
    "slow down": -0.9919808539919293,
    "keep going": 4.806683696541485,
    "accelerate": 47.49215844354921
  },
  "('Z3', 'Z4', 'low', 'push', 'Z5', 'Z5', 'downhill')": {
    "slow down": 12.974396960014586,
    "keep going": 24.090525982082756,
    "accelerate": 50.638981611184015
  },
  "('Z5', 'Z4', 'low', 'push', 'Z5', 'Z5', 'flat')": {
    "slow down": 12.470765958749272,
    "keep going": 27.348088666396933,
    "accelerate": 57.12619362190806
  },
  "('Z3', 'Z4', 'low', 'push', 'Z5', 'Z5', 'uphill')": {
    "slow down": 0.7157591731990097,
    "keep going": -0.025784418097182238,
    "accelerate": 49.28006558476332
  },
  "('Z4', 'Z4', 'low', 'recover', 'Z1', 'Z1', 'downhill')": {
    "slow down": 39.84512148036136,
    "keep going": 0.0,
    "accelerate": -0.5849497454602007
  },
  "('Z5', 'Z4', 'low', 'recover', 'Z1', 'Z1', 'uphill')": {
    "slow down": -0.1446688054763042,
    "keep going": 0.0,
    "accelerate": 0.0
  },
  "('Z4', 'Z3', 'low', 'recover', 'Z1', 'Z1', 'downhill')": {
    "slow down": 57.16084091072267,
    "keep going": 4.264675102180406,
    "accelerate": 0.5368010548785979
  },
  "('Z2', 'Z4', 'low', 'push', 'Z5', 'Z5', 'uphill')": {
    "slow down": 3.9482522667414424,
    "keep going": 47.153156533631055,
    "accelerate": 5.996946449422055
  },
  "('Z5', 'Z4', 'low', 'push', 'Z5', 'Z5', 'uphill')": {
    "slow down": 2.935760524711535,
    "keep going": 54.677059704566894,
    "accelerate": 6.485303992290765
  },
  "('Z3', 'Z5', 'low', 'recover', 'Z1', 'Z1', 'uphill')": {
    "slow down": 0.0,
    "keep going": -0.23984683201101156,
    "accelerate": 0.0
  },
  "('Z4', 'Z4', 'low', 'recover', 'Z1', 'Z1', 'uphill')": {
    "slow down": 0.8956884382782597,
    "keep going": 0.6350992021731614,
    "accelerate": -0.616981108650764
  },
  "('Z3', 'Z5', 'low', 'cooldown', 'Z1', 'Z1', 'flat')": {
    "slow down": 8.410386442415655,
    "keep going": -0.07714135870772776,
    "accelerate": -1.0193446698627795
  },
  "('Z3', 'Z1', 'low', 'cooldown', 'Z1', 'Z1', 'downhill')": {
    "slow down": 0.0,
    "keep going": 2.801518839922309,
    "accelerate": 0.0
  },
  "('Z3', 'Z2', 'low', 'cooldown', 'Z1', 'Z1', 'downhill')": {
    "slow down": 4.147537554765156,
    "keep going": 0.0,
    "accelerate": 0.0
  },
  "('Z2', 'Z4', 'low', 'warmup', 'Z1', 'Z1', 'downhill')": {
    "slow down": 17.073490317590654,
    "keep going": 0.0,
    "accelerate": -0.27049532152406713
  },
  "('Z5', 'Z5', 'low', 'recover', 'Z2', 'Z2', 'flat')": {
    "slow down": 18.20636223281875,
    "keep going": 1.3821112408512657,
    "accelerate": 2.311477905818339
  },
  "('Z4', 'Z5', 'low', 'recover', 'Z2', 'Z2', 'uphill')": {
    "slow down": 50.368870743447786,
    "keep going": 1.265220988083665,
    "accelerate": 1.0027903035681918
  },
  "('Z3', 'Z1', 'low', 'recover', 'Z2', 'Z2', 'downhill')": {
    "slow down": 56.02289909230872,
    "keep going": 0.0,
    "accelerate": 8.81303407759032
  },
  "('Z5', 'Z4', 'low', 'push', 'Z4', 'Z4', 'downhill')": {
    "slow down": 15.19588154572178,
    "keep going": 3.989455331555419,
    "accelerate": 6.216292926180736
  },
  "('Z3', 'Z2', 'low', 'recover', 'Z2', 'Z2', 'downhill')": {
    "slow down": 66.73745898891237,
    "keep going": 71.54962564813826,
    "accelerate": 67.52549990259087
  },
  "('Z4', 'Z3', 'low', 'recover', 'Z2', 'Z2', 'downhill')": {
    "slow down": 6.067089143078779,
    "keep going": 69.95769031189486,
    "accelerate": 0.0
  },
  "('Z3', 'Z5', 'low', 'push', 'Z5', 'Z5', 'uphill')": {
    "slow down": 42.197695123452306,
    "keep going": 40.9499492004299,
    "accelerate": 52.73813952234933
  },
  "('Z4', 'Z5', 'low', 'push', 'Z5', 'Z5', 'downhill')": {
    "slow down": 53.22875625485999,
    "keep going": 51.0297686447288,
    "accelerate": 52.36103596426828
  },
  "('Z4', 'Z4', 'low', 'push', 'Z5', 'Z5', 'downhill')": {
    "slow down": 5.720963057214574,
    "keep going": 0.0,
    "accelerate": 53.36412437380856
  },
  "('Z5', 'Z5', 'low', 'push', 'Z5', 'Z5', 'uphill')": {
    "slow down": 54.68089393078256,
    "keep going": 55.424601040944495,
    "accelerate": 57.67943695042264
  },
  "('Z5', 'Z4', 'low', 'recover', 'Z1', 'Z1', 'downhill')": {
    "slow down": 54.98421087655827,
    "keep going": 26.83578997897629,
    "accelerate": 33.75698597752219
  },
  "('Z3', 'Z2', 'low', 'recover', 'Z1', 'Z1', 'uphill')": {
    "slow down": 10.486563355812955,
    "keep going": 59.10078937776348,
    "accelerate": 10.778421888259023
  },
  "('Z4', 'Z5', 'low', 'recover', 'Z1', 'Z1', 'downhill')": {
    "slow down": -0.22998506096875426,
    "keep going": 0.0,
    "accelerate": 0.0
  },
  "('Z3', 'Z1', 'low', 'recover', 'Z1', 'Z1', 'downhill')": {
    "slow down": 24.22555935791428,
    "keep going": 60.48398971223022,
    "accelerate": 23.46938692588852
  },
  "('Z2', 'Z4', 'low', 'cooldown', 'Z1', 'Z1', 'uphill')": {
    "slow down": 31.792931561889247,
    "keep going": 0.0,
    "accelerate": -0.4440188812869907
  },
  "('Z3', 'Z3', 'low', 'cooldown', 'Z1', 'Z1', 'downhill')": {
    "slow down": 10.085708457675583,
    "keep going": 0.0,
    "accelerate": 1.0263384416453811
  },
  "('Z3', 'Z2', 'low', 'cooldown', 'Z1', 'Z1', 'uphill')": {
    "slow down": 1.1763196436060466,
    "keep going": 0.0,
    "accelerate": 4.221322278889737
  },
  "('Z5', 'Z4', 'low', 'recover', 'Z2', 'Z2', 'flat')": {
    "slow down": 2.1381634802883833,
    "keep going": -0.0782018863450844,
    "accelerate": 0.0
  },
  "('Z3', 'Z5', 'low', 'push', 'Z5', 'Z5', 'downhill')": {
    "slow down": 3.968191271717444,
    "keep going": 50.454309499562136,
    "accelerate": 9.80912502829556
  },
  "('Z5', 'Z5', 'low', 'recover', 'Z1', 'Z1', 'uphill')": {
    "slow down": -0.2930277083651599,
    "keep going": 0.0,
    "accelerate": 0.0
  },
  "('Z4', 'Z2', 'low', 'recover', 'Z1', 'Z1', 'uphill')": {
    "slow down": 18.59585726376294,
    "keep going": 8.37271119733246,
    "accelerate": 0.0
  },
  "('Z4', 'Z2', 'low', 'push', 'Z5', 'Z5', 'flat')": {
    "slow down": -0.23560827002736817,
    "keep going": -0.17487056461778983,
    "accelerate": 1.8431200577726599
  },
  "('Z3', 'Z1', 'low', 'push', 'Z5', 'Z5', 'flat')": {
    "slow down": -0.24468197662937807,
    "keep going": -0.7414235510988654,
    "accelerate": 2.4129709155296726
  },
  "('Z4', 'Z4', 'low', 'cooldown', 'Z1', 'Z1', 'uphill')": {
    "slow down": -0.13823704576100973,
    "keep going": 0.0,
    "accelerate": -0.35384743108660016
  },
  "('Z3', 'Z5', 'low', 'cooldown', 'Z1', 'Z1', 'downhill')": {
    "slow down": 0.10248802295357103,
    "keep going": 0.0,
    "accelerate": 0.0
  },
  "('Z4', 'Z2', 'low', 'recover', 'Z2', 'Z2', 'uphill')": {
    "slow down": 0.0,
    "keep going": 0.0,
    "accelerate": 54.02367172373505
  },
  "('Z5', 'Z5', 'low', 'push', 'Z4', 'Z4', 'uphill')": {
    "slow down": 49.40269375298898,
    "keep going": 11.848206251167987,
    "accelerate": 19.166287952049686
  },
  "('Z2', 'Z2', 'low', 'push', 'Z4', 'Z4', 'uphill')": {
    "slow down": 0.0,
    "keep going": 2.4049775026457176,
    "accelerate": 12.043038468828897
  },
  "('Z2', 'Z4', 'low', 'push', 'Z5', 'Z5', 'downhill')": {
    "slow down": 26.677027974796385,
    "keep going": 47.439834888700524,
    "accelerate": 21.426117574445588
  },
  "('Z4', 'Z2', 'low', 'recover', 'Z1', 'Z1', 'downhill')": {
    "slow down": 60.968604174047925,
    "keep going": 32.58416279005753,
    "accelerate": 40.42150484373485
  },
  "('Z2', 'Z4', 'low', 'recover', 'Z1', 'Z1', 'downhill')": {
    "slow down": 5.135410102507906,
    "keep going": -0.1501084704604562,
    "accelerate": 0.0
  },
  "('Z3', 'Z4', 'low', 'cooldown', 'Z1', 'Z1', 'uphill')": {
    "slow down": 6.161510780292858,
    "keep going": 0.0,
    "accelerate": -0.31709947209234146
  },
  "('Z3', 'Z5', 'low', 'warmup', 'Z1', 'Z1', 'downhill')": {
    "slow down": 0.4399667588851169,
    "keep going": 0.0,
    "accelerate": 0.0
  },
  "('Z2', 'Z4', 'low', 'recover', 'Z2', 'Z2', 'uphill')": {
    "slow down": 0.0,
    "keep going": 33.595263349297134,
    "accelerate": 4.858815263818936
  },
  "('Z4', 'Z2', 'low', 'recover', 'Z2', 'Z2', 'downhill')": {
    "slow down": 72.76559598093488,
    "keep going": 7.313853555786626,
    "accelerate": 17.67459218302967
  },
  "('Z4', 'Z3', 'low', 'recover', 'Z1', 'Z1', 'uphill')": {
    "slow down": 11.074482920814814,
    "keep going": 0.0,
    "accelerate": 0.0
  },
  "('Z4', 'Z4', 'low', 'cooldown', 'Z1', 'Z1', 'downhill')": {
    "slow down": -0.019067837214905084,
    "keep going": 0.0,
    "accelerate": 0.0
  },
  "('Z3', 'Z1', 'low', 'cooldown', 'Z1', 'Z1', 'uphill')": {
    "slow down": 12.16008824507173,
    "keep going": 0.0,
    "accelerate": 0.0
  },
  "('Z5', 'Z4', 'low', 'push', 'Z4', 'Z4', 'uphill')": {
    "slow down": 10.159673606821421,
    "keep going": 0.0,
    "accelerate": 21.26376457181711
  },
  "('Z5', 'Z5', 'low', 'recover', 'Z2', 'Z2', 'downhill')": {
    "slow down": 6.615873696318129,
    "keep going": 0.0,
    "accelerate": -0.11866662195707885
  },
  "('Z4', 'Z2', 'low', 'push', 'Z4', 'Z4', 'downhill')": {
    "slow down": 0.0,
    "keep going": 0.0,
    "accelerate": 30.228965441976285
  },
  "('Z4', 'Z5', 'low', 'recover', 'Z2', 'Z2', 'downhill')": {
    "slow down": 12.167988859580205,
    "keep going": 0.0,
    "accelerate": 0.0
  },
  "('Z3', 'Z5', 'low', 'push', 'Z4', 'Z4', 'uphill')": {
    "slow down": 71.07543512544179,
    "keep going": 0.0,
    "accelerate": 19.29505698563674
  },
  "('Z2', 'Z4', 'low', 'push', 'Z4', 'Z4', 'downhill')": {
    "slow down": 21.595261983997933,
    "keep going": 0.0,
    "accelerate": 7.00260615445328
  },
  "('Z2', 'Z4', 'low', 'recover', 'Z2', 'Z2', 'downhill')": {
    "slow down": 37.10697173923486,
    "keep going": 6.099909364632836,
    "accelerate": 5.624131313477969
  },
  "('Z3', 'Z5', 'low', 'recover', 'Z2', 'Z2', 'downhill')": {
    "slow down": 19.67005388637631,
    "keep going": 3.1983219530750806,
    "accelerate": 0.0
  },
  "('Z4', 'Z2', 'low', 'push', 'Z5', 'Z5', 'uphill')": {
    "slow down": -0.251025565840254,
    "keep going": 0.0,
    "accelerate": 0.0
  },
  "('Z4', 'Z3', 'low', 'push', 'Z5', 'Z5', 'uphill')": {
    "slow down": -0.158497949455181,
    "keep going": 12.516322200645622,
    "accelerate": 0.0
  },
  "('Z4', 'Z3', 'low', 'push', 'Z5', 'Z5', 'downhill')": {
    "slow down": -0.1533222797884933,
    "keep going": 0.0,
    "accelerate": 0.0
  },
  "('Z3', 'Z2', 'low', 'warmup', 'Z1', 'Z1', 'downhill')": {
    "slow down": 7.816433132883188,
    "keep going": 0.0,
    "accelerate": 0.0
  },
  "('Z3', 'Z5', 'low', 'recover', 'Z2', 'Z2', 'uphill')": {
    "slow down": 31.13472286650546,
    "keep going": 0.0,
    "accelerate": 0.0
  },
  "('Z5', 'Z4', 'low', 'recover', 'Z2', 'Z2', 'uphill')": {
    "slow down": 5.704890556168475,
    "keep going": 0.0,
    "accelerate": 0.0
  },
  "('Z5', 'Z5', 'low', 'push', 'Z5', 'Z5', 'downhill')": {
    "slow down": 6.293084511945936,
    "keep going": 52.94023679633412,
    "accelerate": 5.404483683530056
  },
  "('Z3', 'Z4', 'low', 'recover', 'Z1', 'Z1', 'uphill')": {
    "slow down": 3.662747432270164,
    "keep going": 0.0,
    "accelerate": 0.0
  },
  "('Z3', 'Z5', 'low', 'recover', 'Z1', 'Z1', 'downhill')": {
    "slow down": 1.0373948704125187,
    "keep going": 0.0,
    "accelerate": 0.0
  }
}