{
  "('Z1', 'Z1', 'low', 'warmup', 'Z1', 'Z1', 'flat')": {
    "slow down": 83.28218703215867,
    "keep going": 83.48815383367788,
    "accelerate": 81.6694100150805
  },
  "('Z1', 'Z1', 'low', 'warmup', 'Z1', 'Z1', 'downhill')": {
    "slow down": 82.6103759281936,
    "keep going": 85.55735240793435,
    "accelerate": 81.74672464151443
  },
  "('Z1', 'Z2', 'low', 'warmup', 'Z1', 'Z1', 'flat')": {
    "slow down": 83.91899623241233,
    "keep going": 79.86712984352828,
    "accelerate": 77.10865770955596
  },
  "('Z1', 'Z1', 'low', 'warmup', 'Z1', 'Z1', 'uphill')": {
    "slow down": 82.45594847171094,
    "keep going": 85.57557400792645,
    "accelerate": 81.63112568534677
  },
  "('Z1', 'Z2', 'low', 'warmup', 'Z1', 'Z1', 'uphill')": {
    "slow down": 77.21412841727054,
    "keep going": 81.8855261135619,
    "accelerate": 73.0445544197694
  },
  "('Z2', 'Z3', 'low', 'warmup', 'Z1', 'Z1', 'flat')": {
    "slow down": 80.07089494227375,
    "keep going": 70.50344978396208,
    "accelerate": 28.00652142064872
  },
  "('Z2', 'Z2', 'low', 'warmup', 'Z1', 'Z1', 'flat')": {
    "slow down": 81.61696547175214,
    "keep going": 78.07221349065607,
    "accelerate": 77.07618405036766
  },
  "('Z2', 'Z1', 'low', 'warmup', 'Z1', 'Z1', 'flat')": {
    "slow down": 81.73065440424062,
    "keep going": 78.95514245764177,
    "accelerate": 78.01003202356743
  },
  "('Z2', 'Z2', 'low', 'warmup', 'Z1', 'Z1', 'downhill')": {
    "slow down": 80.41323181989017,
    "keep going": 41.52583483909344,
    "accelerate": 36.63228110324741
  },
  "('Z2', 'Z4', 'low', 'warmup', 'Z1', 'Z1', 'downhill')": {
    "slow down": 17.20875800545032,
    "keep going": 2.2641753162457894,
    "accelerate": -0.6787358759825537
  },
  "('Z3', 'Z3', 'low', 'warmup', 'Z1', 'Z1', 'flat')": {
    "slow down": 32.298333306623896,
    "keep going": 5.337895421539879,
    "accelerate": 1.542753563935472
  },
  "('Z2', 'Z1', 'low', 'warmup', 'Z1', 'Z1', 'downhill')": {
    "slow down": 81.17167650756674,
    "keep going": 35.90274459561316,
    "accelerate": 35.15336426608813
  },
  "('Z2', 'Z3', 'low', 'warmup', 'Z1', 'Z1', 'uphill')": {
    "slow down": 80.65797321120034,
    "keep going": 14.350795000049674,
    "accelerate": 9.702648870116917
  },
  "('Z2', 'Z2', 'low', 'warmup', 'Z1', 'Z1', 'uphill')": {
    "slow down": 46.49352420899101,
    "keep going": 79.9129415970052,
    "accelerate": 32.75734917853511
  },
  "('Z1', 'Z2', 'low', 'warmup', 'Z1', 'Z1', 'downhill')": {
    "slow down": 82.5160454660324,
    "keep going": 79.2578496606766,
    "accelerate": 72.87552279631308
  },
  "('Z3', 'Z4', 'low', 'warmup', 'Z1', 'Z1', 'downhill')": {
    "slow down": 3.188755561934662,
    "keep going": -0.28235028527139194,
    "accelerate": 0.0
  },
  "('Z3', 'Z4', 'low', 'warmup', 'Z1', 'Z1', 'flat')": {
    "slow down": 15.818317861784397,
    "keep going": 0.710138566469262,
    "accelerate": -1.4246491407721704
  },
  "('Z3', 'Z2', 'low', 'warmup', 'Z1', 'Z1', 'flat')": {
    "slow down": 49.115779194980085,
    "keep going": 4.8224375009483555,
    "accelerate": 7.220194955827283
  },
  "('Z3', 'Z3', 'low', 'warmup', 'Z1', 'Z1', 'downhill')": {
    "slow down": 13.804897841507827,
    "keep going": 1.7552262105973355,
    "accelerate": 0.17433577938993583
  },
  "('Z4', 'Z4', 'low', 'warmup', 'Z1', 'Z1', 'flat')": {
    "slow down": 0.5021514583431617,
    "keep going": -1.1532559528453867,
    "accelerate": -1.3494957534324392
  },
  "('Z4', 'Z5', 'low', 'warmup', 'Z1', 'Z1', 'downhill')": {
    "slow down": -0.2570451987205184,
    "keep going": -0.5640200522593741,
    "accelerate": 0.0
  },
  "('Z4', 'Z5', 'low', 'warmup', 'Z1', 'Z1', 'flat')": {
    "slow down": -1.4681471725329782,
    "keep going": -1.5636670551984015,
    "accelerate": -1.2941351153845322
  },
  "('Z4', 'Z4', 'low', 'warmup', 'Z1', 'Z1', 'downhill')": {
    "slow down": 1.8995696046834025,
    "keep going": 0.0,
    "accelerate": -0.5246287501586777
  },
  "('Z5', 'Z5', 'low', 'warmup', 'Z1', 'Z1', 'flat')": {
    "slow down": -0.6629549403047235,
    "keep going": -0.6796299073740097,
    "accelerate": -0.6648378459810751
  },
  "('Z4', 'Z3', 'low', 'warmup', 'Z1', 'Z1', 'flat')": {
    "slow down": 1.1230673735120558,
    "keep going": -0.6163709944005322,
    "accelerate": -0.8365071512178324
  },
  "('Z4', 'Z2', 'low', 'warmup', 'Z1', 'Z1', 'downhill')": {
    "slow down": 0.0,
    "keep going": 0.0,
    "accelerate": -0.14136127028596274
  },
  "('Z4', 'Z4', 'low', 'warmup', 'Z1', 'Z1', 'uphill')": {
    "slow down": -0.14165164596234364,
    "keep going": -0.30310555059205013,
    "accelerate": -0.2985690732410811
  },
  "('Z5', 'Z5', 'low', 'warmup', 'Z1', 'Z1', 'downhill')": {
    "slow down": -0.23688271444777198,
    "keep going": 0.0,
    "accelerate": 0.0
  },
  "('Z5', 'Z4', 'low', 'warmup', 'Z1', 'Z1', 'flat')": {
    "slow down": -0.20473983259164005,
    "keep going": 0.0,
    "accelerate": -0.544077556369242
  },
  "('Z5', 'Z5', 'low', 'warmup', 'Z1', 'Z1', 'uphill')": {
    "slow down": -0.32279112901715035,
    "keep going": 0.0,
    "accelerate": 0.0
  },
  "('Z4', 'Z3', 'low', 'warmup', 'Z1', 'Z1', 'uphill')": {
    "slow down": -0.09092415443708482,
    "keep going": 0.0,
    "accelerate": 0.0
  },
  "('Z3', 'Z2', 'low', 'warmup', 'Z1', 'Z1', 'uphill')": {
    "slow down": 5.843054766854464,
    "keep going": 9.032857653695048,
    "accelerate": 0.0
  },
  "('Z3', 'Z1', 'low', 'warmup', 'Z1', 'Z1', 'flat')": {
    "slow down": 1.9895245206903778,
    "keep going": 23.095201106326485,
    "accelerate": 0.7083710190683934
  },
  "('Z2', 'Z1', 'low', 'warmup', 'Z1', 'Z1', 'uphill')": {
    "slow down": 80.75963414218884,
    "keep going": 49.23145150167146,
    "accelerate": 23.907284316226182
  },
  "('Z3', 'Z5', 'low', 'warmup', 'Z1', 'Z1', 'flat')": {
    "slow down": 1.0861511630666127,
    "keep going": -0.7839852215456371,
    "accelerate": -0.49937011849465696
  },
  "('Z3', 'Z4', 'low', 'warmup', 'Z1', 'Z1', 'uphill')": {
    "slow down": 2.4133138844760844,
    "keep going": -0.44678479546657857,
    "accelerate": -0.26601960967664123
  },
  "('Z3', 'Z2', 'low', 'warmup', 'Z1', 'Z1', 'downhill')": {
    "slow down": 24.30354889580339,
    "keep going": 0.0,
    "accelerate": 0.0
  },
  "('Z2', 'Z3', 'low', 'warmup', 'Z1', 'Z1', 'downhill')": {
    "slow down": 80.65281376630193,
    "keep going": 31.807545811498873,
    "accelerate": 16.88697529788585
  },
  "('Z4', 'Z2', 'low', 'warmup', 'Z1', 'Z1', 'flat')": {
    "slow down": -0.15792638327784259,
    "keep going": 0.0,
    "accelerate": 0.0
  },
  "('Z3', 'Z1', 'low', 'warmup', 'Z1', 'Z1', 'downhill')": {
    "slow down": 2.278703740896442,
    "keep going": 7.940626604840507,
    "accelerate": 0.0
  },
  "('Z2', 'Z4', 'low', 'warmup', 'Z1', 'Z1', 'flat')": {
    "slow down": 63.05883882376827,
    "keep going": 2.765853005506753,
    "accelerate": -1.4355121935854087
  },
  "('Z2', 'Z1', 'low', 'push', 'Z2', 'Z2', 'flat')": {
    "slow down": 59.475668990353896,
    "keep going": 58.498746946335686,
    "accelerate": 65.8872220867332
  },
  "('Z2', 'Z2', 'low', 'push', 'Z2', 'Z2', 'flat')": {
    "slow down": 64.30494996572301,
    "keep going": 59.880803476576055,
    "accelerate": 58.80945185782756
  },
  "('Z2', 'Z1', 'low', 'push', 'Z2', 'Z2', 'downhill')": {
    "slow down": 63.56972717674568,
    "keep going": 55.73949382008711,
    "accelerate": 56.06969954871975
  },
  "('Z1', 'Z1', 'low', 'push', 'Z2', 'Z2', 'flat')": {
    "slow down": 59.17553739488815,
    "keep going": 60.25980963566414,
    "accelerate": 66.71090076978496
  },
  "('Z1', 'Z1', 'low', 'push', 'Z2', 'Z2', 'uphill')": {
    "slow down": 58.421133565513706,
    "keep going": 58.11785681458831,
    "accelerate": 63.39318884950733
  },
  "('Z1', 'Z2', 'low', 'push', 'Z2', 'Z2', 'downhill')": {
    "slow down": 60.88000819169925,
    "keep going": 40.69194578309818,
    "accelerate": 31.88408142648138
  },
  "('Z1', 'Z2', 'low', 'push', 'Z2', 'Z2', 'flat')": {
    "slow down": 54.81262858926985,
    "keep going": 54.29354742970045,
    "accelerate": 61.43820561058843
  },
  "('Z1', 'Z1', 'low', 'push', 'Z2', 'Z2', 'downhill')": {
    "slow down": 62.85224804681161,
    "keep going": 58.32669360331077,
    "accelerate": 56.02337712672009
  },
  "('Z2', 'Z3', 'low', 'push', 'Z2', 'Z2', 'flat')": {
    "slow down": 58.697522394598465,
    "keep going": 61.92676831532059,
    "accelerate": 53.94631316339395
  },
  "('Z2', 'Z2', 'low', 'push', 'Z2', 'Z2', 'downhill')": {
    "slow down": 57.1046544679693,
    "keep going": 57.03133318093022,
    "accelerate": 61.399700242495435
  },
  "('Z2', 'Z2', 'low', 'push', 'Z2', 'Z2', 'uphill')": {
    "slow down": 59.32187827362005,
    "keep going": 63.302351544430635,
    "accelerate": 58.6446717726505
  },
  "('Z3', 'Z4', 'low', 'push', 'Z2', 'Z2', 'flat')": {
    "slow down": 58.410921120938454,
    "keep going": 22.08740652967341,
    "accelerate": -0.6158062206014058
  },
  "('Z3', 'Z3', 'low', 'push', 'Z2', 'Z2', 'flat')": {
    "slow down": 64.44269694904702,
    "keep going": 52.748499650134065,
    "accelerate": 52.6183149466829
  },
  "('Z2', 'Z3', 'low', 'push', 'Z2', 'Z2', 'uphill')": {
    "slow down": 64.78654813106553,
    "keep going": 50.12546803882833,
    "accelerate": 43.34476299789392
  },
  "('Z2', 'Z4', 'low', 'push', 'Z2', 'Z2', 'flat')": {
    "slow down": 58.587876632464656,
    "keep going": 12.520895434499277,
    "accelerate": -13.385545777677757
  },
  "('Z3', 'Z3', 'low', 'push', 'Z2', 'Z2', 'downhill')": {
    "slow down": 62.97427529496219,
    "keep going": 33.31771706658865,
    "accelerate": 26.533328233311796
  },
  "('Z3', 'Z2', 'low', 'push', 'Z2', 'Z2', 'uphill')": {
    "slow down": 53.36816503705899,
    "keep going": 7.873651531889033,
    "accelerate": -4.851579989534609
  },
  "('Z2', 'Z3', 'low', 'push', 'Z2', 'Z2', 'downhill')": {
    "slow down": 62.478365189871276,
    "keep going": 44.126427517020836,
    "accelerate": 44.382322084818384
  },
  "('Z3', 'Z3', 'low', 'push', 'Z2', 'Z2', 'uphill')": {
    "slow down": 61.649003800459155,
    "keep going": 35.189771732247834,
    "accelerate": 39.62616096275501
  },
  "('Z3', 'Z2', 'low', 'push', 'Z2', 'Z2', 'flat')": {
    "slow down": 26.09817743218234,
    "keep going": 57.687437512515466,
    "accelerate": 28.68060670074845
  },
  "('Z3', 'Z1', 'low', 'push', 'Z2', 'Z2', 'flat')": {
    "slow down": 46.25511580615762,
    "keep going": 20.377244588111324,
    "accelerate": 23.113112018506698
  },
  "('Z2', 'Z1', 'low', 'push', 'Z2', 'Z2', 'uphill')": {
    "slow down": 53.95021377752083,
    "keep going": 62.630996493808276,
    "accelerate": 56.35719376749417
  },
  "('Z3', 'Z2', 'low', 'push', 'Z2', 'Z2', 'downhill')": {
    "slow down": -19.766260340090245,
    "keep going": 49.41922996437723,
    "accelerate": -19.36665783534995
  },
  "('Z3', 'Z4', 'low', 'push', 'Z2', 'Z2', 'uphill')": {
    "slow down": -6.072012223895614,
    "keep going": 39.49718706354488,
    "accelerate": -16.071773258802644
  },
  "('Z1', 'Z2', 'low', 'push', 'Z2', 'Z2', 'uphill')": {
    "slow down": 60.29249792639806,
    "keep going": 30.55941426153735,
    "accelerate": 41.59369625186987
  },
  "('Z3', 'Z5', 'low', 'push', 'Z2', 'Z2', 'flat')": {
    "slow down": -15.927912680200127,
    "keep going": 10.324408151837577,
    "accelerate": -10.037019760156584
  },
  "('Z4', 'Z5', 'low', 'push', 'Z2', 'Z2', 'flat')": {
    "slow down": 29.543468311862586,
    "keep going": -10.445010038591157,
    "accelerate": -19.81226610549337
  },
  "('Z4', 'Z4', 'low', 'push', 'Z2', 'Z2', 'flat')": {
    "slow down": 27.042779602239843,
    "keep going": 1.612398746647557,
    "accelerate": -7.509049995657812
  },
  "('Z4', 'Z3', 'low', 'push', 'Z2', 'Z2', 'flat')": {
    "slow down": 53.438554758776135,
    "keep going": -7.635193282110618,
    "accelerate": -8.585224024264527
  },
  "('Z4', 'Z5', 'low', 'push', 'Z2', 'Z2', 'uphill')": {
    "slow down": -7.769991466570599,
    "keep going": -16.41055328216282,
    "accelerate": -14.977343610348298
  },
  "('Z5', 'Z5', 'low', 'push', 'Z2', 'Z2', 'flat')": {
    "slow down": -25.10474954734412,
    "keep going": -22.785203763766134,
    "accelerate": -20.797917282923247
  },
  "('Z4', 'Z3', 'low', 'push', 'Z2', 'Z2', 'uphill')": {
    "slow down": -9.263068159024245,
    "keep going": 13.826916618665578,
    "accelerate": -8.80648355373966
  },
  "('Z4', 'Z2', 'low', 'push', 'Z2', 'Z2', 'downhill')": {
    "slow down": 2.5389850352448766,
    "keep going": 0.0,
    "accelerate": -0.549811297102742
  },
  "('Z4', 'Z4', 'low', 'push', 'Z2', 'Z2', 'uphill')": {
    "slow down": 11.320145527975221,
    "keep going": -13.003777358521152,
    "accelerate": -17.53367552970958
  },
  "('Z3', 'Z5', 'low', 'push', 'Z2', 'Z2', 'downhill')": {
    "slow down": -12.716323474186675,
    "keep going": -8.252570372097923,
    "accelerate": -5.4425763486543595
  },
  "('Z4', 'Z5', 'low', 'push', 'Z2', 'Z2', 'downhill')": {
    "slow down": 1.3978550542450026,
    "keep going": -20.225394716418258,
    "accelerate": -18.270073562889618
  },
  "('Z5', 'Z5', 'low', 'push', 'Z2', 'Z2', 'downhill')": {
    "slow down": -4.685633081165404,
    "keep going": -3.31148821218024,
    "accelerate": -2.7955665429204446
  },
  "('Z4', 'Z2', 'low', 'push', 'Z2', 'Z2', 'flat')": {
    "slow down": -17.397249898002592,
    "keep going": -19.031608304067632,
    "accelerate": -6.428966454534428
  },
  "('Z3', 'Z4', 'low', 'push', 'Z2', 'Z2', 'downhill')": {
    "slow down": 38.50126637747613,
    "keep going": -0.7047257854786801,
    "accelerate": -18.28362726952125
  },
  "('Z4', 'Z4', 'low', 'push', 'Z2', 'Z2', 'downhill')": {
    "slow down": -9.996480336843996,
    "keep going": -13.572631694737003,
    "accelerate": -17.527074858641893
  },
  "('Z5', 'Z4', 'low', 'push', 'Z2', 'Z2', 'flat')": {
    "slow down": -13.407122338743221,
    "keep going": -13.482006311965804,
    "accelerate": -13.90717164543986
  },
  "('Z4', 'Z3', 'low', 'push', 'Z2', 'Z2', 'downhill')": {
    "slow down": -7.548078940601897,
    "keep going": 7.5362374196634505,
    "accelerate": -11.168972785582987
  },
  "('Z5', 'Z5', 'low', 'push', 'Z2', 'Z2', 'uphill')": {
    "slow down": -3.982700266779722,
    "keep going": -6.488400887123399,
    "accelerate": -6.493601680994779
  },
  "('Z3', 'Z2', 'low', 'cooldown', 'Z1', 'Z1', 'downhill')": {
    "slow down": 20.78737996760225,
    "keep going": 6.537851470345726,
    "accelerate": 0.0
  },
  "('Z3', 'Z2', 'low', 'cooldown', 'Z1', 'Z1', 'flat')": {
    "slow down": 71.71570671515538,
    "keep going": 25.409165575601442,
    "accelerate": 6.194406680436932
  },
  "('Z2', 'Z1', 'low', 'cooldown', 'Z1', 'Z1', 'flat')": {
    "slow down": 78.96671353958362,
    "keep going": 76.56347372553132,
    "accelerate": 76.6034368721851
  },
  "('Z2', 'Z2', 'low', 'cooldown', 'Z1', 'Z1', 'uphill')": {
    "slow down": 80.8839285586125,
    "keep going": 51.23307637146214,
    "accelerate": 35.43685247477698
  },
  "('Z2', 'Z2', 'low', 'cooldown', 'Z1', 'Z1', 'downhill')": {
    "slow down": 80.46934343983116,
    "keep going": 61.34341674773944,
    "accelerate": 46.99067671718929
  },
  "('Z1', 'Z1', 'low', 'cooldown', 'Z1', 'Z1', 'flat')": {
    "slow down": 79.887264087911,
    "keep going": 79.98827034194304,
    "accelerate": 79.62740463697862
  },
  "('Z1', 'Z1', 'low', 'cooldown', 'Z1', 'Z1', 'uphill')": {
    "slow down": 79.74431830800386,
    "keep going": 79.98659838319058,
    "accelerate": 79.77055162012961
  },
  "('Z1', 'Z2', 'low', 'cooldown', 'Z1', 'Z1', 'flat')": {
    "slow down": 81.4033350766641,
    "keep going": 80.04883616079204,
    "accelerate": 74.45966871696112
  },
  "('Z2', 'Z3', 'low', 'cooldown', 'Z1', 'Z1', 'flat')": {
    "slow down": 77.29127750553211,
    "keep going": 73.86567963400098,
    "accelerate": 54.666603830941064
  },
  "('Z2', 'Z2', 'low', 'cooldown', 'Z1', 'Z1', 'flat')": {
    "slow down": 78.25444883868589,
    "keep going": 77.30233143235286,
    "accelerate": 71.1028501809238
  },
  "('Z1', 'Z1', 'low', 'cooldown', 'Z1', 'Z1', 'downhill')": {
    "slow down": 80.00590178585496,
    "keep going": 79.7994877646472,
    "accelerate": 79.78974696560805
  },
  "('Z2', 'Z4', 'low', 'cooldown', 'Z1', 'Z1', 'flat')": {
    "slow down": 72.51516237410857,
    "keep going": 7.845286001444928,
    "accelerate": -0.8070576162569667
  },
  "('Z2', 'Z3', 'low', 'cooldown', 'Z1', 'Z1', 'uphill')": {
    "slow down": 77.28807696040266,
    "keep going": 34.10002235711462,
    "accelerate": 17.653138975222852
  },
  "('Z2', 'Z1', 'low', 'cooldown', 'Z1', 'Z1', 'downhill')": {
    "slow down": 53.43831126843784,
    "keep going": 79.27910128181547,
    "accelerate": 50.49466509809947
  },
  "('Z1', 'Z2', 'low', 'cooldown', 'Z1', 'Z1', 'downhill')": {
    "slow down": 81.41039826692831,
    "keep going": 78.81377645240985,
    "accelerate": 74.19178109362622
  },
  "('Z1', 'Z2', 'low', 'cooldown', 'Z1', 'Z1', 'uphill')": {
    "slow down": 81.38306614822636,
    "keep going": 78.39707824793757,
    "accelerate": 72.63161458998108
  },
  "('Z2', 'Z3', 'low', 'cooldown', 'Z1', 'Z1', 'downhill')": {
    "slow down": 76.65604154140561,
    "keep going": 26.716140721060523,
    "accelerate": 22.758724933338463
  },
  "('Z3', 'Z4', 'low', 'cooldown', 'Z1', 'Z1', 'flat')": {
    "slow down": 31.307323525627698,
    "keep going": 3.0404826829501297,
    "accelerate": -1.7129210225778024
  },
  "('Z3', 'Z3', 'low', 'cooldown', 'Z1', 'Z1', 'flat')": {
    "slow down": 66.18099089003782,
    "keep going": 11.281915207132041,
    "accelerate": 4.246962933742898
  },
  "('Z2', 'Z1', 'low', 'cooldown', 'Z1', 'Z1', 'uphill')": {
    "slow down": 52.162441642596505,
    "keep going": 81.27865077698398,
    "accelerate": 50.91671585950734
  },
  "('Z2', 'Z4', 'low', 'cooldown', 'Z1', 'Z1', 'uphill')": {
    "slow down": 16.31294256269469,
    "keep going": 1.0849682482478415,
    "accelerate": -0.3353212177961509
  },
  "('Z3', 'Z5', 'low', 'cooldown', 'Z1', 'Z1', 'flat')": {
    "slow down": 3.1816661673210582,
    "keep going": -0.787500106286627,
    "accelerate": -0.6372072703251552
  },
  "('Z3', 'Z4', 'low', 'cooldown', 'Z1', 'Z1', 'downhill')": {
    "slow down": 0.08806024981375984,
    "keep going": 5.006666098793492,
    "accelerate": -0.9067675765134813
  },
  "('Z3', 'Z4', 'low', 'cooldown', 'Z1', 'Z1', 'uphill')": {
    "slow down": 15.188300960037807,
    "keep going": 0.0,
    "accelerate": 0.0
  },
  "('Z2', 'Z4', 'low', 'push', 'Z2', 'Z2', 'downhill')": {
    "slow down": 52.00941794501176,
    "keep going": 2.8806088194470574,
    "accelerate": -6.9973569462621406
  },
  "('Z3', 'Z5', 'low', 'push', 'Z2', 'Z2', 'uphill')": {
    "slow down": 14.871186304372898,
    "keep going": -10.870004236181218,
    "accelerate": -12.91714626841507
  },
  "('Z3', 'Z1', 'low', 'push', 'Z2', 'Z2', 'downhill')": {
    "slow down": 14.638918438169831,
    "keep going": -9.627971639023444,
    "accelerate": -8.784206036522864
  },
  "('Z3', 'Z1', 'low', 'push', 'Z2', 'Z2', 'uphill')": {
    "slow down": 6.723723328051742,
    "keep going": 32.47023577697012,
    "accelerate": -5.184713129553803
  },
  "('Z4', 'Z2', 'low', 'push', 'Z2', 'Z2', 'uphill')": {
    "slow down": -2.5693975825753537,
    "keep going": -2.287744678379971,
    "accelerate": -2.3667416864314768
  },
  "('Z4', 'Z5', 'low', 'cooldown', 'Z1', 'Z1', 'flat')": {
    "slow down": -1.8244887129362517,
    "keep going": -2.3435046513756683,
    "accelerate": -2.2579554142302616
  },
  "('Z4', 'Z4', 'low', 'cooldown', 'Z1', 'Z1', 'flat')": {
    "slow down": 1.367549156699106,
    "keep going": -1.5092596558030493,
    "accelerate": -1.8526349422004604
  },
  "('Z4', 'Z3', 'low', 'cooldown', 'Z1', 'Z1', 'flat')": {
    "slow down": 14.074108090561387,
    "keep going": -0.3086211003939743,
    "accelerate": -1.448845108055751
  },
  "('Z3', 'Z2', 'low', 'cooldown', 'Z1', 'Z1', 'uphill')": {
    "slow down": -0.1512225437326321,
    "keep going": 7.847668290732544,
    "accelerate": 0.0
  },
  "('Z3', 'Z1', 'low', 'cooldown', 'Z1', 'Z1', 'flat')": {
    "slow down": 7.7220675722870595,
    "keep going": 20.25540163840394,
    "accelerate": 9.12362856503997
  },
  "('Z3', 'Z3', 'low', 'cooldown', 'Z1', 'Z1', 'downhill')": {
    "slow down": 0.0,
    "keep going": 49.2952376462365,
    "accelerate": -0.14470036418272136
  },
  "('Z4', 'Z3', 'low', 'cooldown', 'Z1', 'Z1', 'downhill')": {
    "slow down": -0.10912039746686786,
    "keep going": 0.0,
    "accelerate": -0.7958625140835625
  },
  "('Z4', 'Z4', 'low', 'cooldown', 'Z1', 'Z1', 'uphill')": {
    "slow down": -0.16964593058673003,
    "keep going": -0.23851481414525966,
    "accelerate": -0.5450159452487638
  },
  "('Z5', 'Z5', 'low', 'cooldown', 'Z1', 'Z1', 'flat')": {
    "slow down": -0.6872957877528453,
    "keep going": -1.1941410183019483,
    "accelerate": -0.7654873875049665
  },
  "('Z5', 'Z4', 'low', 'cooldown', 'Z1', 'Z1', 'flat')": {
    "slow down": -0.39613139320203644,
    "keep going": -0.46878244627871823,
    "accelerate": 0.0
  },
  "('Z5', 'Z5', 'low', 'cooldown', 'Z1', 'Z1', 'uphill')": {
    "slow down": -0.4190868182739344,
    "keep going": -0.3849094859225798,
    "accelerate": 0.0
  },
  "('Z5', 'Z5', 'low', 'cooldown', 'Z1', 'Z1', 'downhill')": {
    "slow down": 0.0,
    "keep going": -0.39192062956707874,
    "accelerate": 0.0
  },
  "('Z4', 'Z2', 'low', 'cooldown', 'Z1', 'Z1', 'flat')": {
    "slow down": 0.0,
    "keep going": 0.0,
    "accelerate": -0.19373759142325642
  },
  "('Z4', 'Z5', 'low', 'warmup', 'Z1', 'Z1', 'uphill')": {
    "slow down": -0.26704108628231,
    "keep going": 0.0,
    "accelerate": 0.0
  },
  "('Z4', 'Z3', 'low', 'warmup', 'Z1', 'Z1', 'downhill')": {
    "slow down": 0.07085921596699642,
    "keep going": 0.0,
    "accelerate": 0.0
  },
  "('Z2', 'Z4', 'low', 'push', 'Z2', 'Z2', 'uphill')": {
    "slow down": 47.68816457807869,
    "keep going": -7.758366946367928,
    "accelerate": -2.271712189517346
  },
  "('Z3', 'Z5', 'low', 'warmup', 'Z1', 'Z1', 'downhill')": {
    "slow down": 0.2366886996349804,
    "keep going": -0.23003420773173558,
    "accelerate": 0.0
  },
  "('Z3', 'Z1', 'low', 'warmup', 'Z1', 'Z1', 'uphill')": {
    "slow down": 0.0,
    "keep going": 0.0,
    "accelerate": 0.06685956158630686
  },
  "('Z5', 'Z4', 'low', 'push', 'Z2', 'Z2', 'downhill')": {
    "slow down": -2.651810005559689,
    "keep going": 0.0,
    "accelerate": -1.5087126735349976
  },
  "('Z2', 'Z4', 'low', 'cooldown', 'Z1', 'Z1', 'downhill')": {
    "slow down": 24.205056959846694,
    "keep going": 0.0,
    "accelerate": -0.2903339164066241
  },
  "('Z3', 'Z5', 'low', 'warmup', 'Z1', 'Z1', 'uphill')": {
    "slow down": 0.0,
    "keep going": 0.0,
    "accelerate": -0.3548121631680018
  },
  "('Z3', 'Z3', 'low', 'cooldown', 'Z1', 'Z1', 'uphill')": {
    "slow down": 0.0,
    "keep going": 13.219022447487008,
    "accelerate": 0.0
  },
  "('Z4', 'Z4', 'low', 'cooldown', 'Z1', 'Z1', 'downhill')": {
    "slow down": -0.12578411898239109,
    "keep going": -0.30132580370690754,
    "accelerate": -1.015688807824345
  },
  "('Z3', 'Z3', 'low', 'warmup', 'Z1', 'Z1', 'uphill')": {
    "slow down": 0.0,
    "keep going": 0.20599119345302674,
    "accelerate": -0.1000360711759641
  },
  "('Z3', 'Z5', 'low', 'cooldown', 'Z1', 'Z1', 'downhill')": {
    "slow down": 0.0,
    "keep going": -0.9900036145773572,
    "accelerate": 0.0
  },
  "('Z5', 'Z4', 'low', 'push', 'Z2', 'Z2', 'uphill')": {
    "slow down": -3.1238259698973665,
    "keep going": -0.8978845163781992,
    "accelerate": 0.0
  },
  "('Z3', 'Z5', 'low', 'cooldown', 'Z1', 'Z1', 'uphill')": {
    "slow down": -0.2359988430284341,
    "keep going": 0.0,
    "accelerate": -0.483981110901366
  },
  "('Z3', 'Z1', 'low', 'cooldown', 'Z1', 'Z1', 'downhill')": {
    "slow down": 6.265563824438272,
    "keep going": 0.0,
    "accelerate": 0.0
  },
  "('Z2', 'Z4', 'low', 'warmup', 'Z1', 'Z1', 'uphill')": {
    "slow down": 25.594054163046614,
    "keep going": 0.0,
    "accelerate": 0.0
  }
}