{
  "('Z1', 'Z1', 'low', 'warmup', 'Z1', 'Z1', 'flat')": {
    "slow down": 47.88211022091033,
    "keep going": 47.839669008995635,
    "accelerate": 43.80103975461913
  },
  "('Z1', 'Z1', 'low', 'warmup', 'Z1', 'Z1', 'downhill')": {
    "slow down": 47.11177311274797,
    "keep going": 49.58695629047138,
    "accelerate": 44.125068178641705
  },
  "('Z1', 'Z1', 'low', 'warmup', 'Z1', 'Z1', 'uphill')": {
    "slow down": 46.78883210404577,
    "keep going": 49.57247094138504,
    "accelerate": 43.726878625783016
  },
  "('Z1', 'Z2', 'low', 'warmup', 'Z1', 'Z1', 'uphill')": {
    "slow down": 49.726266099715254,
    "keep going": 36.450630264825165,
    "accelerate": 35.61105831923418
  },
  "('Z1', 'Z2', 'low', 'warmup', 'Z1', 'Z1', 'flat')": {
    "slow down": 39.33592880806479,
    "keep going": 36.086751431215,
    "accelerate": 44.70042669424979
  },
  "('Z1', 'Z2', 'low', 'warmup', 'Z1', 'Z1', 'downhill')": {
    "slow down": 49.30417553622757,
    "keep going": 38.43533625845755,
    "accelerate": 35.726968869250186
  },
  "('Z2', 'Z3', 'low', 'warmup', 'Z1', 'Z1', 'flat')": {
    "slow down": 47.509326701198304,
    "keep going": 17.862513135539476,
    "accelerate": 2.231837576911448
  },
  "('Z2', 'Z2', 'low', 'warmup', 'Z1', 'Z1', 'downhill')": {
    "slow down": 47.70781321761288,
    "keep going": 8.747888121672357,
    "accelerate": 26.858885920112392
  },
  "('Z2', 'Z2', 'low', 'warmup', 'Z1', 'Z1', 'flat')": {
    "slow down": 47.636504653708464,
    "keep going": 38.89475380065872,
    "accelerate": 35.752222123838365
  },
  "('Z2', 'Z1', 'low', 'warmup', 'Z1', 'Z1', 'flat')": {
    "slow down": 49.09439498814493,
    "keep going": 21.425111394286585,
    "accelerate": 16.15276593378458
  },
  "('Z2', 'Z2', 'low', 'warmup', 'Z1', 'Z1', 'uphill')": {
    "slow down": 46.34180137961575,
    "keep going": 8.43158059581064,
    "accelerate": 15.167661539453059
  },
  "('Z1', 'Z1', 'low', 'push', 'Z2', 'Z2', 'flat')": {
    "slow down": 21.73850323440554,
    "keep going": 24.133027926646335,
    "accelerate": 31.257404128193066
  },
  "('Z1', 'Z2', 'low', 'push', 'Z2', 'Z2', 'flat')": {
    "slow down": 32.55155460563467,
    "keep going": -27.170849557504173,
    "accelerate": -29.97555896224504
  },
  "('Z2', 'Z2', 'low', 'push', 'Z2', 'Z2', 'downhill')": {
    "slow down": 30.214284779297028,
    "keep going": -11.865134739667763,
    "accelerate": -18.32473048856408
  },
  "('Z2', 'Z2', 'low', 'push', 'Z2', 'Z2', 'flat')": {
    "slow down": 43.046827860132865,
    "keep going": -10.782404111770363,
    "accelerate": -32.24852067121117
  },
  "('Z2', 'Z3', 'low', 'push', 'Z2', 'Z2', 'flat')": {
    "slow down": -51.18257318574034,
    "keep going": -51.57240805810416,
    "accelerate": -32.893921611603886
  },
  "('Z2', 'Z3', 'low', 'push', 'Z2', 'Z2', 'uphill')": {
    "slow down": 0.34632071083091587,
    "keep going": -38.542050674754776,
    "accelerate": -55.82016397490499
  },
  "('Z2', 'Z1', 'low', 'push', 'Z2', 'Z2', 'flat')": {
    "slow down": 26.43892723811897,
    "keep going": -36.757399076591135,
    "accelerate": -36.685708325171625
  },
  "('Z2', 'Z2', 'low', 'push', 'Z2', 'Z2', 'uphill')": {
    "slow down": 29.38627533352879,
    "keep going": -15.466316424433039,
    "accelerate": -22.523124785383324
  },
  "('Z2', 'Z1', 'low', 'push', 'Z2', 'Z2', 'uphill')": {
    "slow down": -22.552460832602637,
    "keep going": -26.72835895011725,
    "accelerate": -26.283278801204844
  },
  "('Z3', 'Z3', 'low', 'push', 'Z2', 'Z2', 'flat')": {
    "slow down": -15.515355587855057,
    "keep going": -37.796442486035396,
    "accelerate": -40.39173831166279
  },
  "('Z3', 'Z3', 'low', 'push', 'Z2', 'Z2', 'downhill')": {
    "slow down": -22.90941716782613,
    "keep going": -54.03897527539341,
    "accelerate": -71.04302474032954
  },
  "('Z3', 'Z2', 'low', 'push', 'Z2', 'Z2', 'flat')": {
    "slow down": 0.5743207807588884,
    "keep going": -38.01164499026444,
    "accelerate": -38.21105172701669
  },
  "('Z2', 'Z1', 'low', 'push', 'Z2', 'Z2', 'downhill')": {
    "slow down": -28.608252991602793,
    "keep going": -28.53346538357292,
    "accelerate": -22.162324842312344
  },
  "('Z1', 'Z1', 'low', 'push', 'Z2', 'Z2', 'downhill')": {
    "slow down": 30.56936708114139,
    "keep going": -2.3658168004513,
    "accelerate": 6.830035023462446
  },
  "('Z3', 'Z4', 'low', 'push', 'Z2', 'Z2', 'flat')": {
    "slow down": -25.894822912929378,
    "keep going": -58.106534991606885,
    "accelerate": -70.70075281626498
  },
  "('Z3', 'Z4', 'low', 'push', 'Z2', 'Z2', 'uphill')": {
    "slow down": -18.521158276540742,
    "keep going": -47.048982868821795,
    "accelerate": -50.81907513441079
  },
  "('Z1', 'Z1', 'low', 'push', 'Z2', 'Z2', 'uphill')": {
    "slow down": 30.532472975397596,
    "keep going": 4.292361394771497,
    "accelerate": 7.419979524024731
  },
  "('Z2', 'Z3', 'low', 'push', 'Z2', 'Z2', 'downhill')": {
    "slow down": -39.690068893439516,
    "keep going": -26.860794713617757,
    "accelerate": -56.35418921200799
  },
  "('Z1', 'Z2', 'low', 'push', 'Z2', 'Z2', 'uphill')": {
    "slow down": 26.224725963268458,
    "keep going": -1.7763856487619396,
    "accelerate": -10.478223116791552
  },
  "('Z2', 'Z4', 'low', 'push', 'Z2', 'Z2', 'flat')": {
    "slow down": -49.093456874018955,
    "keep going": -32.18584776478216,
    "accelerate": -76.01303897628192
  },
  "('Z3', 'Z3', 'low', 'push', 'Z2', 'Z2', 'uphill')": {
    "slow down": -60.93896974092271,
    "keep going": -19.005149649524054,
    "accelerate": -73.45563800924836
  },
  "('Z3', 'Z2', 'low', 'push', 'Z2', 'Z2', 'downhill')": {
    "slow down": -61.56225597706115,
    "keep going": -16.329617153909005,
    "accelerate": -61.969976273774336
  },
  "('Z3', 'Z2', 'low', 'push', 'Z2', 'Z2', 'uphill')": {
    "slow down": -54.20487638730154,
    "keep going": -17.543339689465505,
    "accelerate": -55.95551317351843
  },
  "('Z1', 'Z2', 'low', 'push', 'Z2', 'Z2', 'downhill')": {
    "slow down": 26.61012225827229,
    "keep going": -2.208538008520356,
    "accelerate": -9.693693461250334
  },
  "('Z2', 'Z4', 'low', 'push', 'Z2', 'Z2', 'uphill')": {
    "slow down": -16.707576208830314,
    "keep going": -30.129427021359334,
    "accelerate": -34.16132918960911
  },
  "('Z3', 'Z1', 'low', 'push', 'Z2', 'Z2', 'flat')": {
    "slow down": -81.96498106117112,
    "keep going": -40.32426340071704,
    "accelerate": -82.20005149320635
  },
  "('Z3', 'Z1', 'low', 'push', 'Z2', 'Z2', 'uphill')": {
    "slow down": -3.4887887837432965,
    "keep going": -23.76436962801699,
    "accelerate": -23.563182076849277
  },
  "('Z3', 'Z5', 'low', 'push', 'Z2', 'Z2', 'flat')": {
    "slow down": -86.0048855192561,
    "keep going": -85.37916662980882,
    "accelerate": -64.60330344228986
  },
  "('Z3', 'Z4', 'low', 'push', 'Z2', 'Z2', 'downhill')": {
    "slow down": -52.75857105862716,
    "keep going": -16.801050444364968,
    "accelerate": -57.98772724933145
  },
  "('Z4', 'Z4', 'low', 'push', 'Z2', 'Z2', 'flat')": {
    "slow down": -54.39348691355656,
    "keep going": -81.89957012052952,
    "accelerate": -86.57772198063836
  },
  "('Z2', 'Z4', 'low', 'push', 'Z2', 'Z2', 'downhill')": {
    "slow down": -26.091339244633915,
    "keep going": -15.574879409240205,
    "accelerate": -45.840773143191186
  },
  "('Z4', 'Z5', 'low', 'push', 'Z2', 'Z2', 'flat')": {
    "slow down": -52.840885457850774,
    "keep going": -86.54883542034926,
    "accelerate": -87.76931529317817
  },
  "('Z4', 'Z5', 'low', 'push', 'Z2', 'Z2', 'downhill')": {
    "slow down": -58.39633851401045,
    "keep going": -57.310809169824005,
    "accelerate": -58.64189013583222
  },
  "('Z4', 'Z3', 'low', 'push', 'Z2', 'Z2', 'flat')": {
    "slow down": -84.73740893249926,
    "keep going": -25.101980924283243,
    "accelerate": -84.85283960710662
  },
  "('Z4', 'Z2', 'low', 'push', 'Z2', 'Z2', 'flat')": {
    "slow down": -60.069623097868394,
    "keep going": -58.88492826572061,
    "accelerate": -60.956635747532864
  },
  "('Z4', 'Z4', 'low', 'push', 'Z2', 'Z2', 'uphill')": {
    "slow down": -49.231232844306966,
    "keep going": -57.9414581084901,
    "accelerate": -59.39307916683276
  },
  "('Z4', 'Z4', 'low', 'push', 'Z2', 'Z2', 'downhill')": {
    "slow down": -51.63700445945949,
    "keep going": -56.60101699430965,
    "accelerate": -58.36846600317426
  },
  "('Z5', 'Z5', 'low', 'push', 'Z2', 'Z2', 'flat')": {
    "slow down": -71.15412913771291,
    "keep going": -73.76497714506638,
    "accelerate": -73.80865786889375
  },
  "('Z4', 'Z3', 'low', 'push', 'Z2', 'Z2', 'downhill')": {
    "slow down": -42.161613134897785,
    "keep going": -37.99907414882323,
    "accelerate": -43.70178135972325
  },
  "('Z4', 'Z2', 'low', 'push', 'Z2', 'Z2', 'downhill')": {
    "slow down": -5.780590365647112,
    "keep going": -8.82888031534939,
    "accelerate": -7.479558151152759
  },
  "('Z5', 'Z4', 'low', 'push', 'Z2', 'Z2', 'downhill')": {
    "slow down": -8.465040420066082,
    "keep going": -10.698379264333745,
    "accelerate": -4.917316194598805
  },
  "('Z3', 'Z5', 'low', 'push', 'Z2', 'Z2', 'uphill')": {
    "slow down": -39.000603760097,
    "keep going": -42.193118988468335,
    "accelerate": -43.50964131544441
  },
  "('Z4', 'Z5', 'low', 'push', 'Z2', 'Z2', 'uphill')": {
    "slow down": -56.00995087335455,
    "keep going": -56.75509775422189,
    "accelerate": -55.73538230325998
  },
  "('Z5', 'Z4', 'low', 'push', 'Z2', 'Z2', 'flat')": {
    "slow down": -69.35844302257016,
    "keep going": -68.99547832516393,
    "accelerate": -68.95965680681617
  },
  "('Z3', 'Z5', 'low', 'push', 'Z2', 'Z2', 'downhill')": {
    "slow down": -36.822763698786716,
    "keep going": -51.80780871927994,
    "accelerate": -50.94268678468523
  },
  "('Z4', 'Z3', 'low', 'push', 'Z2', 'Z2', 'uphill')": {
    "slow down": -50.68441712928556,
    "keep going": -45.46739330608905,
    "accelerate": -49.71813732071568
  },
  "('Z3', 'Z1', 'low', 'push', 'Z2', 'Z2', 'downhill')": {
    "slow down": -27.03855586608902,
    "keep going": -13.01635102924647,
    "accelerate": -27.10202059906671
  },
  "('Z5', 'Z5', 'low', 'push', 'Z2', 'Z2', 'uphill')": {
    "slow down": -52.7696358360894,
    "keep going": -52.95349257580252,
    "accelerate": -51.161966372775176
  },
  "('Z4', 'Z5', 'low', 'push', 'Z3', 'Z3', 'flat')": {
    "slow down": -96.941586598625,
    "keep going": -97.05439539089595,
    "accelerate": -96.86337297295478
  },
  "('Z4', 'Z4', 'low', 'push', 'Z3', 'Z3', 'flat')": {
    "slow down": -90.87439191143501,
    "keep going": -96.07780861162588,
    "accelerate": -96.23725262160242
  },
  "('Z4', 'Z3', 'low', 'push', 'Z3', 'Z3', 'flat')": {
    "slow down": -95.40198124293396,
    "keep going": -95.32359297862467,
    "accelerate": -95.4143501972467
  },
  "('Z3', 'Z2', 'low', 'push', 'Z3', 'Z3', 'flat')": {
    "slow down": -95.66754233451688,
    "keep going": -96.37632087310439,
    "accelerate": -96.37864536540043
  },
  "('Z3', 'Z1', 'low', 'push', 'Z3', 'Z3', 'flat')": {
    "slow down": -92.94676897073235,
    "keep going": -94.3674271719789,
    "accelerate": -92.88301942512733
  },
  "('Z2', 'Z1', 'low', 'push', 'Z3', 'Z3', 'flat')": {
    "slow down": -84.9153769240567,
    "keep going": -95.5569657436896,
    "accelerate": -95.4200213462923
  },
  "('Z2', 'Z2', 'low', 'push', 'Z3', 'Z3', 'flat')": {
    "slow down": -94.77764556858666,
    "keep going": -94.7364000908338,
    "accelerate": -93.89679979954585
  },
  "('Z2', 'Z3', 'low', 'push', 'Z3', 'Z3', 'flat')": {
    "slow down": -94.31270558077757,
    "keep going": -94.17861350376131,
    "accelerate": -91.8676331989014
  },
  "('Z3', 'Z4', 'low', 'push', 'Z3', 'Z3', 'flat')": {
    "slow down": -96.4232484420682,
    "keep going": -92.19568311845049,
    "accelerate": -96.51192497624548
  },
  "('Z3', 'Z3', 'low', 'push', 'Z3', 'Z3', 'flat')": {
    "slow down": -96.92577779004701,
    "keep going": -55.82552034609236,
    "accelerate": -96.67940650736159
  },
  "('Z3', 'Z5', 'low', 'push', 'Z3', 'Z3', 'flat')": {
    "slow down": -93.1339907923305,
    "keep going": -93.93172768816234,
    "accelerate": -93.69352428706459
  },
  "('Z4', 'Z2', 'low', 'push', 'Z3', 'Z3', 'flat')": {
    "slow down": -88.93678604981915,
    "keep going": -85.02217189052368,
    "accelerate": -88.55410585019408
  },
  "('Z5', 'Z5', 'low', 'push', 'Z3', 'Z3', 'flat')": {
    "slow down": -86.06472730441794,
    "keep going": -94.33394059965711,
    "accelerate": -94.2413084087785
  },
  "('Z5', 'Z4', 'low', 'push', 'Z3', 'Z3', 'flat')": {
    "slow down": -89.4368219596936,
    "keep going": -88.78156664028322,
    "accelerate": -89.78210719803346
  },
  "('Z1', 'Z1', 'low', 'push', 'Z3', 'Z3', 'flat')": {
    "slow down": -8.659032958112393,
    "keep going": -11.603563797404469,
    "accelerate": -18.809989003130333
  },
  "('Z1', 'Z2', 'low', 'push', 'Z3', 'Z3', 'flat')": {
    "slow down": -12.077079462567836,
    "keep going": -70.27130741025937,
    "accelerate": -69.02477522050422
  },
  "('Z2', 'Z4', 'low', 'push', 'Z3', 'Z3', 'flat')": {
    "slow down": -82.84610827130017,
    "keep going": -83.21440059716167,
    "accelerate": -83.44700581415067
  },
  "('Z4', 'Z3', 'low', 'cooldown', 'Z1', 'Z1', 'flat')": {
    "slow down": 0.0,
    "keep going": 0.0,
    "accelerate": 0.0
  },
  "('Z2', 'Z1', 'low', 'warmup', 'Z1', 'Z1', 'uphill')": {
    "slow down": 48.995423898312104,
    "keep going": 13.261049198360285,
    "accelerate": 11.817462003604266
  },
  "('Z2', 'Z3', 'low', 'warmup', 'Z1', 'Z1', 'downhill')": {
    "slow down": 47.31326953778931,
    "keep going": 0.0,
    "accelerate": 0.29619553511198704
  },
  "('Z5', 'Z5', 'low', 'push', 'Z2', 'Z2', 'downhill')": {
    "slow down": -51.758332670596765,
    "keep going": -54.08983481975002,
    "accelerate": -52.89762762868192
  },
  "('Z4', 'Z2', 'low', 'push', 'Z2', 'Z2', 'uphill')": {
    "slow down": -13.743287624081582,
    "keep going": -9.289500555425175,
    "accelerate": -10.268097893607434
  },
  "('Z5', 'Z4', 'low', 'push', 'Z2', 'Z2', 'uphill')": {
    "slow down": -16.10645496678269,
    "keep going": -20.610370823424795,
    "accelerate": -17.5721242691955
  },
  "('Z3', 'Z4', 'low', 'cooldown', 'Z1', 'Z1', 'flat')": {
    "slow down": 0.0,
    "keep going": 0.0,
    "accelerate": 0.0
  },
  "('Z2', 'Z1', 'low', 'warmup', 'Z1', 'Z1', 'downhill')": {
    "slow down": 48.454316866884774,
    "keep going": 0.0,
    "accelerate": 2.607240927773374
  },
  "('Z2', 'Z3', 'low', 'warmup', 'Z1', 'Z1', 'uphill')": {
    "slow down": 47.211788039278574,
    "keep going": 0.0,
    "accelerate": 0.6489729725485556
  },
  "('Z4', 'Z4', 'low', 'cooldown', 'Z1', 'Z1', 'flat')": {
    "slow down": 0.0,
    "keep going": 0.0,
    "accelerate": 0.0
  },
  "('Z3', 'Z3', 'low', 'cooldown', 'Z1', 'Z1', 'flat')": {
    "slow down": 0.0,
    "keep going": 0.0,
    "accelerate": 0.0
  },
  "('Z2', 'Z4', 'low', 'warmup', 'Z1', 'Z1', 'flat')": {
    "slow down": 17.471882931496506,
    "keep going": 0.0,
    "accelerate": -0.23925542809691724
  },
  "('Z2', 'Z2', 'low', 'cooldown', 'Z1', 'Z1', 'flat')": {
    "slow down": 0.0,
    "keep going": 0.0,
    "accelerate": 0.0
  },
  "('Z3', 'Z5', 'low', 'cooldown', 'Z1', 'Z1', 'flat')": {
    "slow down": 0.0,
    "keep going": 0.0,
    "accelerate": 0.0
  },
  "('Z3', 'Z2', 'low', 'cooldown', 'Z1', 'Z1', 'flat')": {
    "slow down": 0.0,
    "keep going": 0.0,
    "accelerate": 0.0
  },
  "('Z2', 'Z4', 'low', 'warmup', 'Z1', 'Z1', 'downhill')": {
    "slow down": 1.1195980540081794,
    "keep going": 0.0,
    "accelerate": 0.0
  },
  "('Z2', 'Z1', 'low', 'cooldown', 'Z1', 'Z1', 'flat')": {
    "slow down": 0.0,
    "keep going": 0.0,
    "accelerate": 0.0
  },
  "('Z3', 'Z1', 'low', 'cooldown', 'Z1', 'Z1', 'flat')": {
    "slow down": 0.0,
    "keep going": 0.0,
    "accelerate": 0.0
  },
  "('Z1', 'Z1', 'low', 'cooldown', 'Z1', 'Z1', 'flat')": {
    "slow down": 0.0,
    "keep going": 0.0,
    "accelerate": 0.0
  },
  "('Z2', 'Z3', 'low', 'cooldown', 'Z1', 'Z1', 'flat')": {
    "slow down": 0.0,
    "keep going": 0.0,
    "accelerate": 0.0
  },
  "('Z3', 'Z5', 'low', 'warmup', 'Z1', 'Z1', 'flat')": {
    "slow down": -0.1295971845025467,
    "keep going": 0.0,
    "accelerate": 0.0
  },
  "('Z3', 'Z4', 'low', 'warmup', 'Z1', 'Z1', 'flat')": {
    "slow down": -0.13495302395390968,
    "keep going": 0.0,
    "accelerate": 0.0
  },
  "('Z3', 'Z3', 'low', 'warmup', 'Z1', 'Z1', 'downhill')": {
    "slow down": -0.012159618527871363,
    "keep going": 0.28336272264648504,
    "accelerate": 0.0
  },
  "('Z3', 'Z2', 'low', 'warmup', 'Z1', 'Z1', 'flat')": {
    "slow down": 8.25034782940704,
    "keep going": 0.0,
    "accelerate": -0.06762077115906365
  },
  "('Z3', 'Z3', 'low', 'warmup', 'Z1', 'Z1', 'flat')": {
    "slow down": 7.180470764532388,
    "keep going": -0.06379743037760736,
    "accelerate": -0.11067622851869185
  },
  "('Z1', 'Z2', 'low', 'cooldown', 'Z1', 'Z1', 'flat')": {
    "slow down": 0.0,
    "keep going": 0.0,
    "accelerate": 0.0
  },
  "('Z4', 'Z5', 'low', 'cooldown', 'Z1', 'Z1', 'flat')": {
    "slow down": 0.0,
    "keep going": 0.0,
    "accelerate": 0.0
  },
  "('Z4', 'Z2', 'low', 'cooldown', 'Z1', 'Z1', 'flat')": {
    "slow down": 0.0,
    "keep going": 0.0,
    "accelerate": 0.0
  },
  "('Z2', 'Z4', 'low', 'cooldown', 'Z1', 'Z1', 'flat')": {
    "slow down": 0.0,
    "keep going": 0.0,
    "accelerate": 0.0
  },
  "('Z3', 'Z4', 'low', 'warmup', 'Z1', 'Z1', 'downhill')": {
    "slow down": -0.08643359711775704,
    "keep going": 0.0,
    "accelerate": 0.0
  }
}