{
  "('Z1', 'Z1', 'low', 'warmup', 'Z1', 'Z1', 'flat')": {
    "slow down": 74.0326342544275,
    "keep going": 74.71049682998475,
    "accelerate": 66.65633867965529
  },
  "('Z1', 'Z1', 'low', 'warmup', 'Z1', 'Z1', 'downhill')": {
    "slow down": 73.73516091898878,
    "keep going": 84.08849587203603,
    "accelerate": 65.25842282467337
  },
  "('Z1', 'Z2', 'low', 'warmup', 'Z1', 'Z1', 'flat')": {
    "slow down": 60.168463030753465,
    "keep going": 59.86165056741693,
    "accelerate": 67.50210818238013
  },
  "('Z2', 'Z3', 'low', 'warmup', 'Z1', 'Z1', 'uphill')": {
    "slow down": 68.76168446634357,
    "keep going": 26.10807480725867,
    "accelerate": 7.018219293322577
  },
  "('Z2', 'Z3', 'low', 'warmup', 'Z1', 'Z1', 'flat')": {
    "slow down": 74.05505511935226,
    "keep going": 60.29890371164687,
    "accelerate": 39.161073548010755
  },
  "('Z2', 'Z2', 'low', 'warmup', 'Z1', 'Z1', 'flat')": {
    "slow down": 77.6286420420653,
    "keep going": 57.925041070116805,
    "accelerate": 57.335137725549714
  },
  "('Z2', 'Z1', 'low', 'warmup', 'Z1', 'Z1', 'flat')": {
    "slow down": 81.70297782233735,
    "keep going": 61.614752809709046,
    "accelerate": 61.79661081248643
  },
  "('Z1', 'Z1', 'low', 'warmup', 'Z1', 'Z1', 'uphill')": {
    "slow down": 68.69148583669417,
    "keep going": 84.06906376653602,
    "accelerate": 65.01365192733824
  },
  "('Z2', 'Z1', 'low', 'warmup', 'Z1', 'Z1', 'uphill')": {
    "slow down": 75.24714677991656,
    "keep going": 36.361237540073695,
    "accelerate": 54.032337810988516
  },
  "('Z1', 'Z2', 'low', 'warmup', 'Z1', 'Z1', 'downhill')": {
    "slow down": 72.93433140944143,
    "keep going": 65.91787211035104,
    "accelerate": 65.63111309062005
  },
  "('Z1', 'Z2', 'low', 'warmup', 'Z1', 'Z1', 'uphill')": {
    "slow down": 73.36836434381601,
    "keep going": 69.67537135144748,
    "accelerate": 65.00402697878262
  },
  "('Z2', 'Z4', 'low', 'warmup', 'Z1', 'Z1', 'flat')": {
    "slow down": 60.60509706710293,
    "keep going": -0.29646050031516685,
    "accelerate": -1.3974870124588343
  },
  "('Z3', 'Z4', 'low', 'warmup', 'Z1', 'Z1', 'flat')": {
    "slow down": 8.837279001244253,
    "keep going": -0.8395379289248677,
    "accelerate": -0.7992759715281779
  },
  "('Z3', 'Z5', 'low', 'warmup', 'Z1', 'Z1', 'uphill')": {
    "slow down": -0.3149312072149342,
    "keep going": -0.26347402021142513,
    "accelerate": -0.211607145548247
  },
  "('Z4', 'Z5', 'low', 'warmup', 'Z1', 'Z1', 'flat')": {
    "slow down": -0.6778177447754571,
    "keep going": -0.5136255928995701,
    "accelerate": -0.5026673645564684
  },
  "('Z4', 'Z4', 'low', 'warmup', 'Z1', 'Z1', 'downhill')": {
    "slow down": -0.16663153441446396,
    "keep going": 0.0,
    "accelerate": 0.0
  },
  "('Z4', 'Z3', 'low', 'warmup', 'Z1', 'Z1', 'flat')": {
    "slow down": 4.5781277823392195,
    "keep going": -0.06117516357231953,
    "accelerate": -0.2503344216303239
  },
  "('Z3', 'Z2', 'low', 'warmup', 'Z1', 'Z1', 'flat')": {
    "slow down": 45.66745712397103,
    "keep going": 2.2530707152740463,
    "accelerate": 4.334476673480404
  },
  "('Z3', 'Z1', 'low', 'warmup', 'Z1', 'Z1', 'downhill')": {
    "slow down": 0.0,
    "keep going": 0.0,
    "accelerate": 6.90145840061543
  },
  "('Z2', 'Z2', 'low', 'warmup', 'Z1', 'Z1', 'downhill')": {
    "slow down": 69.74867501539549,
    "keep going": 64.5119726932304,
    "accelerate": 62.02300012531404
  },
  "('Z2', 'Z1', 'low', 'warmup', 'Z1', 'Z1', 'downhill')": {
    "slow down": 71.92112278338209,
    "keep going": 55.639253228144966,
    "accelerate": 57.73864144502246
  },
  "('Z2', 'Z3', 'low', 'warmup', 'Z1', 'Z1', 'downhill')": {
    "slow down": 69.56772770076797,
    "keep going": 52.54614960148506,
    "accelerate": 20.461448266800534
  },
  "('Z3', 'Z4', 'low', 'warmup', 'Z1', 'Z1', 'uphill')": {
    "slow down": -0.13861741429734525,
    "keep going": -0.1454913237042785,
    "accelerate": -0.2567463751322965
  },
  "('Z3', 'Z3', 'low', 'warmup', 'Z1', 'Z1', 'downhill')": {
    "slow down": 23.137608011481127,
    "keep going": -0.055056930973185085,
    "accelerate": 0.044820244775379825
  },
  "('Z2', 'Z1', 'low', 'push', 'Z3', 'Z3', 'flat')": {
    "slow down": -63.913053804173366,
    "keep going": -5.861121742225236,
    "accelerate": -67.53369476464987
  },
  "('Z1', 'Z1', 'low', 'push', 'Z3', 'Z3', 'flat')": {
    "slow down": -10.409941824030374,
    "keep going": -9.330970699933337,
    "accelerate": 0.24823276837588582
  },
  "('Z1', 'Z2', 'low', 'push', 'Z3', 'Z3', 'flat')": {
    "slow down": -50.60742428076276,
    "keep going": 3.544057193338008,
    "accelerate": -54.36868619864877
  },
  "('Z2', 'Z3', 'low', 'push', 'Z3', 'Z3', 'flat')": {
    "slow down": -66.76428429181192,
    "keep going": -66.78163486948043,
    "accelerate": -35.38724247926237
  },
  "('Z3', 'Z4', 'low', 'push', 'Z3', 'Z3', 'downhill')": {
    "slow down": -64.33573506148124,
    "keep going": -48.832024786504405,
    "accelerate": -84.24290627610395
  },
  "('Z3', 'Z3', 'low', 'push', 'Z3', 'Z3', 'flat')": {
    "slow down": -65.72484063876249,
    "keep going": -70.26091794623069,
    "accelerate": -32.72232480857106
  },
  "('Z3', 'Z4', 'low', 'push', 'Z3', 'Z3', 'flat')": {
    "slow down": -69.20027012748564,
    "keep going": -69.32440386374138,
    "accelerate": -32.25498101564568
  },
  "('Z3', 'Z4', 'low', 'push', 'Z3', 'Z3', 'uphill')": {
    "slow down": -70.03940669135676,
    "keep going": -41.13994230757387,
    "accelerate": -79.77292505655262
  },
  "('Z3', 'Z3', 'low', 'push', 'Z3', 'Z3', 'downhill')": {
    "slow down": -59.50206530129536,
    "keep going": -59.76557436043048,
    "accelerate": -53.04151273570594
  },
  "('Z3', 'Z2', 'low', 'push', 'Z3', 'Z3', 'flat')": {
    "slow down": -68.64699552173009,
    "keep going": -9.679697734322026,
    "accelerate": -66.78332271625442
  },
  "('Z3', 'Z1', 'low', 'push', 'Z3', 'Z3', 'flat')": {
    "slow down": -63.77847828981233,
    "keep going": -64.07204238211442,
    "accelerate": -64.11309054655277
  },
  "('Z2', 'Z2', 'low', 'push', 'Z3', 'Z3', 'flat')": {
    "slow down": 1.3165534108693169,
    "keep going": -11.887696778712243,
    "accelerate": -38.38254747105447
  },
  "('Z3', 'Z3', 'low', 'push', 'Z3', 'Z3', 'uphill')": {
    "slow down": -56.65899150199597,
    "keep going": -45.9361986406813,
    "accelerate": -56.66979210846977
  },
  "('Z2', 'Z2', 'low', 'push', 'Z3', 'Z3', 'uphill')": {
    "slow down": 3.751616625634153,
    "keep going": -40.39539269992542,
    "accelerate": -50.57603447501378
  },
  "('Z2', 'Z3', 'low', 'push', 'Z3', 'Z3', 'uphill')": {
    "slow down": -59.41393347104581,
    "keep going": -51.391474070731086,
    "accelerate": -59.56805644623838
  },
  "('Z4', 'Z4', 'low', 'push', 'Z3', 'Z3', 'flat')": {
    "slow down": -17.564091108394376,
    "keep going": -60.41538002514744,
    "accelerate": -75.15950199970129
  },
  "('Z4', 'Z3', 'low', 'push', 'Z3', 'Z3', 'flat')": {
    "slow down": -9.125029568351126,
    "keep going": -83.15670571258698,
    "accelerate": -91.09045433107006
  },
  "('Z3', 'Z5', 'low', 'push', 'Z3', 'Z3', 'flat')": {
    "slow down": -88.52386955165932,
    "keep going": -62.09387441028839,
    "accelerate": -30.270283583576838
  },
  "('Z4', 'Z5', 'low', 'push', 'Z3', 'Z3', 'flat')": {
    "slow down": -25.524290007404616,
    "keep going": -81.77689706972909,
    "accelerate": -68.97967721176829
  },
  "('Z4', 'Z4', 'low', 'push', 'Z3', 'Z3', 'uphill')": {
    "slow down": -38.448985940102375,
    "keep going": -68.71294813034332,
    "accelerate": -90.65350910929354
  },
  "('Z3', 'Z1', 'low', 'push', 'Z3', 'Z3', 'downhill')": {
    "slow down": -74.26843498754478,
    "keep going": -37.85264666825289,
    "accelerate": -69.85428900408306
  },
  "('Z2', 'Z1', 'low', 'push', 'Z3', 'Z3', 'uphill')": {
    "slow down": -8.18597796915195,
    "keep going": -54.43249716832245,
    "accelerate": -54.0049213510552
  },
  "('Z2', 'Z4', 'low', 'push', 'Z3', 'Z3', 'downhill')": {
    "slow down": -36.06777466141973,
    "keep going": -48.727262335535414,
    "accelerate": -55.04803880217679
  },
  "('Z3', 'Z2', 'low', 'push', 'Z3', 'Z3', 'downhill')": {
    "slow down": -72.64646021387631,
    "keep going": -68.41039581541108,
    "accelerate": -39.5264688141834
  },
  "('Z2', 'Z4', 'low', 'push', 'Z3', 'Z3', 'flat')": {
    "slow down": -38.57059705907354,
    "keep going": -59.13295608879236,
    "accelerate": -65.79595796939844
  },
  "('Z2', 'Z1', 'low', 'push', 'Z3', 'Z3', 'downhill')": {
    "slow down": -0.7242774644648073,
    "keep going": -52.38307949465958,
    "accelerate": -52.690230342908464
  },
  "('Z4', 'Z5', 'low', 'push', 'Z3', 'Z3', 'uphill')": {
    "slow down": -42.30979270028064,
    "keep going": -88.01764180974189,
    "accelerate": -88.7122368124351
  },
  "('Z5', 'Z5', 'low', 'push', 'Z3', 'Z3', 'flat')": {
    "slow down": -89.23056380995979,
    "keep going": -89.20542913287952,
    "accelerate": -86.94433225412737
  },
  "('Z5', 'Z4', 'low', 'push', 'Z3', 'Z3', 'flat')": {
    "slow down": -85.65248282838009,
    "keep going": -84.78012216916167,
    "accelerate": -84.84686266534578
  },
  "('Z4', 'Z3', 'low', 'push', 'Z3', 'Z3', 'downhill')": {
    "slow down": -83.76037500501732,
    "keep going": -43.12836964006256,
    "accelerate": -83.8662457916359
  },
  "('Z4', 'Z5', 'low', 'push', 'Z3', 'Z3', 'downhill')": {
    "slow down": -30.23598783684021,
    "keep going": -88.29264541075051,
    "accelerate": -81.99697710605514
  },
  "('Z5', 'Z5', 'low', 'push', 'Z3', 'Z3', 'downhill')": {
    "slow down": -72.24025092076587,
    "keep going": -72.064900950935,
    "accelerate": -73.80015825737122
  },
  "('Z4', 'Z2', 'low', 'push', 'Z3', 'Z3', 'flat')": {
    "slow down": -80.00037307141919,
    "keep going": -86.77757272254722,
    "accelerate": -86.01888720350041
  },
  "('Z2', 'Z2', 'low', 'push', 'Z4', 'Z4', 'flat')": {
    "slow down": -38.34419643486981,
    "keep going": -38.84087490525906,
    "accelerate": -21.249285794293147
  },
  "('Z2', 'Z1', 'low', 'push', 'Z4', 'Z4', 'uphill')": {
    "slow down": -46.24645033933664,
    "keep going": -47.80216173029026,
    "accelerate": -21.534634904007945
  },
  "('Z1', 'Z1', 'low', 'push', 'Z4', 'Z4', 'flat')": {
    "slow down": -42.9290547491217,
    "keep going": -43.151535944767055,
    "accelerate": -23.207244543279362
  },
  "('Z1', 'Z1', 'low', 'push', 'Z4', 'Z4', 'uphill')": {
    "slow down": -39.26863085564636,
    "keep going": -40.14964537839909,
    "accelerate": -19.201738099665288
  },
  "('Z1', 'Z2', 'low', 'push', 'Z4', 'Z4', 'flat')": {
    "slow down": -23.201841063494186,
    "keep going": -38.74153450543577,
    "accelerate": -39.35156570927004
  },
  "('Z2', 'Z3', 'low', 'push', 'Z4', 'Z4', 'flat')": {
    "slow down": -34.750424579451725,
    "keep going": -19.905164930953585,
    "accelerate": -42.949562563989254
  },
  "('Z2', 'Z1', 'low', 'push', 'Z4', 'Z4', 'flat')": {
    "slow down": -28.18705129388959,
    "keep going": -44.95304732897012,
    "accelerate": -36.135108164003434
  },
  "('Z3', 'Z3', 'low', 'push', 'Z4', 'Z4', 'flat')": {
    "slow down": -34.55817002979605,
    "keep going": -21.023875729226024,
    "accelerate": -47.8193423579227
  },
  "('Z3', 'Z4', 'low', 'push', 'Z4', 'Z4', 'flat')": {
    "slow down": -51.567977288070274,
    "keep going": -50.519602623546014,
    "accelerate": -41.572462021817934
  },
  "('Z3', 'Z2', 'low', 'push', 'Z4', 'Z4', 'flat')": {
    "slow down": -14.500549608741972,
    "keep going": -49.90171004138044,
    "accelerate": -49.669126312195615
  },
  "('Z2', 'Z2', 'low', 'push', 'Z4', 'Z4', 'uphill')": {
    "slow down": -31.751096103668203,
    "keep going": -20.46137638972939,
    "accelerate": -31.718167160048548
  },
  "('Z2', 'Z1', 'low', 'push', 'Z4', 'Z4', 'downhill')": {
    "slow down": -33.78107264197971,
    "keep going": -35.622844442701,
    "accelerate": -20.001116642296903
  },
  "('Z2', 'Z4', 'low', 'push', 'Z4', 'Z4', 'flat')": {
    "slow down": -32.09529096715151,
    "keep going": -31.8940505049535,
    "accelerate": -54.42888708648896
  },
  "('Z3', 'Z5', 'low', 'push', 'Z4', 'Z4', 'flat')": {
    "slow down": -44.665646745575984,
    "keep going": -48.49575719839961,
    "accelerate": -68.88823414258258
  },
  "('Z4', 'Z5', 'low', 'push', 'Z4', 'Z4', 'flat')": {
    "slow down": -42.057706140973046,
    "keep going": -53.15986902559582,
    "accelerate": -56.445892653887114
  },
  "('Z4', 'Z4', 'low', 'push', 'Z4', 'Z4', 'downhill')": {
    "slow down": -26.926922510038896,
    "keep going": -69.53616611547118,
    "accelerate": -70.81511430135814
  },
  "('Z4', 'Z3', 'low', 'push', 'Z4', 'Z4', 'flat')": {
    "slow down": -48.72815022633681,
    "keep going": -11.076362862201885,
    "accelerate": -57.674637287705956
  },
  "('Z4', 'Z2', 'low', 'push', 'Z4', 'Z4', 'flat')": {
    "slow down": -51.54315771959617,
    "keep going": -73.52826749664172,
    "accelerate": -71.02963346286381
  },
  "('Z3', 'Z1', 'low', 'push', 'Z4', 'Z4', 'flat')": {
    "slow down": -45.92300926009171,
    "keep going": -34.375406384689605,
    "accelerate": -46.07873032273753
  },
  "('Z1', 'Z2', 'low', 'push', 'Z4', 'Z4', 'downhill')": {
    "slow down": -31.526742845936937,
    "keep going": -48.13013065166211,
    "accelerate": -49.22335565306685
  },
  "('Z3', 'Z4', 'low', 'push', 'Z4', 'Z4', 'uphill')": {
    "slow down": -37.40409723064127,
    "keep going": -69.04748605051155,
    "accelerate": -51.55263845777188
  },
  "('Z4', 'Z4', 'low', 'push', 'Z4', 'Z4', 'flat')": {
    "slow down": -50.37830769689161,
    "keep going": -35.28514660591906,
    "accelerate": -50.62650102244336
  },
  "('Z3', 'Z3', 'low', 'push', 'Z4', 'Z4', 'uphill')": {
    "slow down": -21.593810628812044,
    "keep going": -32.026366942281946,
    "accelerate": -34.69598626455111
  },
  "('Z4', 'Z5', 'low', 'push', 'Z4', 'Z4', 'uphill')": {
    "slow down": -73.14311679075576,
    "keep going": -73.14343276173987,
    "accelerate": -31.673748911687973
  },
  "('Z3', 'Z2', 'low', 'push', 'Z3', 'Z3', 'uphill')": {
    "slow down": -61.11706939117754,
    "keep going": -8.916182643065229,
    "accelerate": -60.32433077016139
  },
  "('Z4', 'Z4', 'low', 'push', 'Z3', 'Z3', 'downhill')": {
    "slow down": -41.74838998036536,
    "keep going": -88.79899155605993,
    "accelerate": -86.63015402691468
  },
  "('Z2', 'Z2', 'low', 'push', 'Z3', 'Z3', 'downhill')": {
    "slow down": 3.430877385486998,
    "keep going": -45.90584589798086,
    "accelerate": -50.051309680318184
  },
  "('Z5', 'Z5', 'low', 'push', 'Z3', 'Z3', 'uphill')": {
    "slow down": -70.65133630845057,
    "keep going": -68.5561956609866,
    "accelerate": -70.14845475993437
  },
  "('Z4', 'Z3', 'low', 'push', 'Z3', 'Z3', 'uphill')": {
    "slow down": -27.9128681817456,
    "keep going": -73.61941934358428,
    "accelerate": -83.43053699771863
  },
  "('Z1', 'Z1', 'low', 'push', 'Z3', 'Z3', 'downhill')": {
    "slow down": -27.05305555973488,
    "keep going": 3.3507945517650746,
    "accelerate": -27.1461010013199
  },
  "('Z1', 'Z1', 'low', 'push', 'Z3', 'Z3', 'uphill')": {
    "slow down": -25.56584732056384,
    "keep going": -23.87386786058453,
    "accelerate": 5.22895633933416
  },
  "('Z2', 'Z3', 'low', 'push', 'Z4', 'Z4', 'downhill')": {
    "slow down": -20.46467200423018,
    "keep going": -28.796235753031667,
    "accelerate": -30.42290715421095
  },
  "('Z4', 'Z5', 'low', 'push', 'Z4', 'Z4', 'downhill')": {
    "slow down": -27.64527913326172,
    "keep going": -70.39675593294109,
    "accelerate": -63.71113239703152
  },
  "('Z3', 'Z2', 'low', 'push', 'Z4', 'Z4', 'downhill')": {
    "slow down": -41.82631082972173,
    "keep going": -52.44521012098034,
    "accelerate": -46.466152285186936
  },
  "('Z5', 'Z5', 'low', 'push', 'Z4', 'Z4', 'flat')": {
    "slow down": -51.94369375451335,
    "keep going": -78.37626975379054,
    "accelerate": -76.6035273638107
  },
  "('Z5', 'Z5', 'low', 'push', 'Z4', 'Z4', 'uphill')": {
    "slow down": -63.37009685219066,
    "keep going": -64.41501472864705,
    "accelerate": -64.37154534727948
  },
  "('Z5', 'Z4', 'low', 'push', 'Z4', 'Z4', 'flat')": {
    "slow down": -73.87771843322852,
    "keep going": -74.02453488481905,
    "accelerate": -74.08311428806664
  },
  "('Z5', 'Z4', 'low', 'push', 'Z4', 'Z4', 'uphill')": {
    "slow down": -29.874767664635996,
    "keep going": -31.205371684846202,
    "accelerate": -27.924807386780476
  },
  "('Z4', 'Z3', 'low', 'push', 'Z4', 'Z4', 'uphill')": {
    "slow down": -38.88178473354132,
    "keep going": -65.86291944834697,
    "accelerate": -64.99969273507175
  },
  "('Z3', 'Z4', 'low', 'push', 'Z4', 'Z4', 'downhill')": {
    "slow down": -54.84629753396836,
    "keep going": -39.19913136531955,
    "accelerate": -63.979549250081774
  },
  "('Z2', 'Z3', 'low', 'push', 'Z3', 'Z3', 'downhill')": {
    "slow down": -60.008574965602264,
    "keep going": -50.39934774314387,
    "accelerate": -66.43670294839372
  },
  "('Z1', 'Z2', 'low', 'push', 'Z3', 'Z3', 'downhill')": {
    "slow down": -25.579321674992688,
    "keep going": -1.157651633346751,
    "accelerate": -25.151566184756575
  },
  "('Z3', 'Z5', 'low', 'push', 'Z3', 'Z3', 'downhill')": {
    "slow down": -80.71168859498151,
    "keep going": -49.18505715919289,
    "accelerate": -77.329108426241
  },
  "('Z3', 'Z5', 'low', 'push', 'Z3', 'Z3', 'uphill')": {
    "slow down": -76.08392435606463,
    "keep going": -72.64646237410412,
    "accelerate": -56.87732160588448
  },
  "('Z1', 'Z1', 'low', 'push', 'Z4', 'Z4', 'downhill')": {
    "slow down": -42.246730315004825,
    "keep going": -38.06931360799308,
    "accelerate": -23.965255554245772
  },
  "('Z3', 'Z3', 'low', 'push', 'Z4', 'Z4', 'downhill')": {
    "slow down": -23.489648797095636,
    "keep going": -35.57372531929247,
    "accelerate": -37.9776844688755
  },
  "('Z4', 'Z4', 'low', 'push', 'Z4', 'Z4', 'uphill')": {
    "slow down": -64.17484686102854,
    "keep going": -38.16227511682446,
    "accelerate": -73.99919166665873
  },
  "('Z4', 'Z3', 'low', 'push', 'Z4', 'Z4', 'downhill')": {
    "slow down": -67.27598009911532,
    "keep going": -65.43980007209933,
    "accelerate": -36.32592949329436
  },
  "('Z2', 'Z2', 'low', 'push', 'Z4', 'Z4', 'downhill')": {
    "slow down": -32.87498045423921,
    "keep going": -30.641876876185442,
    "accelerate": -23.60470595068974
  },
  "('Z3', 'Z2', 'low', 'push', 'Z4', 'Z4', 'uphill')": {
    "slow down": -31.084434383654454,
    "keep going": -44.888050979115945,
    "accelerate": -49.04741280544939
  },
  "('Z4', 'Z5', 'low', 'recover', 'Z2', 'Z2', 'uphill')": {
    "slow down": -0.7004051601920123,
    "keep going": -1.1480310071573467,
    "accelerate": 3.0388310307419406
  },
  "('Z4', 'Z4', 'low', 'recover', 'Z2', 'Z2', 'flat')": {
    "slow down": 56.10818618889994,
    "keep going": 1.544343985063348,
    "accelerate": -0.9515109637770002
  },
  "('Z4', 'Z3', 'low', 'recover', 'Z2', 'Z2', 'flat')": {
    "slow down": 66.59031030270566,
    "keep going": 3.262021458509559,
    "accelerate": 0.24666615008931508
  },
  "('Z4', 'Z2', 'low', 'recover', 'Z2', 'Z2', 'flat')": {
    "slow down": -0.0358244841670203,
    "keep going": 8.21957497998359,
    "accelerate": 19.458386411135272
  },
  "('Z3', 'Z1', 'low', 'recover', 'Z2', 'Z2', 'flat')": {
    "slow down": 74.96272576968548,
    "keep going": 29.193209739711378,
    "accelerate": 30.927350243078294
  },
  "('Z2', 'Z1', 'low', 'recover', 'Z2', 'Z2', 'downhill')": {
    "slow down": 63.86315335848673,
    "keep going": 59.31657580922833,
    "accelerate": 79.31386917081203
  },
  "('Z2', 'Z2', 'low', 'recover', 'Z2', 'Z2', 'flat')": {
    "slow down": 76.95638101411568,
    "keep going": 79.02079171348821,
    "accelerate": 77.10674254964245
  },
  "('Z2', 'Z3', 'low', 'recover', 'Z2', 'Z2', 'flat')": {
    "slow down": 79.31407268480756,
    "keep going": 77.40670303584149,
    "accelerate": 62.21574381940738
  },
  "('Z2', 'Z1', 'low', 'recover', 'Z2', 'Z2', 'flat')": {
    "slow down": 76.6620595272636,
    "keep going": 76.91885335944787,
    "accelerate": 78.09290380683905
  },
  "('Z1', 'Z1', 'low', 'recover', 'Z2', 'Z2', 'downhill')": {
    "slow down": 12.37640934673422,
    "keep going": 7.6959278210920266,
    "accelerate": 59.743499531138
  },
  "('Z1', 'Z1', 'low', 'recover', 'Z2', 'Z2', 'flat')": {
    "slow down": 26.21040549455553,
    "keep going": 48.484318737065166,
    "accelerate": 77.56134998505138
  },
  "('Z1', 'Z2', 'low', 'recover', 'Z2', 'Z2', 'flat')": {
    "slow down": 23.090184037431193,
    "keep going": 77.81687759304612,
    "accelerate": 16.093931161255476
  },
  "('Z1', 'Z1', 'low', 'recover', 'Z2', 'Z2', 'uphill')": {
    "slow down": 30.580145447020914,
    "keep going": 6.756200740647238,
    "accelerate": 75.88431619479772
  },
  "('Z2', 'Z2', 'low', 'recover', 'Z2', 'Z2', 'downhill')": {
    "slow down": 77.78641971842531,
    "keep going": 79.1218808022616,
    "accelerate": 77.67335500396916
  },
  "('Z2', 'Z3', 'low', 'recover', 'Z2', 'Z2', 'downhill')": {
    "slow down": 79.20133538168965,
    "keep going": 56.932477184168675,
    "accelerate": 36.4135296131965
  },
  "('Z3', 'Z4', 'low', 'recover', 'Z2', 'Z2', 'flat')": {
    "slow down": 72.69501697032716,
    "keep going": 28.492939521322597,
    "accelerate": 3.937667211593161
  },
  "('Z3', 'Z3', 'low', 'recover', 'Z2', 'Z2', 'flat')": {
    "slow down": 75.41998043290356,
    "keep going": 56.46483132422169,
    "accelerate": 29.36755482357545
  },
  "('Z3', 'Z2', 'low', 'recover', 'Z2', 'Z2', 'flat')": {
    "slow down": 72.29492361716977,
    "keep going": 61.21739403629579,
    "accelerate": 51.082096960569054
  },
  "('Z2', 'Z1', 'low', 'recover', 'Z2', 'Z2', 'uphill')": {
    "slow down": 76.00889655745506,
    "keep going": 66.7465225802621,
    "accelerate": 60.98802686207501
  },
  "('Z1', 'Z2', 'low', 'recover', 'Z2', 'Z2', 'downhill')": {
    "slow down": 1.0645260116091768,
    "keep going": 12.69540125452806,
    "accelerate": 0.16614783023222507
  },
  "('Z2', 'Z2', 'low', 'recover', 'Z2', 'Z2', 'uphill')": {
    "slow down": 77.917626460659,
    "keep going": 79.152521321059,
    "accelerate": 77.80410693615725
  },
  "('Z2', 'Z3', 'low', 'recover', 'Z2', 'Z2', 'uphill')": {
    "slow down": 78.65562465690556,
    "keep going": 57.55358237191255,
    "accelerate": 30.55618085711816
  },
  "('Z2', 'Z4', 'low', 'recover', 'Z2', 'Z2', 'flat')": {
    "slow down": 52.624859730527355,
    "keep going": 9.725446504029076,
    "accelerate": 0.893538710693046
  },
  "('Z3', 'Z5', 'low', 'recover', 'Z2', 'Z2', 'flat')": {
    "slow down": 26.7750694785398,
    "keep going": -0.8522586884094588,
    "accelerate": -0.5285847695352955
  },
  "('Z4', 'Z5', 'low', 'recover', 'Z2', 'Z2', 'flat')": {
    "slow down": 23.250696234925606,
    "keep going": -0.8523410977891176,
    "accelerate": -0.8521630780380003
  },
  "('Z1', 'Z1', 'low', 'cooldown', 'Z1', 'Z1', 'flat')": {
    "slow down": 79.94243447493471,
    "keep going": 80.12677527485431,
    "accelerate": 79.72108462531533
  },
  "('Z1', 'Z2', 'low', 'cooldown', 'Z1', 'Z1', 'flat')": {
    "slow down": 81.41585872068812,
    "keep going": 80.13283144311056,
    "accelerate": 75.12462010873567
  },
  "('Z2', 'Z3', 'low', 'cooldown', 'Z1', 'Z1', 'flat')": {
    "slow down": 77.64414796865876,
    "keep going": 76.2938930947264,
    "accelerate": 65.34600697326754
  },
  "('Z2', 'Z2', 'low', 'cooldown', 'Z1', 'Z1', 'flat')": {
    "slow down": 79.15604045398048,
    "keep going": 78.08377642522714,
    "accelerate": 75.65196751254697
  },
  "('Z2', 'Z1', 'low', 'cooldown', 'Z1', 'Z1', 'flat')": {
    "slow down": 79.90956118057032,
    "keep going": 79.28803468896886,
    "accelerate": 77.27766978154183
  },
  "('Z1', 'Z1', 'low', 'cooldown', 'Z1', 'Z1', 'uphill')": {
    "slow down": 79.85548101041665,
    "keep going": 80.00350495100062,
    "accelerate": 79.5669686880057
  },
  "('Z1', 'Z1', 'low', 'cooldown', 'Z1', 'Z1', 'downhill')": {
    "slow down": 80.04094326987146,
    "keep going": 79.87110623541086,
    "accelerate": 79.79649905445632
  },
  "('Z2', 'Z1', 'low', 'cooldown', 'Z1', 'Z1', 'downhill')": {
    "slow down": 80.95741404736278,
    "keep going": 62.91024593732057,
    "accelerate": 60.852990956304104
  },
  "('Z1', 'Z2', 'low', 'cooldown', 'Z1', 'Z1', 'downhill')": {
    "slow down": 81.43397033762398,
    "keep going": 80.05198983890573,
    "accelerate": 75.63634667587729
  },
  "('Z2', 'Z4', 'low', 'cooldown', 'Z1', 'Z1', 'flat')": {
    "slow down": 71.69251735323549,
    "keep going": 36.29524767116896,
    "accelerate": 4.616292591882304
  },
  "('Z2', 'Z3', 'low', 'cooldown', 'Z1', 'Z1', 'uphill')": {
    "slow down": 78.22046644412661,
    "keep going": 56.12157469739242,
    "accelerate": 30.781875649371013
  },
  "('Z2', 'Z2', 'low', 'cooldown', 'Z1', 'Z1', 'downhill')": {
    "slow down": 80.24257969662669,
    "keep going": 61.461010222556,
    "accelerate": 63.04287350909516
  },
  "('Z2', 'Z4', 'low', 'cooldown', 'Z1', 'Z1', 'uphill')": {
    "slow down": -0.027622535823807876,
    "keep going": 30.04130898743024,
    "accelerate": -0.28481578047939604
  },
  "('Z3', 'Z5', 'low', 'cooldown', 'Z1', 'Z1', 'flat')": {
    "slow down": 23.034665381304556,
    "keep going": -0.696223025101708,
    "accelerate": 0.8770518309609491
  },
  "('Z3', 'Z4', 'low', 'cooldown', 'Z1', 'Z1', 'flat')": {
    "slow down": 47.39597896819158,
    "keep going": 13.840548860031738,
    "accelerate": 1.3723987667047473
  },
  "('Z3', 'Z3', 'low', 'cooldown', 'Z1', 'Z1', 'downhill')": {
    "slow down": 4.948092242689965,
    "keep going": 17.606708868804976,
    "accelerate": 2.482719362560063
  },
  "('Z3', 'Z2', 'low', 'cooldown', 'Z1', 'Z1', 'flat')": {
    "slow down": 68.29358687882653,
    "keep going": 26.325385903248428,
    "accelerate": 17.5370535300651
  },
  "('Z3', 'Z1', 'low', 'cooldown', 'Z1', 'Z1', 'flat')": {
    "slow down": 21.039293872015442,
    "keep going": 51.08251861267566,
    "accelerate": 17.58998984631929
  },
  "('Z3', 'Z4', 'low', 'cooldown', 'Z1', 'Z1', 'uphill')": {
    "slow down": 12.412474158513689,
    "keep going": -0.12883780995633873,
    "accelerate": -0.30310208982281495
  },
  "('Z2', 'Z1', 'low', 'cooldown', 'Z1', 'Z1', 'uphill')": {
    "slow down": 66.93717472381528,
    "keep going": 81.11374630270463,
    "accelerate": 65.0247749725291
  },
  "('Z1', 'Z2', 'low', 'cooldown', 'Z1', 'Z1', 'uphill')": {
    "slow down": 81.38324054999146,
    "keep going": 80.09036750812454,
    "accelerate": 75.63312264285588
  },
  "('Z2', 'Z3', 'low', 'cooldown', 'Z1', 'Z1', 'downhill')": {
    "slow down": 78.10178444672684,
    "keep going": 34.32142700821962,
    "accelerate": 18.72704927895568
  },
  "('Z3', 'Z3', 'low', 'cooldown', 'Z1', 'Z1', 'flat')": {
    "slow down": 60.463106953487255,
    "keep going": 25.02438422325427,
    "accelerate": 20.832414531770596
  },
  "('Z2', 'Z2', 'low', 'cooldown', 'Z1', 'Z1', 'uphill')": {
    "slow down": 80.15504571065287,
    "keep going": 58.75339098477986,
    "accelerate": 52.240752485650034
  },
  "('Z4', 'Z5', 'low', 'cooldown', 'Z1', 'Z1', 'flat')": {
    "slow down": -1.2675748598805436,
    "keep going": -1.4062950346006708,
    "accelerate": -1.2117141142667873
  },
  "('Z4', 'Z4', 'low', 'cooldown', 'Z1', 'Z1', 'flat')": {
    "slow down": 5.525983033725875,
    "keep going": -0.31150742413414245,
    "accelerate": -1.5723646074454507
  },
  "('Z4', 'Z3', 'low', 'cooldown', 'Z1', 'Z1', 'downhill')": {
    "slow down": 0.0,
    "keep going": -0.03828883322644073,
    "accelerate": 0.0
  },
  "('Z4', 'Z3', 'low', 'cooldown', 'Z1', 'Z1', 'uphill')": {
    "slow down": -0.11501857154661255,
    "keep going": 2.93479012741681,
    "accelerate": 0.0
  },
  "('Z4', 'Z2', 'low', 'cooldown', 'Z1', 'Z1', 'flat')": {
    "slow down": 0.5438039605131237,
    "keep going": 0.013638106354204541,
    "accelerate": 1.9463944623472207
  },
  "('Z3', 'Z1', 'low', 'cooldown', 'Z1', 'Z1', 'downhill')": {
    "slow down": 15.058204418645756,
    "keep going": 0.0,
    "accelerate": 0.0
  },
  "('Z2', 'Z2', 'low', 'warmup', 'Z1', 'Z1', 'uphill')": {
    "slow down": 65.83736704354001,
    "keep going": 63.610174204454715,
    "accelerate": 62.610673644377634
  },
  "('Z3', 'Z3', 'low', 'warmup', 'Z1', 'Z1', 'flat')": {
    "slow down": 63.13528277715785,
    "keep going": 3.641335550951845,
    "accelerate": 1.1511172900432975
  },
  "('Z3', 'Z1', 'low', 'warmup', 'Z1', 'Z1', 'flat')": {
    "slow down": 0.0,
    "keep going": 0.0,
    "accelerate": 14.627836047910169
  },
  "('Z2', 'Z4', 'low', 'push', 'Z4', 'Z4', 'downhill')": {
    "slow down": -12.636270412457696,
    "keep going": -33.39315388061461,
    "accelerate": -38.34492319286859
  },
  "('Z3', 'Z5', 'low', 'push', 'Z4', 'Z4', 'downhill')": {
    "slow down": -53.04971965949906,
    "keep going": -22.926486603543918,
    "accelerate": -57.27892135421063
  },
  "('Z2', 'Z4', 'low', 'push', 'Z4', 'Z4', 'uphill')": {
    "slow down": -29.21731461823634,
    "keep going": 0.1582289458058801,
    "accelerate": -30.31715563001
  },
  "('Z3', 'Z5', 'low', 'push', 'Z4', 'Z4', 'uphill')": {
    "slow down": -21.502377338702644,
    "keep going": -55.607305719263564,
    "accelerate": -55.72369907077858
  },
  "('Z4', 'Z2', 'low', 'push', 'Z4', 'Z4', 'downhill')": {
    "slow down": -34.70545169168765,
    "keep going": -32.895801774759946,
    "accelerate": -33.41456392954778
  },
  "('Z5', 'Z4', 'low', 'push', 'Z3', 'Z3', 'downhill')": {
    "slow down": -26.380652751948627,
    "keep going": -27.25752227329171,
    "accelerate": -23.512122965191743
  },
  "('Z3', 'Z1', 'low', 'push', 'Z3', 'Z3', 'uphill')": {
    "slow down": -49.566208453963654,
    "keep going": -66.24798377417486,
    "accelerate": -67.70543323171194
  },
  "('Z1', 'Z2', 'low', 'push', 'Z3', 'Z3', 'uphill')": {
    "slow down": 3.831432630929461,
    "keep going": -29.123521871056482,
    "accelerate": -30.20936002932196
  },
  "('Z1', 'Z2', 'low', 'recover', 'Z2', 'Z2', 'uphill')": {
    "slow down": 68.61925259400887,
    "keep going": 8.512714314007694,
    "accelerate": 1.4633509430396445
  },
  "('Z2', 'Z4', 'low', 'cooldown', 'Z1', 'Z1', 'downhill')": {
    "slow down": 25.667068332727986,
    "keep going": 6.754507554959438,
    "accelerate": 0.0
  },
  "('Z3', 'Z3', 'low', 'cooldown', 'Z1', 'Z1', 'uphill')": {
    "slow down": 29.227442579086222,
    "keep going": 0.0,
    "accelerate": 3.2959624773901006
  },
  "('Z3', 'Z2', 'low', 'cooldown', 'Z1', 'Z1', 'uphill')": {
    "slow down": 18.268850804581877,
    "keep going": 3.9027923116001015,
    "accelerate": 0.0
  },
  "('Z3', 'Z5', 'low', 'warmup', 'Z1', 'Z1', 'flat')": {
    "slow down": 0.937632825314135,
    "keep going": -0.4568776576073014,
    "accelerate": -0.4350781525669571
  },
  "('Z4', 'Z4', 'low', 'warmup', 'Z1', 'Z1', 'flat')": {
    "slow down": -0.6924738031571779,
    "keep going": -0.5555474648339888,
    "accelerate": -0.5404290091393998
  },
  "('Z3', 'Z2', 'low', 'warmup', 'Z1', 'Z1', 'downhill')": {
    "slow down": 0.0,
    "keep going": 0.9075980248754492,
    "accelerate": 5.030125938471947
  },
  "('Z2', 'Z4', 'low', 'warmup', 'Z1', 'Z1', 'downhill')": {
    "slow down": 35.26713190980124,
    "keep going": 2.6186174054775835,
    "accelerate": 0.0
  },
  "('Z5', 'Z5', 'low', 'push', 'Z4', 'Z4', 'downhill')": {
    "slow down": -51.675680850572405,
    "keep going": -61.886314657628695,
    "accelerate": -61.87999882525233
  },
  "('Z5', 'Z4', 'low', 'push', 'Z4', 'Z4', 'downhill')": {
    "slow down": -20.9253822185082,
    "keep going": -25.931428724637946,
    "accelerate": -22.926236063466632
  },
  "('Z3', 'Z3', 'low', 'recover', 'Z2', 'Z2', 'downhill')": {
    "slow down": 17.51406002349068,
    "keep going": 69.53089943232685,
    "accelerate": 12.718446575482742
  },
  "('Z3', 'Z5', 'low', 'recover', 'Z2', 'Z2', 'downhill')": {
    "slow down": 0.048253970893301565,
    "keep going": 0.0,
    "accelerate": -0.24180703481224453
  },
  "('Z3', 'Z1', 'low', 'recover', 'Z2', 'Z2', 'downhill')": {
    "slow down": 24.129802745286764,
    "keep going": 7.78940676849025,
    "accelerate": 0.0
  },
  "('Z3', 'Z2', 'low', 'cooldown', 'Z1', 'Z1', 'downhill')": {
    "slow down": 0.0,
    "keep going": 0.0,
    "accelerate": 14.86323765631106
  },
  "('Z5', 'Z5', 'low', 'cooldown', 'Z1', 'Z1', 'flat')": {
    "slow down": -0.18004157694266154,
    "keep going": 0.0,
    "accelerate": 0.0
  },
  "('Z4', 'Z4', 'low', 'cooldown', 'Z1', 'Z1', 'uphill')": {
    "slow down": 4.872091711546271,
    "keep going": -0.21473071622240836,
    "accelerate": -0.5052853006142798
  },
  "('Z4', 'Z3', 'low', 'cooldown', 'Z1', 'Z1', 'flat')": {
    "slow down": 17.07851500873193,
    "keep going": -0.285364070069039,
    "accelerate": -0.28420139495407115
  },
  "('Z2', 'Z4', 'low', 'push', 'Z3', 'Z3', 'uphill')": {
    "slow down": -46.21798052414316,
    "keep going": -46.15995502370354,
    "accelerate": -65.21241028605715
  },
  "('Z4', 'Z2', 'low', 'push', 'Z3', 'Z3', 'downhill')": {
    "slow down": -32.03724810073504,
    "keep going": -22.202631888416512,
    "accelerate": -25.668426495357778
  },
  "('Z2', 'Z3', 'low', 'push', 'Z4', 'Z4', 'uphill')": {
    "slow down": -21.069787949139652,
    "keep going": -19.098536958582056,
    "accelerate": -29.397964370708667
  },
  "('Z3', 'Z1', 'low', 'push', 'Z4', 'Z4', 'downhill')": {
    "slow down": -48.66276695458698,
    "keep going": -49.44225036530812,
    "accelerate": -33.75422332776872
  },
  "('Z4', 'Z3', 'low', 'recover', 'Z2', 'Z2', 'uphill')": {
    "slow down": -0.22604613974868154,
    "keep going": 58.29012844671689,
    "accelerate": 0.0
  },
  "('Z2', 'Z4', 'low', 'recover', 'Z2', 'Z2', 'downhill')": {
    "slow down": 0.0,
    "keep going": 5.069976751236721,
    "accelerate": 0.0
  },
  "('Z4', 'Z5', 'low', 'cooldown', 'Z1', 'Z1', 'uphill')": {
    "slow down": 0.20231542730793456,
    "keep going": -0.3699111510623603,
    "accelerate": -0.3643504518679881
  },
  "('Z4', 'Z2', 'low', 'push', 'Z4', 'Z4', 'uphill')": {
    "slow down": -30.219454767753515,
    "keep going": -32.03787078144434,
    "accelerate": -29.767270668299588
  },
  "('Z3', 'Z1', 'low', 'recover', 'Z2', 'Z2', 'uphill')": {
    "slow down": 24.31070100745709,
    "keep going": 0.0,
    "accelerate": 0.0
  },
  "('Z3', 'Z3', 'low', 'recover', 'Z2', 'Z2', 'uphill')": {
    "slow down": 74.63251347148363,
    "keep going": 20.0454650517194,
    "accelerate": 22.028753043448546
  },
  "('Z3', 'Z4', 'low', 'recover', 'Z2', 'Z2', 'uphill')": {
    "slow down": 73.3718573265104,
    "keep going": 0.0,
    "accelerate": 1.1937439245625576
  },
  "('Z3', 'Z4', 'low', 'recover', 'Z2', 'Z2', 'downhill')": {
    "slow down": 39.47536047523297,
    "keep going": 17.967228515208497,
    "accelerate": -0.3857421576744304
  },
  "('Z3', 'Z4', 'low', 'warmup', 'Z1', 'Z1', 'downhill')": {
    "slow down": 5.374492487951564,
    "keep going": -0.03131489364464144,
    "accelerate": -0.237261309549556
  },
  "('Z3', 'Z2', 'low', 'recover', 'Z2', 'Z2', 'uphill')": {
    "slow down": 0.0,
    "keep going": 14.490325367188586,
    "accelerate": 72.69260992729578
  },
  "('Z3', 'Z2', 'low', 'recover', 'Z2', 'Z2', 'downhill')": {
    "slow down": 58.87977065517203,
    "keep going": 0.0,
    "accelerate": 7.370197250681801
  },
  "('Z2', 'Z4', 'low', 'warmup', 'Z1', 'Z1', 'uphill')": {
    "slow down": 30.978791388546966,
    "keep going": 0.0,
    "accelerate": -0.24277317532099066
  },
  "('Z3', 'Z3', 'low', 'warmup', 'Z1', 'Z1', 'uphill')": {
    "slow down": 1.299664792110868,
    "keep going": 28.57858883365247,
    "accelerate": 0.0
  },
  "('Z3', 'Z1', 'low', 'warmup', 'Z1', 'Z1', 'uphill')": {
    "slow down": 0.0,
    "keep going": 12.980322972784366,
    "accelerate": 0.0
  },
  "('Z3', 'Z1', 'low', 'push', 'Z4', 'Z4', 'uphill')": {
    "slow down": -21.23871708358063,
    "keep going": -50.15257386167783,
    "accelerate": -50.75299479033827
  },
  "('Z4', 'Z5', 'low', 'recover', 'Z2', 'Z2', 'downhill')": {
    "slow down": -0.07267022690255891,
    "keep going": 0.0,
    "accelerate": 0.0
  },
  "('Z3', 'Z4', 'low', 'cooldown', 'Z1', 'Z1', 'downhill')": {
    "slow down": 9.545808579999667,
    "keep going": 0.0,
    "accelerate": 0.004895367128249318
  },
  "('Z3', 'Z5', 'low', 'cooldown', 'Z1', 'Z1', 'downhill')": {
    "slow down": 6.267477594433405,
    "keep going": 0.0,
    "accelerate": 0.0
  },
  "('Z4', 'Z5', 'low', 'warmup', 'Z1', 'Z1', 'downhill')": {
    "slow down": -0.2265781863101889,
    "keep going": 0.0,
    "accelerate": 0.0
  },
  "('Z4', 'Z3', 'low', 'warmup', 'Z1', 'Z1', 'downhill')": {
    "slow down": -0.16580632901980008,
    "keep going": -0.13584170647667793,
    "accelerate": 0.0
  },
  "('Z4', 'Z2', 'low', 'warmup', 'Z1', 'Z1', 'flat')": {
    "slow down": -0.07557215870124995,
    "keep going": 0.0,
    "accelerate": 0.0
  },
  "('Z3', 'Z2', 'low', 'warmup', 'Z1', 'Z1', 'uphill')": {
    "slow down": 10.771636830285573,
    "keep going": 0.0,
    "accelerate": 0.0
  },
  "('Z4', 'Z2', 'low', 'push', 'Z3', 'Z3', 'uphill')": {
    "slow down": -41.88354475868873,
    "keep going": -38.09397184264627,
    "accelerate": -36.095684606231124
  },
  "('Z3', 'Z5', 'low', 'warmup', 'Z1', 'Z1', 'downhill')": {
    "slow down": 1.1436791486702496,
    "keep going": 0.0,
    "accelerate": 0.0
  },
  "('Z5', 'Z4', 'low', 'push', 'Z3', 'Z3', 'uphill')": {
    "slow down": -21.410435766052238,
    "keep going": -18.582399038951703,
    "accelerate": -20.13448514689812
  },
  "('Z4', 'Z4', 'low', 'recover', 'Z2', 'Z2', 'uphill')": {
    "slow down": -0.5473551404599001,
    "keep going": 29.463781888289724,
    "accelerate": -0.9089952698920694
  },
  "('Z2', 'Z4', 'low', 'recover', 'Z2', 'Z2', 'uphill')": {
    "slow down": 68.61704747553895,
    "keep going": 0.0,
    "accelerate": 0.0
  },
  "('Z4', 'Z4', 'low', 'recover', 'Z2', 'Z2', 'downhill')": {
    "slow down": 1.8332296822488716,
    "keep going": 0.0,
    "accelerate": 0.0
  },
  "('Z3', 'Z5', 'low', 'cooldown', 'Z1', 'Z1', 'uphill')": {
    "slow down": 5.281395774974183,
    "keep going": 0.0,
    "accelerate": 0.15212245000900515
  },
  "('Z5', 'Z5', 'low', 'recover', 'Z2', 'Z2', 'uphill')": {
    "slow down": -1.3822664665416537,
    "keep going": -1.7189540911693064,
    "accelerate": -1.9324744717139422
  },
  "('Z5', 'Z4', 'low', 'recover', 'Z2', 'Z2', 'flat')": {
    "slow down": 9.796222195616814,
    "keep going": -0.45088341370971163,
    "accelerate": -0.7011117681531907
  },
  "('Z4', 'Z3', 'low', 'recover', 'Z2', 'Z2', 'downhill')": {
    "slow down": 10.517497058130818,
    "keep going": 0.0,
    "accelerate": 0.0
  },
  "('Z5', 'Z5', 'low', 'recover', 'Z2', 'Z2', 'flat')": {
    "slow down": -1.5150165872634864,
    "keep going": -2.3166261358385647,
    "accelerate": -2.3273649714472437
  },
  "('Z5', 'Z5', 'low', 'recover', 'Z2', 'Z2', 'downhill')": {
    "slow down": -0.14143530412892166,
    "keep going": 0.0,
    "accelerate": 0.0
  },
  "('Z1', 'Z2', 'low', 'push', 'Z4', 'Z4', 'uphill')": {
    "slow down": -48.41134575001791,
    "keep going": -20.318126578401007,
    "accelerate": -47.917187875862595
  },
  "('Z3', 'Z5', 'low', 'recover', 'Z2', 'Z2', 'uphill')": {
    "slow down": 33.97210985452065,
    "keep going": 0.0,
    "accelerate": 0.0
  },
  "('Z4', 'Z2', 'low', 'recover', 'Z2', 'Z2', 'uphill')": {
    "slow down": 5.836215938186587,
    "keep going": 0.0,
    "accelerate": 0.0
  }
}