{
  "('Z1', 'Z1', 'low', 'warmup', 'Z1', 'Z1', 'flat')": {
    "slow down": 77.7350247229625,
    "keep going": 78.86064307092948,
    "accelerate": 77.5740701089558
  },
  "('Z1', 'Z1', 'low', 'warmup', 'Z1', 'Z1', 'downhill')": {
    "slow down": 77.96444638465728,
    "keep going": 83.83227219640682,
    "accelerate": 77.43499001654489
  },
  "('Z1', 'Z2', 'low', 'warmup', 'Z1', 'Z1', 'flat')": {
    "slow down": 80.96246258869031,
    "keep going": 74.76952817062634,
    "accelerate": 73.51922960877351
  },
  "('Z2', 'Z2', 'low', 'warmup', 'Z1', 'Z1', 'flat')": {
    "slow down": 76.54230112662559,
    "keep going": 70.6666456987579,
    "accelerate": 69.3504180196897
  },
  "('Z2', 'Z3', 'low', 'warmup', 'Z1', 'Z1', 'uphill')": {
    "slow down": 19.49077551173651,
    "keep going": 73.77293977432291,
    "accelerate": 14.030122801655537
  },
  "('Z2', 'Z3', 'low', 'warmup', 'Z1', 'Z1', 'flat')": {
    "slow down": 74.08870309359182,
    "keep going": 67.73395921078459,
    "accelerate": 32.93777037155519
  },
  "('Z2', 'Z1', 'low', 'warmup', 'Z1', 'Z1', 'flat')": {
    "slow down": 73.87618315731113,
    "keep going": 77.01067868546288,
    "accelerate": 73.78716711056974
  },
  "('Z1', 'Z1', 'low', 'warmup', 'Z1', 'Z1', 'uphill')": {
    "slow down": 78.03190954923764,
    "keep going": 83.82247816852932,
    "accelerate": 77.40419485002923
  },
  "('Z1', 'Z2', 'low', 'warmup', 'Z1', 'Z1', 'downhill')": {
    "slow down": 78.98397466334279,
    "keep going": 76.73156071525943,
    "accelerate": 73.92402084857925
  },
  "('Z1', 'Z2', 'low', 'warmup', 'Z1', 'Z1', 'uphill')": {
    "slow down": 79.18567939774813,
    "keep going": 74.2503171215856,
    "accelerate": 70.72400725229875
  },
  "('Z2', 'Z2', 'low', 'warmup', 'Z1', 'Z1', 'downhill')": {
    "slow down": 75.89130187962662,
    "keep going": 61.80778431969068,
    "accelerate": 55.94996979001088
  },
  "('Z2', 'Z1', 'low', 'warmup', 'Z1', 'Z1', 'downhill')": {
    "slow down": 38.812285320377995,
    "keep going": 77.61302191311933,
    "accelerate": 52.435102470444725
  },
  "('Z2', 'Z2', 'low', 'warmup', 'Z1', 'Z1', 'uphill')": {
    "slow down": 76.3032939294134,
    "keep going": 59.45128227604068,
    "accelerate": 46.553094148768736
  },
  "('Z2', 'Z1', 'low', 'warmup', 'Z1', 'Z1', 'uphill')": {
    "slow down": 78.08458819441816,
    "keep going": 38.242652317297186,
    "accelerate": 32.508840961327905
  },
  "('Z2', 'Z4', 'low', 'warmup', 'Z1', 'Z1', 'flat')": {
    "slow down": 63.575875257588216,
    "keep going": 6.067746095426118,
    "accelerate": -1.161527368504351
  },
  "('Z3', 'Z4', 'low', 'warmup', 'Z1', 'Z1', 'flat')": {
    "slow down": 20.356714948799652,
    "keep going": -0.5821212060230838,
    "accelerate": -1.3163628060734835
  },
  "('Z3', 'Z3', 'low', 'warmup', 'Z1', 'Z1', 'flat')": {
    "slow down": 45.9918834847537,
    "keep going": 9.290670837064583,
    "accelerate": 1.9631888520102732
  },
  "('Z3', 'Z2', 'low', 'warmup', 'Z1', 'Z1', 'flat')": {
    "slow down": 52.60818812479721,
    "keep going": 9.5731965498269,
    "accelerate": 2.502678435067251
  },
  "('Z2', 'Z3', 'low', 'warmup', 'Z1', 'Z1', 'downhill')": {
    "slow down": 76.2620888306299,
    "keep going": 40.729815512819236,
    "accelerate": 5.6173348811387855
  },
  "('Z3', 'Z4', 'low', 'warmup', 'Z1', 'Z1', 'downhill')": {
    "slow down": -0.08001235602387828,
    "keep going": 0.6798990220321909,
    "accelerate": 0.0
  },
  "('Z4', 'Z5', 'low', 'warmup', 'Z1', 'Z1', 'downhill')": {
    "slow down": -0.22149303528851316,
    "keep going": -0.3173718290551759,
    "accelerate": 0.0
  },
  "('Z4', 'Z4', 'low', 'warmup', 'Z1', 'Z1', 'flat')": {
    "slow down": -0.5030455339651431,
    "keep going": -0.5059439385573751,
    "accelerate": -0.5743457928563367
  },
  "('Z4', 'Z3', 'low', 'warmup', 'Z1', 'Z1', 'flat')": {
    "slow down": 1.7836788250782138,
    "keep going": -0.24263097085646196,
    "accelerate": -0.2238760383638113
  },
  "('Z3', 'Z1', 'low', 'warmup', 'Z1', 'Z1', 'flat')": {
    "slow down": 18.01642062418538,
    "keep going": 1.1969122392905507,
    "accelerate": 0.0
  },
  "('Z3', 'Z5', 'low', 'warmup', 'Z1', 'Z1', 'flat')": {
    "slow down": 0.6159765539041254,
    "keep going": -0.3374071265924435,
    "accelerate": -0.4829012180212843
  },
  "('Z3', 'Z2', 'low', 'warmup', 'Z1', 'Z1', 'downhill')": {
    "slow down": 7.167710693066055,
    "keep going": 8.07281013117285,
    "accelerate": -0.0535600806808922
  },
  "('Z3', 'Z3', 'low', 'warmup', 'Z1', 'Z1', 'uphill')": {
    "slow down": 5.6817047745794795,
    "keep going": 5.876438241987718,
    "accelerate": 0.9898625440554624
  },
  "('Z4', 'Z5', 'low', 'warmup', 'Z1', 'Z1', 'flat')": {
    "slow down": -1.029350934024638,
    "keep going": -0.9744939073484343,
    "accelerate": -1.1399493917625585
  },
  "('Z4', 'Z4', 'low', 'warmup', 'Z1', 'Z1', 'downhill')": {
    "slow down": -0.3012847053947116,
    "keep going": -0.21226555901515162,
    "accelerate": -0.30878846012242356
  },
  "('Z3', 'Z2', 'low', 'warmup', 'Z1', 'Z1', 'uphill')": {
    "slow down": 0.03679597501177428,
    "keep going": 7.576891086992051,
    "accelerate": 6.611707480818409
  },
  "('Z1', 'Z1', 'low', 'push', 'Z4', 'Z4', 'flat')": {
    "slow down": 27.03857644689203,
    "keep going": 26.56457591515037,
    "accelerate": 35.78881117818811
  },
  "('Z1', 'Z2', 'low', 'push', 'Z4', 'Z4', 'flat')": {
    "slow down": 22.667937511713234,
    "keep going": 16.30322376464705,
    "accelerate": 38.215494828437485
  },
  "('Z2', 'Z3', 'low', 'push', 'Z4', 'Z4', 'flat')": {
    "slow down": 32.34086660330788,
    "keep going": 36.13125088007587,
    "accelerate": 32.90752130533425
  },
  "('Z2', 'Z2', 'low', 'push', 'Z4', 'Z4', 'downhill')": {
    "slow down": 34.08939002969701,
    "keep going": 35.55387129311025,
    "accelerate": 38.34034937877015
  },
  "('Z2', 'Z1', 'low', 'push', 'Z4', 'Z4', 'flat')": {
    "slow down": 23.914879198031183,
    "keep going": 23.74815649254667,
    "accelerate": 37.21223520601535
  },
  "('Z2', 'Z2', 'low', 'push', 'Z4', 'Z4', 'flat')": {
    "slow down": 34.62789037733508,
    "keep going": 36.43075405724981,
    "accelerate": 36.760563081459345
  },
  "('Z2', 'Z1', 'low', 'push', 'Z4', 'Z4', 'uphill')": {
    "slow down": 33.33838056061872,
    "keep going": 1.046147161086913,
    "accelerate": -3.9283544371769668
  },
  "('Z1', 'Z1', 'low', 'push', 'Z4', 'Z4', 'downhill')": {
    "slow down": -1.848429674307293,
    "keep going": -1.4239027226999803,
    "accelerate": 33.24514605072381
  },
  "('Z2', 'Z4', 'low', 'push', 'Z4', 'Z4', 'flat')": {
    "slow down": 37.84657504584179,
    "keep going": 28.05692142187697,
    "accelerate": 26.58748421335127
  },
  "('Z3', 'Z3', 'low', 'push', 'Z4', 'Z4', 'flat')": {
    "slow down": 29.181040993924903,
    "keep going": 28.80078205131702,
    "accelerate": 35.04129656454839
  },
  "('Z3', 'Z3', 'low', 'push', 'Z4', 'Z4', 'uphill')": {
    "slow down": 33.93444405618674,
    "keep going": 34.129439646453285,
    "accelerate": 33.922221889011944
  },
  "('Z3', 'Z2', 'low', 'push', 'Z4', 'Z4', 'flat')": {
    "slow down": 30.279400419343467,
    "keep going": 30.590438217183276,
    "accelerate": 30.786752178059768
  },
  "('Z2', 'Z2', 'low', 'push', 'Z4', 'Z4', 'uphill')": {
    "slow down": 33.51962948351787,
    "keep going": 34.45828096756047,
    "accelerate": 38.37411631110859
  },
  "('Z3', 'Z2', 'low', 'push', 'Z4', 'Z4', 'downhill')": {
    "slow down": 30.537150521913226,
    "keep going": 32.53385951331898,
    "accelerate": 38.3927991598565
  },
  "('Z2', 'Z3', 'low', 'push', 'Z4', 'Z4', 'downhill')": {
    "slow down": 9.125227196161793,
    "keep going": 37.091243031146654,
    "accelerate": 4.212184950023965
  },
  "('Z3', 'Z4', 'low', 'push', 'Z4', 'Z4', 'flat')": {
    "slow down": 31.671025579266313,
    "keep going": 30.60065308197207,
    "accelerate": 27.363151763505503
  },
  "('Z3', 'Z5', 'low', 'push', 'Z4', 'Z4', 'downhill')": {
    "slow down": 0.20985401638666357,
    "keep going": 29.64854351170589,
    "accelerate": -1.6024231471229653
  },
  "('Z4', 'Z5', 'low', 'push', 'Z4', 'Z4', 'flat')": {
    "slow down": 25.60945286806873,
    "keep going": 20.2589095699075,
    "accelerate": 15.827934478128592
  },
  "('Z4', 'Z4', 'low', 'push', 'Z4', 'Z4', 'downhill')": {
    "slow down": 26.548895882318625,
    "keep going": 32.66356947490642,
    "accelerate": 22.44636614985477
  },
  "('Z4', 'Z3', 'low', 'push', 'Z4', 'Z4', 'flat')": {
    "slow down": 22.665805915252967,
    "keep going": 32.63753773213557,
    "accelerate": 20.24367196887571
  },
  "('Z4', 'Z4', 'low', 'push', 'Z4', 'Z4', 'flat')": {
    "slow down": 30.61340351331256,
    "keep going": 24.131316668530527,
    "accelerate": 21.287221542996242
  },
  "('Z4', 'Z5', 'low', 'push', 'Z4', 'Z4', 'uphill')": {
    "slow down": 28.239490993530712,
    "keep going": 7.776963951175104,
    "accelerate": 6.098077153193472
  },
  "('Z5', 'Z5', 'low', 'push', 'Z4', 'Z4', 'uphill')": {
    "slow down": 13.948860493337168,
    "keep going": -5.2871801321030425,
    "accelerate": -5.305925814307964
  },
  "('Z4', 'Z4', 'low', 'push', 'Z4', 'Z4', 'uphill')": {
    "slow down": 23.37839080737181,
    "keep going": 33.22016369037196,
    "accelerate": 24.402156354149152
  },
  "('Z4', 'Z2', 'low', 'push', 'Z4', 'Z4', 'flat')": {
    "slow down": -3.0625583648383556,
    "keep going": -4.56105932222052,
    "accelerate": 26.491795038597104
  },
  "('Z3', 'Z1', 'low', 'push', 'Z4', 'Z4', 'downhill')": {
    "slow down": 2.280527454789171,
    "keep going": -1.321914658591575,
    "accelerate": 28.831417402607794
  },
  "('Z3', 'Z1', 'low', 'push', 'Z4', 'Z4', 'flat')": {
    "slow down": 19.06146360760799,
    "keep going": 28.5275093149716,
    "accelerate": 15.550515693195322
  },
  "('Z3', 'Z3', 'low', 'push', 'Z4', 'Z4', 'downhill')": {
    "slow down": 32.81478270617294,
    "keep going": 32.75281247203138,
    "accelerate": 33.114131268947425
  },
  "('Z2', 'Z2', 'low', 'recover', 'Z2', 'Z2', 'flat')": {
    "slow down": 66.95158831078855,
    "keep going": 66.81665103815357,
    "accelerate": 66.99975913322008
  },
  "('Z2', 'Z1', 'low', 'recover', 'Z2', 'Z2', 'flat')": {
    "slow down": 62.391902451375636,
    "keep going": 65.78268687146385,
    "accelerate": 68.81960647302932
  },
  "('Z2', 'Z2', 'low', 'recover', 'Z2', 'Z2', 'uphill')": {
    "slow down": 65.59523301262827,
    "keep going": 70.4560966279953,
    "accelerate": 66.04235344641441
  },
  "('Z1', 'Z1', 'low', 'recover', 'Z2', 'Z2', 'flat')": {
    "slow down": 62.432868426123804,
    "keep going": 63.314409279432574,
    "accelerate": 67.87363580553664
  },
  "('Z1', 'Z2', 'low', 'recover', 'Z2', 'Z2', 'flat')": {
    "slow down": 60.006090147312776,
    "keep going": 67.65648520379142,
    "accelerate": 60.23147186063461
  },
  "('Z2', 'Z3', 'low', 'recover', 'Z2', 'Z2', 'flat')": {
    "slow down": 69.65646505479339,
    "keep going": 66.22039033434729,
    "accelerate": 61.491318259328935
  },
  "('Z2', 'Z4', 'low', 'recover', 'Z2', 'Z2', 'uphill')": {
    "slow down": 32.879203709755515,
    "keep going": 0.0,
    "accelerate": 2.4467883729932023
  },
  "('Z3', 'Z3', 'low', 'recover', 'Z2', 'Z2', 'flat')": {
    "slow down": 65.57268698770325,
    "keep going": 63.81910386839345,
    "accelerate": 62.20223182457453
  },
  "('Z2', 'Z2', 'low', 'recover', 'Z2', 'Z2', 'downhill')": {
    "slow down": 67.93884190857406,
    "keep going": 71.52050900890083,
    "accelerate": 68.05554974306085
  },
  "('Z2', 'Z1', 'low', 'recover', 'Z2', 'Z2', 'uphill')": {
    "slow down": 61.88615210208489,
    "keep going": 67.61854484670985,
    "accelerate": 61.88583840778301
  },
  "('Z2', 'Z3', 'low', 'recover', 'Z2', 'Z2', 'downhill')": {
    "slow down": 68.80837896895868,
    "keep going": 66.28560825655236,
    "accelerate": 61.410693994938924
  },
  "('Z3', 'Z4', 'low', 'recover', 'Z2', 'Z2', 'flat')": {
    "slow down": 66.87187013982624,
    "keep going": 61.60287262144916,
    "accelerate": 45.82651248308411
  },
  "('Z3', 'Z3', 'low', 'recover', 'Z2', 'Z2', 'uphill')": {
    "slow down": 60.822569988210546,
    "keep going": 57.907594513551416,
    "accelerate": 63.94871847348763
  },
  "('Z3', 'Z2', 'low', 'recover', 'Z2', 'Z2', 'downhill')": {
    "slow down": 65.27670335829174,
    "keep going": 45.684927212489285,
    "accelerate": 50.1330448389106
  },
  "('Z3', 'Z2', 'low', 'recover', 'Z2', 'Z2', 'flat')": {
    "slow down": 66.50310311673623,
    "keep going": 64.33253020973719,
    "accelerate": 63.0977846216845
  },
  "('Z3', 'Z2', 'low', 'recover', 'Z2', 'Z2', 'uphill')": {
    "slow down": 38.54789571864951,
    "keep going": 68.51211983358294,
    "accelerate": 41.722058086889476
  },
  "('Z2', 'Z4', 'low', 'recover', 'Z2', 'Z2', 'flat')": {
    "slow down": 67.96751363209476,
    "keep going": 40.76997088170916,
    "accelerate": 18.611994408317567
  },
  "('Z3', 'Z3', 'low', 'recover', 'Z2', 'Z2', 'downhill')": {
    "slow down": 67.77742160444734,
    "keep going": 59.268081280145175,
    "accelerate": 55.19281302428209
  },
  "('Z2', 'Z3', 'low', 'recover', 'Z2', 'Z2', 'uphill')": {
    "slow down": 69.28424013006544,
    "keep going": 61.60238854641379,
    "accelerate": 61.411942352783896
  },
  "('Z3', 'Z5', 'low', 'recover', 'Z2', 'Z2', 'uphill')": {
    "slow down": 20.003689262511735,
    "keep going": 0.0,
    "accelerate": 0.0
  },
  "('Z3', 'Z4', 'low', 'recover', 'Z2', 'Z2', 'uphill')": {
    "slow down": 63.933947272641156,
    "keep going": 22.698394452843637,
    "accelerate": 27.0041906762603
  },
  "('Z4', 'Z5', 'low', 'recover', 'Z2', 'Z2', 'flat')": {
    "slow down": 54.066835967715576,
    "keep going": 9.76743458831103,
    "accelerate": 1.6361935962021124
  },
  "('Z4', 'Z4', 'low', 'recover', 'Z2', 'Z2', 'flat')": {
    "slow down": 61.583359239812346,
    "keep going": 33.81213562960522,
    "accelerate": 13.54085250954142
  },
  "('Z4', 'Z3', 'low', 'recover', 'Z2', 'Z2', 'uphill')": {
    "slow down": 39.67145901247206,
    "keep going": 0.0,
    "accelerate": 0.006374762722708094
  },
  "('Z3', 'Z1', 'low', 'recover', 'Z2', 'Z2', 'flat')": {
    "slow down": 66.67850418232352,
    "keep going": 55.38277349327302,
    "accelerate": 55.479830283337485
  },
  "('Z3', 'Z4', 'low', 'push', 'Z4', 'Z4', 'downhill')": {
    "slow down": 31.453702819525756,
    "keep going": 36.74712943391499,
    "accelerate": 27.65221212579069
  },
  "('Z3', 'Z5', 'low', 'push', 'Z4', 'Z4', 'flat')": {
    "slow down": 33.45351880835583,
    "keep going": 20.62521193246013,
    "accelerate": 25.19211155452451
  },
  "('Z3', 'Z2', 'low', 'push', 'Z4', 'Z4', 'uphill')": {
    "slow down": 33.64663806484463,
    "keep going": 33.997963107486626,
    "accelerate": 36.62782886071685
  },
  "('Z4', 'Z2', 'low', 'push', 'Z4', 'Z4', 'downhill')": {
    "slow down": -1.066119992694982,
    "keep going": -1.1177874808851154,
    "accelerate": 22.373214176315635
  },
  "('Z4', 'Z3', 'low', 'push', 'Z4', 'Z4', 'downhill')": {
    "slow down": 13.62858908330324,
    "keep going": 14.517211096988127,
    "accelerate": 33.80155265091799
  },
  "('Z3', 'Z5', 'low', 'recover', 'Z2', 'Z2', 'flat')": {
    "slow down": 59.436880235366935,
    "keep going": 6.088947842731338,
    "accelerate": 10.013780145894932
  },
  "('Z4', 'Z5', 'low', 'recover', 'Z2', 'Z2', 'uphill')": {
    "slow down": 19.282510552996705,
    "keep going": 1.7186563740205605,
    "accelerate": 0.0
  },
  "('Z4', 'Z3', 'low', 'recover', 'Z2', 'Z2', 'flat')": {
    "slow down": 62.7362960772244,
    "keep going": 29.711900805172913,
    "accelerate": 15.786044278613712
  },
  "('Z4', 'Z2', 'low', 'recover', 'Z2', 'Z2', 'flat')": {
    "slow down": 4.266722718618473,
    "keep going": 53.18718968189934,
    "accelerate": 9.981035869668444
  },
  "('Z3', 'Z1', 'low', 'recover', 'Z2', 'Z2', 'downhill')": {
    "slow down": 17.518948344225347,
    "keep going": 0.0,
    "accelerate": 70.3041835090187
  },
  "('Z5', 'Z5', 'low', 'push', 'Z4', 'Z4', 'flat')": {
    "slow down": 23.70162838269633,
    "keep going": -8.189498030567092,
    "accelerate": -6.463834389178224
  },
  "('Z5', 'Z5', 'low', 'push', 'Z4', 'Z4', 'downhill')": {
    "slow down": -3.925492261344224,
    "keep going": -4.215267286844939,
    "accelerate": 9.029666393377049
  },
  "('Z5', 'Z4', 'low', 'push', 'Z4', 'Z4', 'flat')": {
    "slow down": -9.500737089543453,
    "keep going": 2.2258701406577233,
    "accelerate": -9.362813220185775
  },
  "('Z3', 'Z4', 'low', 'push', 'Z4', 'Z4', 'uphill')": {
    "slow down": 31.18965448799665,
    "keep going": 33.45599339104239,
    "accelerate": 25.177869143246205
  },
  "('Z4', 'Z5', 'low', 'push', 'Z4', 'Z4', 'downhill')": {
    "slow down": 6.83511122602851,
    "keep going": 3.5178728965530808,
    "accelerate": 24.496825590093373
  },
  "('Z5', 'Z4', 'low', 'push', 'Z4', 'Z4', 'downhill')": {
    "slow down": -0.8344101099789304,
    "keep going": -2.129670672567886,
    "accelerate": -1.839895547202095
  },
  "('Z4', 'Z3', 'low', 'push', 'Z4', 'Z4', 'uphill')": {
    "slow down": 30.55805489811276,
    "keep going": 1.1497638081682888,
    "accelerate": 19.80765481171094
  },
  "('Z3', 'Z1', 'low', 'push', 'Z4', 'Z4', 'uphill')": {
    "slow down": -2.885792944883078,
    "keep going": 31.716647287713105,
    "accelerate": -2.5574256870408902
  },
  "('Z2', 'Z1', 'low', 'recover', 'Z2', 'Z2', 'downhill')": {
    "slow down": 65.07411732617261,
    "keep going": 65.7414956525107,
    "accelerate": 68.2080386607114
  },
  "('Z3', 'Z4', 'low', 'recover', 'Z2', 'Z2', 'downhill')": {
    "slow down": 67.0230967713438,
    "keep going": 30.369750536470615,
    "accelerate": 25.798578438710607
  },
  "('Z4', 'Z3', 'low', 'recover', 'Z2', 'Z2', 'downhill')": {
    "slow down": 43.316326225994345,
    "keep going": 5.281018808068987,
    "accelerate": -0.5826432624325065
  },
  "('Z5', 'Z5', 'low', 'recover', 'Z2', 'Z2', 'flat')": {
    "slow down": 13.975683891512862,
    "keep going": -0.9937953825628529,
    "accelerate": -0.5135840616179472
  },
  "('Z4', 'Z4', 'low', 'recover', 'Z2', 'Z2', 'downhill')": {
    "slow down": 26.933080212686335,
    "keep going": -0.12946817871527722,
    "accelerate": 3.5994800304092154
  },
  "('Z5', 'Z4', 'low', 'recover', 'Z2', 'Z2', 'flat')": {
    "slow down": 0.5768318329203015,
    "keep going": 5.8268515502187554,
    "accelerate": -0.29228974433380817
  },
  "('Z4', 'Z5', 'low', 'recover', 'Z2', 'Z2', 'downhill')": {
    "slow down": 3.685731027689401,
    "keep going": 2.310540042792745,
    "accelerate": 0.0
  },
  "('Z4', 'Z4', 'low', 'recover', 'Z2', 'Z2', 'uphill')": {
    "slow down": 58.444614526743834,
    "keep going": 8.616600477105145,
    "accelerate": 0.16805809559858959
  },
  "('Z2', 'Z3', 'low', 'push', 'Z4', 'Z4', 'uphill')": {
    "slow down": 14.372213973321838,
    "keep going": 37.4290294383054,
    "accelerate": 12.492786993151
  },
  "('Z1', 'Z1', 'low', 'recover', 'Z2', 'Z2', 'uphill')": {
    "slow down": 58.77538741893565,
    "keep going": 57.837572640737925,
    "accelerate": 65.5149304454666
  },
  "('Z2', 'Z4', 'low', 'recover', 'Z2', 'Z2', 'downhill')": {
    "slow down": 45.20679769736338,
    "keep going": 0.0,
    "accelerate": 0.0
  },
  "('Z3', 'Z1', 'low', 'recover', 'Z2', 'Z2', 'uphill')": {
    "slow down": 11.170235639283439,
    "keep going": 0.0,
    "accelerate": 65.48598578876268
  },
  "('Z1', 'Z2', 'low', 'recover', 'Z2', 'Z2', 'downhill')": {
    "slow down": 16.66933578346868,
    "keep going": 66.62907405977707,
    "accelerate": 7.978281602744122
  },
  "('Z2', 'Z2', 'low', 'push', 'Z5', 'Z5', 'flat')": {
    "slow down": 2.931061410637434,
    "keep going": 2.8662905547104662,
    "accelerate": 24.13771415508882
  },
  "('Z2', 'Z3', 'low', 'push', 'Z5', 'Z5', 'uphill')": {
    "slow down": 6.7008234372998094,
    "keep going": 4.332297215294609,
    "accelerate": 27.83364816040771
  },
  "('Z2', 'Z2', 'low', 'push', 'Z5', 'Z5', 'downhill')": {
    "slow down": -0.9437727980807217,
    "keep going": -1.1296647762398124,
    "accelerate": 23.05116043968269
  },
  "('Z2', 'Z1', 'low', 'push', 'Z5', 'Z5', 'flat')": {
    "slow down": 5.7519908553441566,
    "keep going": -1.1794388042229744,
    "accelerate": -2.86513791647944
  },
  "('Z1', 'Z1', 'low', 'push', 'Z5', 'Z5', 'downhill')": {
    "slow down": -0.893733679465699,
    "keep going": -1.4887179035440208,
    "accelerate": -0.7785309004421129
  },
  "('Z1', 'Z1', 'low', 'push', 'Z5', 'Z5', 'flat')": {
    "slow down": 12.180080095392125,
    "keep going": 10.460427640355062,
    "accelerate": 21.110804256777254
  },
  "('Z1', 'Z2', 'low', 'push', 'Z5', 'Z5', 'flat')": {
    "slow down": 12.52731320860853,
    "keep going": 17.59317384429608,
    "accelerate": 24.555054319583476
  },
  "('Z2', 'Z3', 'low', 'push', 'Z5', 'Z5', 'flat')": {
    "slow down": 18.335666517553562,
    "keep going": 21.759870521049752,
    "accelerate": 26.22259656718666
  },
  "('Z2', 'Z2', 'low', 'recover', 'Z1', 'Z1', 'flat')": {
    "slow down": 62.124512130890686,
    "keep going": 60.56861297654553,
    "accelerate": 57.74313497575156
  },
  "('Z2', 'Z3', 'low', 'recover', 'Z1', 'Z1', 'flat')": {
    "slow down": 62.24264493206856,
    "keep going": 54.707008797718345,
    "accelerate": 15.492849875461614
  },
  "('Z3', 'Z4', 'low', 'recover', 'Z1', 'Z1', 'uphill')": {
    "slow down": 4.4183790142031025,
    "keep going": -0.11301041591908115,
    "accelerate": -0.45574670530302797
  },
  "('Z3', 'Z5', 'low', 'recover', 'Z1', 'Z1', 'flat')": {
    "slow down": -0.8352072398775594,
    "keep going": -0.49273918921703064,
    "accelerate": -0.6092408977234147
  },
  "('Z3', 'Z4', 'low', 'recover', 'Z1', 'Z1', 'flat')": {
    "slow down": 24.363827903135295,
    "keep going": 0.5525847033730964,
    "accelerate": -0.5368388282687184
  },
  "('Z3', 'Z3', 'low', 'recover', 'Z1', 'Z1', 'flat')": {
    "slow down": 51.5133311222288,
    "keep going": 9.98413695777677,
    "accelerate": -0.053863340817245975
  },
  "('Z3', 'Z2', 'low', 'recover', 'Z1', 'Z1', 'uphill')": {
    "slow down": 37.509859921209326,
    "keep going": -0.03975292540055268,
    "accelerate": 0.0
  },
  "('Z3', 'Z2', 'low', 'recover', 'Z1', 'Z1', 'flat')": {
    "slow down": 54.06150987580471,
    "keep going": 33.362273879494424,
    "accelerate": 16.30839088704185
  },
  "('Z2', 'Z1', 'low', 'recover', 'Z1', 'Z1', 'downhill')": {
    "slow down": 60.44653089170166,
    "keep going": 58.26390923730054,
    "accelerate": 49.98782111135327
  },
  "('Z2', 'Z1', 'low', 'recover', 'Z1', 'Z1', 'flat')": {
    "slow down": 60.9062963968877,
    "keep going": 59.64029305620703,
    "accelerate": 59.62014721005966
  },
  "('Z2', 'Z1', 'low', 'recover', 'Z1', 'Z1', 'uphill')": {
    "slow down": 59.809659268138155,
    "keep going": 59.07201029398882,
    "accelerate": 56.45233740912688
  },
  "('Z1', 'Z1', 'low', 'recover', 'Z1', 'Z1', 'downhill')": {
    "slow down": 65.15308958997177,
    "keep going": 63.42896934802366,
    "accelerate": 62.90332305877122
  },
  "('Z1', 'Z1', 'low', 'recover', 'Z1', 'Z1', 'flat')": {
    "slow down": 66.65188261056869,
    "keep going": 61.267909461625045,
    "accelerate": 61.399369074890714
  },
  "('Z1', 'Z1', 'low', 'recover', 'Z1', 'Z1', 'uphill')": {
    "slow down": 63.089221999061174,
    "keep going": 65.3039397979988,
    "accelerate": 62.96393997720532
  },
  "('Z1', 'Z2', 'low', 'recover', 'Z1', 'Z1', 'flat')": {
    "slow down": 66.64775234840094,
    "keep going": 58.38446629408716,
    "accelerate": 54.90604788281202
  },
  "('Z2', 'Z3', 'low', 'recover', 'Z1', 'Z1', 'uphill')": {
    "slow down": 59.92145485615514,
    "keep going": 25.593388862664757,
    "accelerate": 1.2154929263365704
  },
  "('Z2', 'Z3', 'low', 'recover', 'Z1', 'Z1', 'downhill')": {
    "slow down": 59.81719598730003,
    "keep going": 7.832638562673253,
    "accelerate": 5.864513999583659
  },
  "('Z4', 'Z5', 'low', 'recover', 'Z1', 'Z1', 'flat')": {
    "slow down": 33.707880606685336,
    "keep going": -2.486689906517231,
    "accelerate": -3.849560728304766
  },
  "('Z4', 'Z4', 'low', 'recover', 'Z1', 'Z1', 'flat')": {
    "slow down": 40.30533093743247,
    "keep going": 32.84208277565012,
    "accelerate": 22.699791737058572
  },
  "('Z4', 'Z3', 'low', 'recover', 'Z1', 'Z1', 'downhill')": {
    "slow down": 48.5258947983549,
    "keep going": 20.75207552351947,
    "accelerate": 21.151873159049856
  },
  "('Z3', 'Z1', 'low', 'recover', 'Z1', 'Z1', 'flat')": {
    "slow down": 57.139944683335216,
    "keep going": 54.99795539249576,
    "accelerate": 49.31982525470252
  },
  "('Z2', 'Z4', 'low', 'push', 'Z5', 'Z5', 'uphill')": {
    "slow down": 0.2108217919811652,
    "keep going": 2.9463671108540335,
    "accelerate": 27.827894805173095
  },
  "('Z3', 'Z4', 'low', 'push', 'Z5', 'Z5', 'downhill')": {
    "slow down": 7.032867700581265,
    "keep going": 16.657752295037188,
    "accelerate": 28.50177806409274
  },
  "('Z3', 'Z5', 'low', 'push', 'Z5', 'Z5', 'flat')": {
    "slow down": 25.71399927335535,
    "keep going": 29.29651474668242,
    "accelerate": 27.866597042580327
  },
  "('Z4', 'Z5', 'low', 'push', 'Z5', 'Z5', 'flat')": {
    "slow down": 27.235816746092,
    "keep going": 30.57892751291462,
    "accelerate": 29.3787858827964
  },
  "('Z4', 'Z4', 'low', 'push', 'Z5', 'Z5', 'flat')": {
    "slow down": 24.08038755178163,
    "keep going": 25.552598457917984,
    "accelerate": 27.196132142359595
  },
  "('Z3', 'Z3', 'low', 'push', 'Z5', 'Z5', 'flat')": {
    "slow down": -1.9216173841487802,
    "keep going": 0.9653456979100774,
    "accelerate": 22.803082031467977
  },
  "('Z3', 'Z2', 'low', 'push', 'Z5', 'Z5', 'flat')": {
    "slow down": -2.2716830817753797,
    "keep going": 0.6233559971616663,
    "accelerate": 4.47312751715457
  },
  "('Z3', 'Z1', 'low', 'push', 'Z5', 'Z5', 'flat')": {
    "slow down": -2.6574782079993393,
    "keep going": -2.327726782998461,
    "accelerate": -1.6294731382309826
  },
  "('Z2', 'Z1', 'low', 'push', 'Z5', 'Z5', 'uphill')": {
    "slow down": -1.2912688979536555,
    "keep going": -1.3697664417313706,
    "accelerate": 13.135020033753273
  },
  "('Z3', 'Z4', 'low', 'push', 'Z5', 'Z5', 'flat')": {
    "slow down": 1.1036928468519347,
    "keep going": 8.784130564721918,
    "accelerate": 28.410690723181936
  },
  "('Z1', 'Z1', 'low', 'push', 'Z5', 'Z5', 'uphill')": {
    "slow down": -2.223539885350182,
    "keep going": -1.5429413082872694,
    "accelerate": 17.256108380366662
  },
  "('Z1', 'Z2', 'low', 'recover', 'Z1', 'Z1', 'downhill')": {
    "slow down": 57.61100210485588,
    "keep going": 63.75387314386622,
    "accelerate": 48.66292304058474
  },
  "('Z2', 'Z2', 'low', 'recover', 'Z1', 'Z1', 'uphill')": {
    "slow down": 62.23647681840337,
    "keep going": 55.74444520823176,
    "accelerate": 53.551282564232196
  },
  "('Z1', 'Z2', 'low', 'recover', 'Z1', 'Z1', 'uphill')": {
    "slow down": 64.45170599016568,
    "keep going": 54.44700404970071,
    "accelerate": 40.35289555442742
  },
  "('Z2', 'Z4', 'low', 'recover', 'Z1', 'Z1', 'flat')": {
    "slow down": 42.01544382775994,
    "keep going": 2.8606970259826054,
    "accelerate": -1.0263969583195411
  },
  "('Z3', 'Z4', 'low', 'recover', 'Z1', 'Z1', 'downhill')": {
    "slow down": -0.03724451869164659,
    "keep going": 0.31918503882343013,
    "accelerate": 0.0
  },
  "('Z3', 'Z1', 'low', 'recover', 'Z1', 'Z1', 'uphill')": {
    "slow down": 11.336653279621924,
    "keep going": 59.857385726347225,
    "accelerate": 9.411924717981268
  },
  "('Z2', 'Z2', 'low', 'recover', 'Z1', 'Z1', 'downhill')": {
    "slow down": 61.89358036040116,
    "keep going": 56.99778649282423,
    "accelerate": 56.15254666898772
  },
  "('Z5', 'Z5', 'low', 'push', 'Z5', 'Z5', 'flat')": {
    "slow down": 25.981158548015475,
    "keep going": 24.02012310041018,
    "accelerate": 25.539977267140813
  },
  "('Z5', 'Z5', 'low', 'push', 'Z5', 'Z5', 'uphill')": {
    "slow down": 16.94579765278742,
    "keep going": 12.700226516003008,
    "accelerate": 25.604098771266006
  },
  "('Z5', 'Z4', 'low', 'push', 'Z5', 'Z5', 'flat')": {
    "slow down": 10.069059927914473,
    "keep going": 22.037784848757763,
    "accelerate": 29.072693747948865
  },
  "('Z5', 'Z4', 'low', 'recover', 'Z1', 'Z1', 'flat')": {
    "slow down": 40.12081561712179,
    "keep going": 16.054188267822433,
    "accelerate": 11.402218423411256
  },
  "('Z5', 'Z5', 'low', 'recover', 'Z1', 'Z1', 'flat')": {
    "slow down": 33.45414867408975,
    "keep going": 15.845964464717648,
    "accelerate": 16.146345730460666
  },
  "('Z4', 'Z3', 'low', 'recover', 'Z1', 'Z1', 'flat')": {
    "slow down": 45.85757051628165,
    "keep going": 40.0959276899726,
    "accelerate": 32.80394099168222
  },
  "('Z5', 'Z5', 'low', 'recover', 'Z1', 'Z1', 'uphill')": {
    "slow down": -0.6275428195129893,
    "keep going": -0.4169710912438449,
    "accelerate": -0.46170073755547103
  },
  "('Z4', 'Z2', 'low', 'recover', 'Z1', 'Z1', 'flat')": {
    "slow down": 52.414501011331105,
    "keep going": 47.53984200681895,
    "accelerate": 36.09816012695308
  },
  "('Z3', 'Z1', 'low', 'recover', 'Z1', 'Z1', 'downhill')": {
    "slow down": 52.39183350895053,
    "keep going": 36.03960887564971,
    "accelerate": 35.77743030037118
  },
  "('Z3', 'Z2', 'low', 'recover', 'Z1', 'Z1', 'downhill')": {
    "slow down": 53.57237773488306,
    "keep going": 3.6767692715289053,
    "accelerate": 7.080210630763778
  },
  "('Z2', 'Z2', 'low', 'push', 'Z5', 'Z5', 'uphill')": {
    "slow down": -0.7933509880703628,
    "keep going": -0.9750756017509712,
    "accelerate": 16.50490021667389
  },
  "('Z2', 'Z4', 'low', 'push', 'Z5', 'Z5', 'flat')": {
    "slow down": 19.43510368953084,
    "keep going": 19.63332298910354,
    "accelerate": 27.828949961223188
  },
  "('Z5', 'Z4', 'low', 'push', 'Z5', 'Z5', 'uphill')": {
    "slow down": -0.5577376301374833,
    "keep going": 18.938197808904484,
    "accelerate": 1.0406492948457502
  },
  "('Z5', 'Z5', 'low', 'recover', 'Z1', 'Z1', 'downhill')": {
    "slow down": 23.987526692104932,
    "keep going": -1.8487272289238663,
    "accelerate": -2.0794509844207107
  },
  "('Z4', 'Z5', 'low', 'recover', 'Z1', 'Z1', 'uphill')": {
    "slow down": -0.26548620699257547,
    "keep going": 0.6673723187825757,
    "accelerate": -0.3817783441806937
  },
  "('Z4', 'Z3', 'low', 'recover', 'Z1', 'Z1', 'uphill')": {
    "slow down": 4.26125826785642,
    "keep going": -0.1360928026845278,
    "accelerate": -0.3778352734925732
  },
  "('Z1', 'Z1', 'low', 'cooldown', 'Z1', 'Z1', 'flat')": {
    "slow down": 79.86100362648082,
    "keep going": 80.01821362284478,
    "accelerate": 79.72843636743742
  },
  "('Z1', 'Z2', 'low', 'cooldown', 'Z1', 'Z1', 'flat')": {
    "slow down": 81.41347335902438,
    "keep going": 80.06551834806208,
    "accelerate": 76.31806607651589
  },
  "('Z2', 'Z2', 'low', 'cooldown', 'Z1', 'Z1', 'flat')": {
    "slow down": 81.34637307625202,
    "keep going": 78.33614136799382,
    "accelerate": 74.87551406430072
  },
  "('Z1', 'Z1', 'low', 'cooldown', 'Z1', 'Z1', 'uphill')": {
    "slow down": 79.86832994162162,
    "keep going": 80.0272535535698,
    "accelerate": 79.8402608858313
  },
  "('Z1', 'Z2', 'low', 'cooldown', 'Z1', 'Z1', 'downhill')": {
    "slow down": 81.44974998308763,
    "keep going": 78.90080047888387,
    "accelerate": 72.92063001088819
  },
  "('Z1', 'Z1', 'low', 'cooldown', 'Z1', 'Z1', 'downhill')": {
    "slow down": 79.99268445895261,
    "keep going": 79.8769404575619,
    "accelerate": 79.68402847553864
  },
  "('Z1', 'Z2', 'low', 'cooldown', 'Z1', 'Z1', 'uphill')": {
    "slow down": 81.43261625406227,
    "keep going": 79.85214265792636,
    "accelerate": 73.89764996663493
  },
  "('Z2', 'Z3', 'low', 'cooldown', 'Z1', 'Z1', 'flat')": {
    "slow down": 79.33026596468675,
    "keep going": 74.51412458968487,
    "accelerate": 56.35247045941666
  },
  "('Z2', 'Z1', 'low', 'cooldown', 'Z1', 'Z1', 'flat')": {
    "slow down": 81.25100901257844,
    "keep going": 80.93726075128457,
    "accelerate": 77.08046303763159
  },
  "('Z2', 'Z4', 'low', 'cooldown', 'Z1', 'Z1', 'downhill')": {
    "slow down": 2.398192227420359,
    "keep going": -0.10659517746539345,
    "accelerate": 0.0
  },
  "('Z2', 'Z1', 'low', 'cooldown', 'Z1', 'Z1', 'uphill')": {
    "slow down": 54.4288471717563,
    "keep going": 80.89413900891647,
    "accelerate": 63.75685429551105
  },
  "('Z2', 'Z3', 'low', 'cooldown', 'Z1', 'Z1', 'uphill')": {
    "slow down": 76.43863136918358,
    "keep going": 30.957931188502403,
    "accelerate": 42.39587099926032
  },
  "('Z2', 'Z4', 'low', 'cooldown', 'Z1', 'Z1', 'flat')": {
    "slow down": 70.40307965870414,
    "keep going": 20.023873336760495,
    "accelerate": -0.44538711363795436
  },
  "('Z3', 'Z5', 'low', 'cooldown', 'Z1', 'Z1', 'flat')": {
    "slow down": 11.011931240761227,
    "keep going": -1.0537849897504508,
    "accelerate": -0.9833200873080217
  },
  "('Z3', 'Z4', 'low', 'cooldown', 'Z1', 'Z1', 'flat')": {
    "slow down": 32.972469555701835,
    "keep going": 0.03874134520983891,
    "accelerate": -0.9477243037352875
  },
  "('Z4', 'Z5', 'low', 'cooldown', 'Z1', 'Z1', 'uphill')": {
    "slow down": -0.18236710437150022,
    "keep going": 0.0,
    "accelerate": 0.0
  },
  "('Z4', 'Z4', 'low', 'cooldown', 'Z1', 'Z1', 'flat')": {
    "slow down": 6.042094773602264,
    "keep going": -0.6254589661534806,
    "accelerate": -1.031713374473306
  },
  "('Z4', 'Z3', 'low', 'cooldown', 'Z1', 'Z1', 'flat')": {
    "slow down": 11.01970759043613,
    "keep going": -0.10338622491691773,
    "accelerate": -0.6769983073059195
  },
  "('Z4', 'Z5', 'low', 'cooldown', 'Z1', 'Z1', 'flat')": {
    "slow down": 0.9469637827779902,
    "keep going": -1.0203116469855849,
    "accelerate": -0.9155695943526224
  },
  "('Z4', 'Z4', 'low', 'cooldown', 'Z1', 'Z1', 'uphill')": {
    "slow down": -0.10970316190026859,
    "keep going": -0.22696217175408118,
    "accelerate": -0.35074206133802943
  },
  "('Z4', 'Z3', 'low', 'cooldown', 'Z1', 'Z1', 'uphill')": {
    "slow down": -0.10503184244479301,
    "keep going": -0.13691941582679037,
    "accelerate": -0.26162928355076953
  },
  "('Z3', 'Z2', 'low', 'cooldown', 'Z1', 'Z1', 'flat')": {
    "slow down": 56.93086345014094,
    "keep going": 23.109194192098233,
    "accelerate": 18.648348296334298
  },
  "('Z3', 'Z3', 'low', 'cooldown', 'Z1', 'Z1', 'flat')": {
    "slow down": 57.00246815066544,
    "keep going": 10.569747526408436,
    "accelerate": 10.876815483170724
  },
  "('Z3', 'Z1', 'low', 'cooldown', 'Z1', 'Z1', 'uphill')": {
    "slow down": 0.5747740843745379,
    "keep going": 0.0,
    "accelerate": 0.0
  },
  "('Z2', 'Z3', 'low', 'cooldown', 'Z1', 'Z1', 'downhill')": {
    "slow down": 78.07083082710751,
    "keep going": 33.90638811371858,
    "accelerate": 16.57484482534417
  },
  "('Z2', 'Z1', 'low', 'cooldown', 'Z1', 'Z1', 'downhill')": {
    "slow down": 43.328798710578255,
    "keep going": 80.67791523685904,
    "accelerate": 39.588662033052636
  },
  "('Z2', 'Z2', 'low', 'cooldown', 'Z1', 'Z1', 'downhill')": {
    "slow down": 80.2537459926502,
    "keep going": 47.361580511020165,
    "accelerate": 36.94645920811519
  },
  "('Z2', 'Z2', 'low', 'cooldown', 'Z1', 'Z1', 'uphill')": {
    "slow down": 37.49566846227518,
    "keep going": 78.88128380340004,
    "accelerate": 35.54537852914638
  },
  "('Z3', 'Z4', 'low', 'cooldown', 'Z1', 'Z1', 'downhill')": {
    "slow down": 6.940674453457047,
    "keep going": -0.06075427676436921,
    "accelerate": -0.04969421008585062
  },
  "('Z3', 'Z3', 'low', 'cooldown', 'Z1', 'Z1', 'downhill')": {
    "slow down": 19.30685442101876,
    "keep going": 0.0,
    "accelerate": -0.10649448107893261
  },
  "('Z2', 'Z4', 'low', 'warmup', 'Z1', 'Z1', 'downhill')": {
    "slow down": 24.85310266195059,
    "keep going": -0.09388018053198532,
    "accelerate": 0.0
  },
  "('Z3', 'Z3', 'low', 'warmup', 'Z1', 'Z1', 'downhill')": {
    "slow down": -0.07269593148972822,
    "keep going": 5.771802148075656,
    "accelerate": -0.12738559946550165
  },
  "('Z3', 'Z5', 'low', 'warmup', 'Z1', 'Z1', 'downhill')": {
    "slow down": -0.2893627994376077,
    "keep going": -0.2435757906787146,
    "accelerate": -0.27884827115456157
  },
  "('Z4', 'Z2', 'low', 'warmup', 'Z1', 'Z1', 'flat')": {
    "slow down": 0.15631414484920797,
    "keep going": 0.0,
    "accelerate": 0.0
  },
  "('Z2', 'Z4', 'low', 'warmup', 'Z1', 'Z1', 'uphill')": {
    "slow down": 21.10980610686638,
    "keep going": -0.13207521526559735,
    "accelerate": 0.0
  },
  "('Z2', 'Z1', 'low', 'push', 'Z4', 'Z4', 'downhill')": {
    "slow down": 15.583832559200513,
    "keep going": 6.148801705147569,
    "accelerate": 36.129423225149594
  },
  "('Z3', 'Z5', 'low', 'push', 'Z4', 'Z4', 'uphill')": {
    "slow down": 34.70616799161665,
    "keep going": 1.6007116283385314,
    "accelerate": 5.79305568412532
  },
  "('Z1', 'Z1', 'low', 'recover', 'Z2', 'Z2', 'downhill')": {
    "slow down": 61.38178070001328,
    "keep going": 62.06055270940291,
    "accelerate": 67.65065166355157
  },
  "('Z1', 'Z2', 'low', 'recover', 'Z2', 'Z2', 'uphill')": {
    "slow down": 62.404315513037325,
    "keep going": 17.992828740430195,
    "accelerate": 6.281706494769164
  },
  "('Z2', 'Z4', 'low', 'push', 'Z5', 'Z5', 'downhill')": {
    "slow down": 9.880405847609449,
    "keep going": 17.020215875206866,
    "accelerate": 28.56490461367558
  },
  "('Z4', 'Z5', 'low', 'push', 'Z5', 'Z5', 'downhill')": {
    "slow down": 24.181521165075527,
    "keep going": 26.067776239158434,
    "accelerate": 30.899962134775336
  },
  "('Z4', 'Z4', 'low', 'push', 'Z5', 'Z5', 'downhill')": {
    "slow down": 0.0,
    "keep going": 0.14768336434922485,
    "accelerate": 28.122092158972034
  },
  "('Z4', 'Z3', 'low', 'push', 'Z5', 'Z5', 'flat')": {
    "slow down": -2.383616517271303,
    "keep going": 1.173007857848273,
    "accelerate": 26.809445646241215
  },
  "('Z4', 'Z5', 'low', 'push', 'Z5', 'Z5', 'uphill')": {
    "slow down": 25.059154386783565,
    "keep going": 30.605463243989178,
    "accelerate": 26.38296387091701
  },
  "('Z4', 'Z2', 'low', 'recover', 'Z1', 'Z1', 'downhill')": {
    "slow down": 51.85951557867581,
    "keep going": 16.273323919267284,
    "accelerate": 7.423625537735534
  },
  "('Z2', 'Z4', 'low', 'recover', 'Z1', 'Z1', 'uphill')": {
    "slow down": 11.577061952850048,
    "keep going": 2.060887747851973,
    "accelerate": 0.0
  },
  "('Z1', 'Z2', 'low', 'push', 'Z5', 'Z5', 'uphill')": {
    "slow down": 3.3809462510548522,
    "keep going": 9.446810821840133,
    "accelerate": 24.649860216133412
  },
  "('Z4', 'Z3', 'low', 'push', 'Z5', 'Z5', 'uphill')": {
    "slow down": -0.9300302917281208,
    "keep going": -1.5111817973890405,
    "accelerate": 13.801065603176763
  },
  "('Z4', 'Z2', 'low', 'push', 'Z5', 'Z5', 'flat')": {
    "slow down": -2.5044420344313725,
    "keep going": -1.2764701879363085,
    "accelerate": 3.5235353558911005
  },
  "('Z4', 'Z4', 'low', 'recover', 'Z1', 'Z1', 'downhill')": {
    "slow down": 42.09274439250282,
    "keep going": 1.9850918157443624,
    "accelerate": -1.0330259931361745
  },
  "('Z3', 'Z4', 'low', 'push', 'Z5', 'Z5', 'uphill')": {
    "slow down": 0.45117707377243504,
    "keep going": 0.435733779195252,
    "accelerate": 25.614009262918223
  },
  "('Z3', 'Z1', 'low', 'cooldown', 'Z1', 'Z1', 'flat')": {
    "slow down": 46.644360011310056,
    "keep going": 13.883206800024531,
    "accelerate": 0.8738755242320139
  },
  "('Z1', 'Z2', 'low', 'push', 'Z4', 'Z4', 'downhill')": {
    "slow down": 0.0,
    "keep going": 10.416211417911459,
    "accelerate": 0.0
  },
  "('Z3', 'Z3', 'low', 'push', 'Z5', 'Z5', 'downhill')": {
    "slow down": -0.47632179827391086,
    "keep going": 0.5984333566730384,
    "accelerate": 6.225536222757093
  },
  "('Z2', 'Z3', 'low', 'push', 'Z5', 'Z5', 'downhill')": {
    "slow down": -1.0539057195209258,
    "keep going": 1.2083345413334414,
    "accelerate": 24.89360983968822
  },
  "('Z2', 'Z1', 'low', 'push', 'Z5', 'Z5', 'downhill')": {
    "slow down": -1.0468420773222762,
    "keep going": -0.9005348963493169,
    "accelerate": -0.8317641422002617
  },
  "('Z3', 'Z3', 'low', 'recover', 'Z1', 'Z1', 'uphill')": {
    "slow down": 2.9133082851555425,
    "keep going": 0.0,
    "accelerate": -0.17240743239325346
  },
  "('Z3', 'Z5', 'low', 'push', 'Z5', 'Z5', 'uphill')": {
    "slow down": 20.95852300294359,
    "keep going": 22.694328243636804,
    "accelerate": 29.77602541171277
  },
  "('Z4', 'Z4', 'low', 'push', 'Z5', 'Z5', 'uphill')": {
    "slow down": 23.70193976183628,
    "keep going": 23.260618864171065,
    "accelerate": 26.973563722243572
  },
  "('Z3', 'Z5', 'low', 'cooldown', 'Z1', 'Z1', 'downhill')": {
    "slow down": -0.020882511192711884,
    "keep going": 0.0,
    "accelerate": 0.0
  },
  "('Z4', 'Z5', 'low', 'cooldown', 'Z1', 'Z1', 'downhill')": {
    "slow down": -0.19647502756504798,
    "keep going": 0.0,
    "accelerate": 0.0
  },
  "('Z5', 'Z5', 'low', 'cooldown', 'Z1', 'Z1', 'flat')": {
    "slow down": -0.27126379641348314,
    "keep going": -0.6713869119828695,
    "accelerate": 0.0
  },
  "('Z5', 'Z4', 'low', 'cooldown', 'Z1', 'Z1', 'flat')": {
    "slow down": -0.12588536043585194,
    "keep going": 0.0,
    "accelerate": 0.0
  },
  "('Z4', 'Z2', 'low', 'cooldown', 'Z1', 'Z1', 'flat')": {
    "slow down": 0.0,
    "keep going": 0.0,
    "accelerate": 0.8638631690655456
  },
  "('Z3', 'Z1', 'low', 'cooldown', 'Z1', 'Z1', 'downhill')": {
    "slow down": 0.0,
    "keep going": 0.0,
    "accelerate": 1.7055705034931001
  },
  "('Z3', 'Z2', 'low', 'cooldown', 'Z1', 'Z1', 'uphill')": {
    "slow down": 4.705089237564829,
    "keep going": 24.766410884680855,
    "accelerate": 0.0
  },
  "('Z5', 'Z5', 'low', 'recover', 'Z2', 'Z2', 'uphill')": {
    "slow down": -0.14931558746894197,
    "keep going": 0.0,
    "accelerate": 0.0
  },
  "('Z4', 'Z5', 'low', 'recover', 'Z1', 'Z1', 'downhill')": {
    "slow down": -0.5976316526459179,
    "keep going": 1.4263310775777671,
    "accelerate": -1.3598775661823281
  },
  "('Z3', 'Z2', 'low', 'cooldown', 'Z1', 'Z1', 'downhill')": {
    "slow down": 19.033836289912003,
    "keep going": 0.0,
    "accelerate": 0.0
  },
  "('Z3', 'Z3', 'low', 'cooldown', 'Z1', 'Z1', 'uphill')": {
    "slow down": 19.204821829590415,
    "keep going": 0.0,
    "accelerate": 0.23152632349170596
  },
  "('Z3', 'Z5', 'low', 'cooldown', 'Z1', 'Z1', 'uphill')": {
    "slow down": -0.2344810752572263,
    "keep going": 0.0,
    "accelerate": 0.0
  },
  "('Z4', 'Z5', 'low', 'warmup', 'Z1', 'Z1', 'uphill')": {
    "slow down": -0.47206935138628553,
    "keep going": 0.0,
    "accelerate": 0.0
  },
  "('Z5', 'Z5', 'low', 'warmup', 'Z1', 'Z1', 'flat')": {
    "slow down": -0.23056819858308814,
    "keep going": 0.0,
    "accelerate": 0.0
  },
  "('Z2', 'Z4', 'low', 'push', 'Z4', 'Z4', 'uphill')": {
    "slow down": -0.9365419877060008,
    "keep going": 9.471103053302132,
    "accelerate": 0.0
  },
  "('Z3', 'Z5', 'low', 'recover', 'Z2', 'Z2', 'downhill')": {
    "slow down": 0.0,
    "keep going": 0.48852383987208087,
    "accelerate": 8.33243674484213
  },
  "('Z1', 'Z1', 'low', 'push', 'Z4', 'Z4', 'uphill')": {
    "slow down": -2.845338420870522,
    "keep going": -1.71941575399127,
    "accelerate": 5.170134389098178
  },
  "('Z3', 'Z2', 'low', 'push', 'Z5', 'Z5', 'downhill')": {
    "slow down": -0.2664688561541247,
    "keep going": -0.358554391706322,
    "accelerate": 0.0
  },
  "('Z2', 'Z4', 'low', 'cooldown', 'Z1', 'Z1', 'uphill')": {
    "slow down": 17.40396914252146,
    "keep going": 3.1274493681821443,
    "accelerate": 0.0
  },
  "('Z1', 'Z2', 'low', 'push', 'Z5', 'Z5', 'downhill')": {
    "slow down": -0.5494300991597599,
    "keep going": -0.6544521841787335,
    "accelerate": 9.726634169195432
  },
  "('Z3', 'Z3', 'low', 'recover', 'Z1', 'Z1', 'downhill')": {
    "slow down": 3.7060329246908896,
    "keep going": 2.0211961411256656,
    "accelerate": 0.17323569051207677
  },
  "('Z3', 'Z3', 'low', 'push', 'Z5', 'Z5', 'uphill')": {
    "slow down": -0.42510457078061803,
    "keep going": 0.3071088946403522,
    "accelerate": -0.4009578188370907
  },
  "('Z1', 'Z2', 'low', 'push', 'Z4', 'Z4', 'uphill')": {
    "slow down": -1.18278893163904,
    "keep going": -0.3664046927477863,
    "accelerate": 0.0
  },
  "('Z5', 'Z5', 'low', 'push', 'Z5', 'Z5', 'downhill')": {
    "slow down": 15.789882264599663,
    "keep going": 14.982470189710181,
    "accelerate": 27.47235558552405
  },
  "('Z4', 'Z3', 'low', 'warmup', 'Z1', 'Z1', 'downhill')": {
    "slow down": 1.2841793058172524,
    "keep going": 0.0,
    "accelerate": 0.0
  },
  "('Z4', 'Z3', 'low', 'cooldown', 'Z1', 'Z1', 'downhill')": {
    "slow down": 0.0,
    "keep going": -0.06709103665125345,
    "accelerate": 0.0
  },
  "('Z3', 'Z5', 'low', 'warmup', 'Z1', 'Z1', 'uphill')": {
    "slow down": 0.0,
    "keep going": 0.0,
    "accelerate": -0.24078865980207242
  },
  "('Z5', 'Z4', 'low', 'recover', 'Z1', 'Z1', 'downhill')": {
    "slow down": 41.67232411988559,
    "keep going": 9.906976922231907,
    "accelerate": 2.589607168884159
  },
  "('Z4', 'Z2', 'low', 'push', 'Z4', 'Z4', 'uphill')": {
    "slow down": -1.6414247256123398,
    "keep going": 14.883770305756798,
    "accelerate": 0.0
  },
  "('Z3', 'Z5', 'low', 'push', 'Z5', 'Z5', 'downhill')": {
    "slow down": 27.312455627407505,
    "keep going": 1.9371750672003043,
    "accelerate": 3.20582183040346
  },
  "('Z2', 'Z4', 'low', 'push', 'Z4', 'Z4', 'downhill')": {
    "slow down": -0.6023944850208107,
    "keep going": 18.590800105400533,
    "accelerate": 0.0
  },
  "('Z4', 'Z2', 'low', 'push', 'Z5', 'Z5', 'uphill')": {
    "slow down": -0.4533298789283595,
    "keep going": -0.19015996764244603,
    "accelerate": 0.0
  },
  "('Z4', 'Z2', 'low', 'recover', 'Z1', 'Z1', 'uphill')": {
    "slow down": 13.254046168837897,
    "keep going": 0.0,
    "accelerate": 0.0
  },
  "('Z4', 'Z3', 'low', 'push', 'Z5', 'Z5', 'downhill')": {
    "slow down": 0.13746049639024574,
    "keep going": 0.0,
    "accelerate": 0.0
  },
  "('Z3', 'Z4', 'low', 'warmup', 'Z1', 'Z1', 'uphill')": {
    "slow down": 2.0020562523449974,
    "keep going": 0.0,
    "accelerate": 0.0
  },
  "('Z5', 'Z4', 'low', 'recover', 'Z1', 'Z1', 'uphill')": {
    "slow down": 0.85127388570971,
    "keep going": 0.0,
    "accelerate": 0.0
  },
  "('Z3', 'Z5', 'low', 'recover', 'Z1', 'Z1', 'downhill')": {
    "slow down": 0.22424045507330842,
    "keep going": 0.0,
    "accelerate": 0.0
  },
  "('Z3', 'Z1', 'low', 'push', 'Z5', 'Z5', 'uphill')": {
    "slow down": -0.767649268076098,
    "keep going": 0.0,
    "accelerate": 0.0
  },
  "('Z3', 'Z1', 'low', 'warmup', 'Z1', 'Z1', 'downhill')": {
    "slow down": 0.0,
    "keep going": 8.109510878909637,
    "accelerate": 0.0
  },
  "('Z3', 'Z2', 'low', 'push', 'Z5', 'Z5', 'uphill')": {
    "slow down": -0.44054433298169277,
    "keep going": -0.0810438407146367,
    "accelerate": -0.16684340158807523
  },
  "('Z4', 'Z4', 'low', 'cooldown', 'Z1', 'Z1', 'downhill')": {
    "slow down": 0.42818374897516753,
    "keep going": 0.0,
    "accelerate": 0.0
  },
  "('Z3', 'Z4', 'low', 'cooldown', 'Z1', 'Z1', 'uphill')": {
    "slow down": 4.8104625507808,
    "keep going": 0.0,
    "accelerate": 0.0
  },
  "('Z4', 'Z4', 'low', 'recover', 'Z1', 'Z1', 'uphill')": {
    "slow down": 2.652312427546628,
    "keep going": 0.0,
    "accelerate": 0.0
  },
  "('Z2', 'Z4', 'low', 'recover', 'Z1', 'Z1', 'downhill')": {
    "slow down": 11.375991847978021,
    "keep going": 0.0,
    "accelerate": 0.0
  },
  "('Z5', 'Z4', 'low', 'push', 'Z4', 'Z4', 'uphill')": {
    "slow down": 4.1041717783884115,
    "keep going": 0.0,
    "accelerate": 0.0
  },
  "('Z4', 'Z2', 'low', 'recover', 'Z2', 'Z2', 'downhill')": {
    "slow down": 26.26262958192226,
    "keep going": 0.0,
    "accelerate": 0.0
  },
  "('Z4', 'Z2', 'low', 'recover', 'Z2', 'Z2', 'uphill')": {
    "slow down": 6.33440740212815,
    "keep going": 0.0,
    "accelerate": 0.0
  }
}