{
  "('Z1', 'Z1', 'low', 'warmup', 'Z1', 'Z1', 'flat')": {
    "slow down": 50.62800258473514,
    "keep going": 50.223317433895815,
    "accelerate": 49.66748356300734
  },
  "('Z1', 'Z1', 'low', 'warmup', 'Z1', 'Z1', 'downhill')": {
    "slow down": 50.40633701597315,
    "keep going": 51.67569377849124,
    "accelerate": 49.68387273694182
  },
  "('Z1', 'Z1', 'low', 'warmup', 'Z1', 'Z1', 'uphill')": {
    "slow down": 50.45759001572974,
    "keep going": 51.68078586263469,
    "accelerate": 49.72126674511098
  },
  "('Z1', 'Z2', 'low', 'warmup', 'Z1', 'Z1', 'flat')": {
    "slow down": 50.83311212432675,
    "keep going": 46.424043232630225,
    "accelerate": 39.44677611557865
  },
  "('Z1', 'Z2', 'low', 'warmup', 'Z1', 'Z1', 'downhill')": {
    "slow down": 50.52512609140295,
    "keep going": 39.346960636981834,
    "accelerate": 25.555772981785427
  },
  "('Z1', 'Z2', 'low', 'warmup', 'Z1', 'Z1', 'uphill')": {
    "slow down": 50.50259336439306,
    "keep going": 32.392643442312526,
    "accelerate": 18.584701866929592
  },
  "('Z1', 'Z1', 'low', 'push', 'Z2', 'Z2', 'flat')": {
    "slow down": 33.70482923035927,
    "keep going": 33.64173983910211,
    "accelerate": 35.05787503006384
  },
  "('Z1', 'Z1', 'low', 'push', 'Z2', 'Z2', 'downhill')": {
    "slow down": 32.425002500810145,
    "keep going": 33.54125270281925,
    "accelerate": 37.94198998978127
  },
  "('Z1', 'Z2', 'low', 'push', 'Z2', 'Z2', 'flat')": {
    "slow down": 27.14653240487866,
    "keep going": 35.307048845984134,
    "accelerate": 28.287262688242258
  },
  "('Z1', 'Z1', 'low', 'push', 'Z2', 'Z2', 'uphill')": {
    "slow down": 33.77289109665598,
    "keep going": 32.935323097569594,
    "accelerate": 37.33596915286245
  },
  "('Z1', 'Z2', 'low', 'push', 'Z2', 'Z2', 'downhill')": {
    "slow down": 33.22938213880245,
    "keep going": 27.13278430210457,
    "accelerate": 25.729711387169154
  },
  "('Z1', 'Z2', 'low', 'push', 'Z2', 'Z2', 'uphill')": {
    "slow down": 34.637043042563434,
    "keep going": 28.446228137780423,
    "accelerate": 24.45337876079306
  },
  "('Z2', 'Z3', 'low', 'push', 'Z2', 'Z2', 'flat')": {
    "slow down": 33.229805982702636,
    "keep going": 30.344486298304933,
    "accelerate": 28.920904850070773
  },
  "('Z2', 'Z2', 'low', 'push', 'Z2', 'Z2', 'flat')": {
    "slow down": 31.817185075743154,
    "keep going": 31.871466184301706,
    "accelerate": 31.84417279198738
  },
  "('Z2', 'Z1', 'low', 'push', 'Z2', 'Z2', 'flat')": {
    "slow down": 33.076167330080615,
    "keep going": 32.94817766747967,
    "accelerate": 33.18749070202161
  },
  "('Z2', 'Z3', 'low', 'push', 'Z2', 'Z2', 'downhill')": {
    "slow down": 35.93355494814672,
    "keep going": 24.2898428859897,
    "accelerate": 22.867163661273686
  },
  "('Z2', 'Z2', 'low', 'push', 'Z2', 'Z2', 'uphill')": {
    "slow down": 35.14702944756025,
    "keep going": 35.29030476656103,
    "accelerate": 31.69277117734649
  },
  "('Z1', 'Z2', 'low', 'cooldown', 'Z1', 'Z1', 'downhill')": {
    "slow down": 49.25615903271253,
    "keep going": 33.79566758023708,
    "accelerate": 31.727819881061382
  },
  "('Z1', 'Z1', 'low', 'cooldown', 'Z1', 'Z1', 'flat')": {
    "slow down": 47.73105010239097,
    "keep going": 47.926952857961055,
    "accelerate": 47.48036105981987
  },
  "('Z1', 'Z2', 'low', 'cooldown', 'Z1', 'Z1', 'flat')": {
    "slow down": 49.380399764820815,
    "keep going": 47.85838194516007,
    "accelerate": 41.88196099956517
  },
  "('Z1', 'Z1', 'low', 'cooldown', 'Z1', 'Z1', 'uphill')": {
    "slow down": 47.83549137896948,
    "keep going": 47.95843648749785,
    "accelerate": 47.8354033648331
  },
  "('Z1', 'Z1', 'low', 'cooldown', 'Z1', 'Z1', 'downhill')": {
    "slow down": 47.94256505419941,
    "keep going": 47.830188657202235,
    "accelerate": 47.85816412380847
  },
  "('Z1', 'Z2', 'low', 'cooldown', 'Z1', 'Z1', 'uphill')": {
    "slow down": 44.47584402346972,
    "keep going": 48.141898711877914,
    "accelerate": 35.45453340886514
  },
  "('Z2', 'Z3', 'low', 'cooldown', 'Z1', 'Z1', 'flat')": {
    "slow down": 44.85673422048552,
    "keep going": 15.127591355405944,
    "accelerate": 3.1215967288778312
  },
  "('Z2', 'Z2', 'low', 'cooldown', 'Z1', 'Z1', 'flat')": {
    "slow down": 45.64793187395052,
    "keep going": 24.352865429640676,
    "accelerate": 27.396827012849798
  },
  "('Z2', 'Z1', 'low', 'cooldown', 'Z1', 'Z1', 'flat')": {
    "slow down": 47.140620071605916,
    "keep going": 44.69693470718532,
    "accelerate": 36.0719842955093
  },
  "('Z2', 'Z1', 'low', 'cooldown', 'Z1', 'Z1', 'downhill')": {
    "slow down": 47.423344752440094,
    "keep going": 12.154745893524806,
    "accelerate": 10.430395428574982
  },
  "('Z2', 'Z1', 'low', 'cooldown', 'Z1', 'Z1', 'uphill')": {
    "slow down": 48.72844748138809,
    "keep going": 4.532117290135813,
    "accelerate": 4.406950690321882
  },
  "('Z2', 'Z3', 'low', 'warmup', 'Z1', 'Z1', 'flat')": {
    "slow down": 46.97577641433376,
    "keep going": 7.828593712190713,
    "accelerate": 0.2084694566744123
  },
  "('Z2', 'Z2', 'low', 'warmup', 'Z1', 'Z1', 'flat')": {
    "slow down": 48.09307073056291,
    "keep going": 11.450118355182129,
    "accelerate": 11.322193231480675
  },
  "('Z2', 'Z1', 'low', 'warmup', 'Z1', 'Z1', 'flat')": {
    "slow down": 49.88593711404634,
    "keep going": 30.692511940826975,
    "accelerate": 16.590752830824886
  },
  "('Z2', 'Z3', 'low', 'warmup', 'Z1', 'Z1', 'uphill')": {
    "slow down": 25.15714816344529,
    "keep going": 0.0,
    "accelerate": 0.0
  },
  "('Z2', 'Z1', 'low', 'push', 'Z2', 'Z2', 'downhill')": {
    "slow down": 29.427135924606752,
    "keep going": 35.60748320444737,
    "accelerate": 29.073393146003202
  },
  "('Z2', 'Z1', 'low', 'push', 'Z2', 'Z2', 'uphill')": {
    "slow down": 36.66678801484004,
    "keep going": 32.27917194170548,
    "accelerate": 29.975021987583304
  },
  "('Z2', 'Z2', 'low', 'push', 'Z2', 'Z2', 'downhill')": {
    "slow down": 34.54500039234721,
    "keep going": 33.89218617751101,
    "accelerate": 31.770315772423885
  },
  "('Z2', 'Z2', 'low', 'cooldown', 'Z1', 'Z1', 'uphill')": {
    "slow down": 46.776943572546024,
    "keep going": 0.0,
    "accelerate": 0.5186961492435874
  },
  "('Z2', 'Z4', 'low', 'cooldown', 'Z1', 'Z1', 'flat')": {
    "slow down": 18.9803330566743,
    "keep going": 0.0,
    "accelerate": -0.9116541832656491
  },
  "('Z3', 'Z5', 'low', 'cooldown', 'Z1', 'Z1', 'uphill')": {
    "slow down": -0.10024560472608479,
    "keep going": 0.0,
    "accelerate": 0.0
  },
  "('Z3', 'Z4', 'low', 'cooldown', 'Z1', 'Z1', 'flat')": {
    "slow down": 4.3072741706578626,
    "keep going": -0.1265404163934711,
    "accelerate": -0.2781635176258578
  },
  "('Z3', 'Z3', 'low', 'cooldown', 'Z1', 'Z1', 'flat')": {
    "slow down": 20.2368169984713,
    "keep going": 0.0,
    "accelerate": -0.15252909903919734
  },
  "('Z3', 'Z4', 'low', 'cooldown', 'Z1', 'Z1', 'downhill')": {
    "slow down": -0.03469498563722138,
    "keep going": -0.2877898841999441,
    "accelerate": 0.0
  },
  "('Z3', 'Z2', 'low', 'cooldown', 'Z1', 'Z1', 'flat')": {
    "slow down": 18.724080286345675,
    "keep going": 0.0,
    "accelerate": 0.0
  },
  "('Z3', 'Z1', 'low', 'cooldown', 'Z1', 'Z1', 'flat')": {
    "slow down": 9.6424696440538,
    "keep going": 0.0,
    "accelerate": 0.0
  },
  "('Z2', 'Z1', 'low', 'warmup', 'Z1', 'Z1', 'downhill')": {
    "slow down": 39.568856387359276,
    "keep going": 0.0,
    "accelerate": 5.654467584505447
  },
  "('Z2', 'Z2', 'low', 'warmup', 'Z1', 'Z1', 'downhill')": {
    "slow down": 46.574187948899315,
    "keep going": 6.573830139846283,
    "accelerate": 3.737521451557391
  },
  "('Z2', 'Z2', 'low', 'warmup', 'Z1', 'Z1', 'uphill')": {
    "slow down": 47.307113776135765,
    "keep going": 4.239418262957193,
    "accelerate": 0.0
  },
  "('Z2', 'Z2', 'low', 'cooldown', 'Z1', 'Z1', 'downhill')": {
    "slow down": 47.98997482958131,
    "keep going": 12.44977888386784,
    "accelerate": 19.84348573202477
  },
  "('Z2', 'Z3', 'low', 'warmup', 'Z1', 'Z1', 'downhill')": {
    "slow down": 29.116031206883626,
    "keep going": 0.0,
    "accelerate": 0.0
  },
  "('Z2', 'Z1', 'low', 'warmup', 'Z1', 'Z1', 'uphill')": {
    "slow down": 34.370992588391985,
    "keep going": 0.0,
    "accelerate": 4.595272987621149
  },
  "('Z2', 'Z3', 'low', 'cooldown', 'Z1', 'Z1', 'uphill')": {
    "slow down": 32.797571695772824,
    "keep going": 0.0,
    "accelerate": 1.440159699539064
  },
  "('Z2', 'Z3', 'low', 'push', 'Z2', 'Z2', 'uphill')": {
    "slow down": 36.005426847102996,
    "keep going": 28.246290081893893,
    "accelerate": 23.373433228672436
  },
  "('Z2', 'Z4', 'low', 'push', 'Z2', 'Z2', 'flat')": {
    "slow down": 35.97769753295969,
    "keep going": 16.53338166102733,
    "accelerate": 1.9674326272500902
  },
  "('Z3', 'Z4', 'low', 'push', 'Z2', 'Z2', 'flat')": {
    "slow down": 37.465051171674624,
    "keep going": 15.296867710813398,
    "accelerate": 13.388600934381028
  },
  "('Z3', 'Z3', 'low', 'push', 'Z2', 'Z2', 'flat')": {
    "slow down": 36.02103220373979,
    "keep going": 32.547629360376696,
    "accelerate": 27.96170788753272
  },
  "('Z3', 'Z2', 'low', 'push', 'Z2', 'Z2', 'flat')": {
    "slow down": 16.271938737313263,
    "keep going": 37.50593946083382,
    "accelerate": 17.297258814008035
  },
  "('Z3', 'Z4', 'low', 'push', 'Z2', 'Z2', 'downhill')": {
    "slow down": 28.948988542205864,
    "keep going": 2.803399157946891,
    "accelerate": 1.7592703299276005
  },
  "('Z2', 'Z3', 'low', 'cooldown', 'Z1', 'Z1', 'downhill')": {
    "slow down": 44.22153596872947,
    "keep going": 1.926213893935425,
    "accelerate": 2.4764615229661966
  },
  "('Z3', 'Z5', 'low', 'push', 'Z2', 'Z2', 'uphill')": {
    "slow down": 0.3679980832009284,
    "keep going": 0.0,
    "accelerate": 0.0
  },
  "('Z3', 'Z1', 'low', 'push', 'Z2', 'Z2', 'flat')": {
    "slow down": 23.6774942557299,
    "keep going": 0.0,
    "accelerate": 9.65711050963209
  },
  "('Z3', 'Z4', 'low', 'push', 'Z2', 'Z2', 'uphill')": {
    "slow down": 0.0,
    "keep going": 23.549585642549996,
    "accelerate": 0.0
  },
  "('Z3', 'Z5', 'low', 'push', 'Z2', 'Z2', 'flat')": {
    "slow down": 25.10116992665982,
    "keep going": -0.3094312322883457,
    "accelerate": 0.0
  },
  "('Z3', 'Z1', 'low', 'push', 'Z2', 'Z2', 'uphill')": {
    "slow down": 17.136147911836392,
    "keep going": 0.0,
    "accelerate": 0.0
  },
  "('Z2', 'Z4', 'low', 'push', 'Z2', 'Z2', 'downhill')": {
    "slow down": 23.40554573117649,
    "keep going": 5.545556434995117,
    "accelerate": 0.0
  },
  "('Z3', 'Z3', 'low', 'push', 'Z2', 'Z2', 'uphill')": {
    "slow down": 36.811526339618496,
    "keep going": 24.32941322596395,
    "accelerate": 21.85561080579437
  },
  "('Z3', 'Z2', 'low', 'push', 'Z2', 'Z2', 'downhill')": {
    "slow down": 32.71920272626852,
    "keep going": 7.075355595318667,
    "accelerate": 5.824967306152898
  },
  "('Z3', 'Z5', 'low', 'cooldown', 'Z1', 'Z1', 'flat')": {
    "slow down": -0.026719197988211957,
    "keep going": -0.25381147209644767,
    "accelerate": -0.2741633788704168
  },
  "('Z4', 'Z5', 'low', 'cooldown', 'Z1', 'Z1', 'flat')": {
    "slow down": -0.18777415356979182,
    "keep going": 0.0,
    "accelerate": 0.0
  },
  "('Z4', 'Z4', 'low', 'cooldown', 'Z1', 'Z1', 'flat')": {
    "slow down": 0.0,
    "keep going": -0.37287806303683746,
    "accelerate": 0.0
  },
  "('Z4', 'Z4', 'low', 'cooldown', 'Z1', 'Z1', 'downhill')": {
    "slow down": -0.11026363331160755,
    "keep going": 0.0,
    "accelerate": 0.0
  },
  "('Z4', 'Z3', 'low', 'cooldown', 'Z1', 'Z1', 'flat')": {
    "slow down": 0.01963174003881729,
    "keep going": 0.0,
    "accelerate": 0.0
  },
  "('Z3', 'Z3', 'low', 'push', 'Z2', 'Z2', 'downhill')": {
    "slow down": 36.28391693025751,
    "keep going": 14.641739694596117,
    "accelerate": 21.728723717308423
  },
  "('Z2', 'Z4', 'low', 'warmup', 'Z1', 'Z1', 'flat')": {
    "slow down": 6.346079352427052,
    "keep going": 0.0,
    "accelerate": 0.0
  },
  "('Z3', 'Z2', 'low', 'push', 'Z2', 'Z2', 'uphill')": {
    "slow down": 33.40289629624411,
    "keep going": 7.110405036256933,
    "accelerate": 8.065579739563647
  },
  "('Z3', 'Z5', 'low', 'push', 'Z2', 'Z2', 'downhill')": {
    "slow down": 2.4865596095199916,
    "keep going": 0.0,
    "accelerate": 0.0
  },
  "('Z3', 'Z3', 'low', 'cooldown', 'Z1', 'Z1', 'downhill')": {
    "slow down": 37.886370897939145,
    "keep going": 0.0,
    "accelerate": -0.1633365007476764
  },
  "('Z2', 'Z4', 'low', 'cooldown', 'Z1', 'Z1', 'downhill')": {
    "slow down": 8.101714300767156,
    "keep going": -0.03416256595720164,
    "accelerate": -0.29561856431747996
  },
  "('Z2', 'Z4', 'low', 'push', 'Z2', 'Z2', 'uphill')": {
    "slow down": 27.875988239697847,
    "keep going": 0.0,
    "accelerate": 2.3330346962771187
  },
  "('Z4', 'Z5', 'low', 'push', 'Z2', 'Z2', 'downhill')": {
    "slow down": -0.2585964610234095,
    "keep going": 0.0,
    "accelerate": 0.0
  },
  "('Z4', 'Z4', 'low', 'push', 'Z2', 'Z2', 'flat')": {
    "slow down": 8.409506003118596,
    "keep going": -0.08368965517299413,
    "accelerate": -0.14579183105478197
  },
  "('Z4', 'Z3', 'low', 'push', 'Z2', 'Z2', 'flat')": {
    "slow down": 5.627498994361275,
    "keep going": 0.0,
    "accelerate": 0.0
  },
  "('Z3', 'Z2', 'low', 'cooldown', 'Z1', 'Z1', 'downhill')": {
    "slow down": 4.572557057267959,
    "keep going": 0.0,
    "accelerate": 0.0
  },
  "('Z3', 'Z1', 'low', 'cooldown', 'Z1', 'Z1', 'uphill')": {
    "slow down": 4.532067790847065,
    "keep going": 0.0,
    "accelerate": 0.0
  },
  "('Z4', 'Z5', 'low', 'push', 'Z2', 'Z2', 'flat')": {
    "slow down": -0.07256152661162839,
    "keep going": 0.0,
    "accelerate": 0.0
  },
  "('Z4', 'Z4', 'low', 'push', 'Z2', 'Z2', 'uphill')": {
    "slow down": 2.599439306619727,
    "keep going": 0.0,
    "accelerate": 0.0
  }
}