{
  "('Z1', 'Z1', 'low', 'warmup', 'Z1', 'Z1', 'flat')": {
    "slow down": 45.579724847334205,
    "keep going": 43.2933915830088,
    "accelerate": 44.52826108497
  },
  "('Z1', 'Z1', 'low', 'warmup', 'Z1', 'Z1', 'downhill')": {
    "slow down": 44.668844344334275,
    "keep going": 46.818944273849965,
    "accelerate": 42.030151119877
  },
  "('Z1', 'Z2', 'low', 'warmup', 'Z1', 'Z1', 'flat')": {
    "slow down": 38.84786614316598,
    "keep going": 44.97788538138408,
    "accelerate": 34.64765323181851
  },
  "('Z2', 'Z2', 'low', 'warmup', 'Z1', 'Z1', 'flat')": {
    "slow down": 47.034789620622966,
    "keep going": 32.897588362584415,
    "accelerate": 33.571702158145264
  },
  "('Z1', 'Z1', 'low', 'warmup', 'Z1', 'Z1', 'uphill')": {
    "slow down": 44.9186998557572,
    "keep going": 46.821425080810066,
    "accelerate": 41.95456617094582
  },
  "('Z1', 'Z2', 'low', 'warmup', 'Z1', 'Z1', 'uphill')": {
    "slow down": 48.312947641164975,
    "keep going": 33.270522590129175,
    "accelerate": 26.950582419904315
  },
  "('Z1', 'Z2', 'low', 'warmup', 'Z1', 'Z1', 'downhill')": {
    "slow down": 48.13602723949282,
    "keep going": 40.719010150869366,
    "accelerate": 32.731009869336425
  },
  "('Z2', 'Z3', 'low', 'warmup', 'Z1', 'Z1', 'flat')": {
    "slow down": 38.54939596854922,
    "keep going": 21.83337496313364,
    "accelerate": 6.317975263382856
  },
  "('Z2', 'Z1', 'low', 'warmup', 'Z1', 'Z1', 'flat')": {
    "slow down": 37.86642468414299,
    "keep going": 41.599505116434266,
    "accelerate": 29.413133421387577
  },
  "('Z2', 'Z2', 'low', 'warmup', 'Z1', 'Z1', 'downhill')": {
    "slow down": 43.1081809415372,
    "keep going": 22.55316648246009,
    "accelerate": 23.420627558295955
  },
  "('Z1', 'Z1', 'low', 'push', 'Z3', 'Z3', 'flat')": {
    "slow down": 9.634107010644321,
    "keep going": 3.182487935159294,
    "accelerate": 16.182559029415657
  },
  "('Z1', 'Z2', 'low', 'push', 'Z3', 'Z3', 'flat')": {
    "slow down": -31.751209564066947,
    "keep going": 15.42786518261647,
    "accelerate": -35.06424611920205
  },
  "('Z2', 'Z2', 'low', 'push', 'Z3', 'Z3', 'flat')": {
    "slow down": 12.403323935537816,
    "keep going": 0.21882647459549598,
    "accelerate": -26.099696763402747
  },
  "('Z2', 'Z2', 'low', 'push', 'Z3', 'Z3', 'downhill')": {
    "slow down": -26.93903530353059,
    "keep going": 14.013073351112137,
    "accelerate": -29.39847252896392
  },
  "('Z2', 'Z1', 'low', 'push', 'Z3', 'Z3', 'flat')": {
    "slow down": -33.16184577698253,
    "keep going": -27.019220742925118,
    "accelerate": 15.232224087898992
  },
  "('Z2', 'Z3', 'low', 'push', 'Z3', 'Z3', 'flat')": {
    "slow down": -50.997361439923395,
    "keep going": -17.22476406496728,
    "accelerate": -51.752212515556295
  },
  "('Z2', 'Z2', 'low', 'push', 'Z3', 'Z3', 'uphill')": {
    "slow down": 13.48101786548493,
    "keep going": -24.839493943980695,
    "accelerate": -38.06417492360407
  },
  "('Z2', 'Z1', 'low', 'push', 'Z3', 'Z3', 'downhill')": {
    "slow down": -57.197933072925665,
    "keep going": 14.215710849263,
    "accelerate": -54.76324829909268
  },
  "('Z2', 'Z4', 'low', 'push', 'Z3', 'Z3', 'flat')": {
    "slow down": -52.46095880194324,
    "keep going": -68.70235480117138,
    "accelerate": -68.7380557195766
  },
  "('Z3', 'Z3', 'low', 'push', 'Z3', 'Z3', 'flat')": {
    "slow down": -2.3111615864590345,
    "keep going": -55.071310125567244,
    "accelerate": -59.98416080023012
  },
  "('Z2', 'Z1', 'low', 'push', 'Z3', 'Z3', 'uphill')": {
    "slow down": -62.232837573338045,
    "keep going": 13.607157802269551,
    "accelerate": -66.69332377990322
  },
  "('Z2', 'Z3', 'low', 'push', 'Z3', 'Z3', 'uphill')": {
    "slow down": -17.516966355456706,
    "keep going": -63.01596923767177,
    "accelerate": -63.482007140022596
  },
  "('Z2', 'Z3', 'low', 'push', 'Z3', 'Z3', 'downhill')": {
    "slow down": -14.743748416099699,
    "keep going": -64.83480676931146,
    "accelerate": -64.20024931858894
  },
  "('Z3', 'Z4', 'low', 'push', 'Z3', 'Z3', 'flat')": {
    "slow down": -77.96361780619416,
    "keep going": -36.075600141733844,
    "accelerate": -77.95883104753891
  },
  "('Z2', 'Z2', 'low', 'push', 'Z4', 'Z4', 'flat')": {
    "slow down": -33.07217996838266,
    "keep going": -19.659599518280583,
    "accelerate": 3.4101849142345593
  },
  "('Z2', 'Z1', 'low', 'push', 'Z4', 'Z4', 'uphill')": {
    "slow down": -55.60211048511524,
    "keep going": -55.7318555585204,
    "accelerate": -27.373446084151695
  },
  "('Z2', 'Z1', 'low', 'push', 'Z4', 'Z4', 'flat')": {
    "slow down": -64.19295397894754,
    "keep going": -58.25459231223635,
    "accelerate": -4.794806532060723
  },
  "('Z1', 'Z1', 'low', 'push', 'Z4', 'Z4', 'flat')": {
    "slow down": -61.415405732685706,
    "keep going": -61.312181162935765,
    "accelerate": -20.04485097500493
  },
  "('Z1', 'Z1', 'low', 'push', 'Z4', 'Z4', 'uphill')": {
    "slow down": -47.388339471230985,
    "keep going": -41.09341326875198,
    "accelerate": -47.52832985491187
  },
  "('Z1', 'Z2', 'low', 'push', 'Z4', 'Z4', 'flat')": {
    "slow down": -45.8309338734737,
    "keep going": -9.571618483579336,
    "accelerate": -55.430919586614586
  },
  "('Z2', 'Z3', 'low', 'push', 'Z4', 'Z4', 'flat')": {
    "slow down": -36.97089841212467,
    "keep going": -2.1127365007398726,
    "accelerate": -40.47808591598588
  },
  "('Z2', 'Z3', 'low', 'push', 'Z4', 'Z4', 'uphill')": {
    "slow down": -7.712007528688032,
    "keep going": -47.769018247159906,
    "accelerate": -51.91003786290832
  },
  "('Z3', 'Z3', 'low', 'push', 'Z4', 'Z4', 'flat')": {
    "slow down": 6.374966934310553,
    "keep going": -27.83483394440426,
    "accelerate": -40.47885098113546
  },
  "('Z3', 'Z4', 'low', 'push', 'Z4', 'Z4', 'flat')": {
    "slow down": -47.51333472448727,
    "keep going": -46.681832705217104,
    "accelerate": -38.94238641343284
  },
  "('Z4', 'Z4', 'low', 'push', 'Z4', 'Z4', 'flat')": {
    "slow down": -47.06075048960561,
    "keep going": -63.44310407355795,
    "accelerate": -33.48071458171983
  },
  "('Z4', 'Z5', 'low', 'push', 'Z4', 'Z4', 'flat')": {
    "slow down": -32.999431169472885,
    "keep going": -67.08788678846491,
    "accelerate": -60.683730908460156
  },
  "('Z4', 'Z4', 'low', 'push', 'Z4', 'Z4', 'uphill')": {
    "slow down": -35.246085519898735,
    "keep going": -67.59025218050648,
    "accelerate": -67.18192831855832
  },
  "('Z4', 'Z3', 'low', 'push', 'Z4', 'Z4', 'flat')": {
    "slow down": -29.0483686747337,
    "keep going": -72.38238237393806,
    "accelerate": -61.052440677886615
  },
  "('Z3', 'Z2', 'low', 'push', 'Z4', 'Z4', 'flat')": {
    "slow down": -34.48284864416493,
    "keep going": -45.28374465402803,
    "accelerate": 4.2303798289041925
  },
  "('Z3', 'Z1', 'low', 'push', 'Z4', 'Z4', 'downhill')": {
    "slow down": -51.81601012467093,
    "keep going": -52.43217203904,
    "accelerate": -37.626470274263745
  },
  "('Z3', 'Z1', 'low', 'push', 'Z4', 'Z4', 'flat')": {
    "slow down": -59.58327958534978,
    "keep going": -42.19527582615743,
    "accelerate": -65.23640401624195
  },
  "('Z4', 'Z4', 'low', 'push', 'Z4', 'Z4', 'downhill')": {
    "slow down": -35.29915363691811,
    "keep going": -69.6630810446307,
    "accelerate": -69.59020423704439
  },
  "('Z4', 'Z5', 'low', 'push', 'Z4', 'Z4', 'uphill')": {
    "slow down": -67.36299050644469,
    "keep going": -39.94541161979215,
    "accelerate": -67.39108824137685
  },
  "('Z4', 'Z3', 'low', 'push', 'Z4', 'Z4', 'uphill')": {
    "slow down": -32.716615110947096,
    "keep going": -59.51282129884408,
    "accelerate": -59.67377619780061
  },
  "('Z3', 'Z3', 'low', 'push', 'Z4', 'Z4', 'uphill')": {
    "slow down": -38.67288010539744,
    "keep going": 2.664001999830797,
    "accelerate": -39.50881552466605
  },
  "('Z2', 'Z4', 'low', 'push', 'Z4', 'Z4', 'flat')": {
    "slow down": -1.8317055074785498,
    "keep going": -49.77941562989708,
    "accelerate": -52.7959862530661
  },
  "('Z3', 'Z4', 'low', 'push', 'Z4', 'Z4', 'uphill')": {
    "slow down": -31.715052610237553,
    "keep going": -57.74363806908568,
    "accelerate": -59.28842815985607
  },
  "('Z3', 'Z5', 'low', 'push', 'Z4', 'Z4', 'flat')": {
    "slow down": -56.5724155214051,
    "keep going": -61.08166868111859,
    "accelerate": -37.305269651491514
  },
  "('Z4', 'Z4', 'low', 'push', 'Z3', 'Z3', 'flat')": {
    "slow down": -43.876422033333256,
    "keep going": -77.84963097108073,
    "accelerate": -77.91748779517461
  },
  "('Z3', 'Z2', 'low', 'push', 'Z3', 'Z3', 'flat')": {
    "slow down": 6.102851740960915,
    "keep going": -64.16500597761433,
    "accelerate": -67.52665848504714
  },
  "('Z3', 'Z1', 'low', 'push', 'Z3', 'Z3', 'flat')": {
    "slow down": -74.64787708024019,
    "keep going": -14.515547486421571,
    "accelerate": -74.73633791743795
  },
  "('Z3', 'Z3', 'low', 'push', 'Z3', 'Z3', 'downhill')": {
    "slow down": -64.02815347035114,
    "keep going": -35.323725301683794,
    "accelerate": -71.70982120111329
  },
  "('Z4', 'Z5', 'low', 'push', 'Z3', 'Z3', 'flat')": {
    "slow down": -71.13498660813927,
    "keep going": -77.25350727084181,
    "accelerate": -77.0819715547728
  },
  "('Z4', 'Z3', 'low', 'push', 'Z3', 'Z3', 'flat')": {
    "slow down": -54.32122413934891,
    "keep going": -76.46788699927926,
    "accelerate": -76.40536560553204
  },
  "('Z4', 'Z2', 'low', 'push', 'Z3', 'Z3', 'flat')": {
    "slow down": -59.43140742741542,
    "keep going": -70.28508449495331,
    "accelerate": -70.67879423533402
  },
  "('Z3', 'Z1', 'low', 'push', 'Z3', 'Z3', 'downhill')": {
    "slow down": -55.98586887703916,
    "keep going": -59.93949353964947,
    "accelerate": -59.31070317829169
  },
  "('Z3', 'Z4', 'low', 'push', 'Z3', 'Z3', 'uphill')": {
    "slow down": -13.095670370617146,
    "keep going": -65.39710924189671,
    "accelerate": -72.08508512150792
  },
  "('Z3', 'Z5', 'low', 'push', 'Z3', 'Z3', 'flat')": {
    "slow down": -69.66538729135178,
    "keep going": -75.20362678649647,
    "accelerate": -75.3100275552499
  },
  "('Z4', 'Z5', 'low', 'push', 'Z3', 'Z3', 'uphill')": {
    "slow down": -68.8545029979788,
    "keep going": -68.51655397260438,
    "accelerate": -68.05839192804937
  },
  "('Z4', 'Z3', 'low', 'push', 'Z3', 'Z3', 'downhill')": {
    "slow down": -56.95197455062135,
    "keep going": -67.34120464661956,
    "accelerate": -68.06586049516316
  },
  "('Z3', 'Z1', 'low', 'push', 'Z3', 'Z3', 'uphill')": {
    "slow down": -57.55795965594997,
    "keep going": -59.36920093551751,
    "accelerate": -42.58587930435567
  },
  "('Z2', 'Z4', 'low', 'push', 'Z3', 'Z3', 'downhill')": {
    "slow down": -47.367404898856456,
    "keep going": -50.72047622678577,
    "accelerate": -48.87409090249299
  },
  "('Z2', 'Z4', 'low', 'push', 'Z3', 'Z3', 'uphill')": {
    "slow down": -41.43088949029914,
    "keep going": -46.64014751302578,
    "accelerate": -48.56059586372988
  },
  "('Z5', 'Z5', 'low', 'push', 'Z3', 'Z3', 'uphill')": {
    "slow down": -54.86931443939979,
    "keep going": -55.34090537837194,
    "accelerate": -53.745561315585356
  },
  "('Z4', 'Z4', 'low', 'push', 'Z3', 'Z3', 'downhill')": {
    "slow down": -72.60363856559184,
    "keep going": -66.56777506738663,
    "accelerate": -72.62284964916188
  },
  "('Z4', 'Z4', 'low', 'push', 'Z3', 'Z3', 'uphill')": {
    "slow down": -72.84660331087466,
    "keep going": -72.85780308260794,
    "accelerate": -72.4072741235065
  },
  "('Z3', 'Z2', 'low', 'push', 'Z3', 'Z3', 'uphill')": {
    "slow down": -12.973735558300689,
    "keep going": -68.74496011301096,
    "accelerate": -63.336135475823795
  },
  "('Z3', 'Z3', 'low', 'push', 'Z3', 'Z3', 'uphill')": {
    "slow down": -72.41571656881084,
    "keep going": -28.158723234595257,
    "accelerate": -67.82259261864255
  },
  "('Z3', 'Z4', 'low', 'push', 'Z3', 'Z3', 'downhill')": {
    "slow down": -44.40402882033351,
    "keep going": -69.40267824197056,
    "accelerate": -73.65217110551274
  },
  "('Z3', 'Z5', 'low', 'push', 'Z3', 'Z3', 'uphill')": {
    "slow down": -60.88919907976111,
    "keep going": -60.514992708485146,
    "accelerate": -60.19390153337024
  },
  "('Z4', 'Z3', 'low', 'push', 'Z3', 'Z3', 'uphill')": {
    "slow down": -66.257664171259,
    "keep going": -69.17199320850011,
    "accelerate": -69.236287150448
  },
  "('Z4', 'Z5', 'low', 'push', 'Z4', 'Z4', 'downhill')": {
    "slow down": -67.19072150214703,
    "keep going": -37.38049699276033,
    "accelerate": -64.43470471038698
  },
  "('Z5', 'Z5', 'low', 'push', 'Z4', 'Z4', 'flat')": {
    "slow down": -38.50839128466152,
    "keep going": -70.56710961482268,
    "accelerate": -71.59940307251348
  },
  "('Z5', 'Z5', 'low', 'push', 'Z4', 'Z4', 'downhill')": {
    "slow down": -63.620429050441814,
    "keep going": -62.72788699035794,
    "accelerate": -58.90533043560215
  },
  "('Z5', 'Z4', 'low', 'push', 'Z4', 'Z4', 'flat')": {
    "slow down": -65.27586893165967,
    "keep going": -69.47843335789925,
    "accelerate": -68.30245796262523
  },
  "('Z3', 'Z2', 'low', 'push', 'Z4', 'Z4', 'downhill')": {
    "slow down": -62.90679476896193,
    "keep going": -61.268614034858594,
    "accelerate": -6.158241390910612
  },
  "('Z1', 'Z2', 'low', 'push', 'Z4', 'Z4', 'downhill')": {
    "slow down": -41.62646350906142,
    "keep going": -14.922859694275354,
    "accelerate": -42.16762112008981
  },
  "('Z2', 'Z3', 'low', 'push', 'Z4', 'Z4', 'downhill')": {
    "slow down": -51.73768776663599,
    "keep going": -53.645263225466564,
    "accelerate": -15.911819553003065
  },
  "('Z2', 'Z2', 'low', 'push', 'Z4', 'Z4', 'uphill')": {
    "slow down": -50.87020469422791,
    "keep going": 2.307733302485426,
    "accelerate": -35.09465883789909
  },
  "('Z4', 'Z2', 'low', 'push', 'Z4', 'Z4', 'flat')": {
    "slow down": -68.28821184752512,
    "keep going": -68.41052049064463,
    "accelerate": -28.10275065170784
  },
  "('Z2', 'Z1', 'low', 'push', 'Z4', 'Z4', 'downhill')": {
    "slow down": -30.663979460404057,
    "keep going": -59.84594170895683,
    "accelerate": -59.78013706186223
  },
  "('Z3', 'Z2', 'low', 'push', 'Z4', 'Z4', 'uphill')": {
    "slow down": -56.40744124211919,
    "keep going": -10.183728877914891,
    "accelerate": -59.06268110693882
  },
  "('Z4', 'Z2', 'low', 'push', 'Z3', 'Z3', 'downhill')": {
    "slow down": -31.29556194287131,
    "keep going": -33.72297581147386,
    "accelerate": -31.959191940723773
  },
  "('Z4', 'Z5', 'low', 'push', 'Z3', 'Z3', 'downhill')": {
    "slow down": -66.43354386080465,
    "keep going": -66.92524902411719,
    "accelerate": -67.42902420038715
  },
  "('Z5', 'Z5', 'low', 'push', 'Z3', 'Z3', 'flat')": {
    "slow down": -70.69768312171358,
    "keep going": -70.24246054042302,
    "accelerate": -70.70211876522282
  },
  "('Z5', 'Z4', 'low', 'push', 'Z3', 'Z3', 'flat')": {
    "slow down": -64.07935750149953,
    "keep going": -65.00635914989992,
    "accelerate": -64.63619518279722
  },
  "('Z5', 'Z5', 'low', 'push', 'Z3', 'Z3', 'downhill')": {
    "slow down": -54.95493678288563,
    "keep going": -54.65881962361244,
    "accelerate": -55.27711479499974
  },
  "('Z3', 'Z2', 'low', 'push', 'Z3', 'Z3', 'downhill')": {
    "slow down": -69.26428444813034,
    "keep going": -69.58500613768024,
    "accelerate": -42.54149877288982
  },
  "('Z3', 'Z3', 'low', 'push', 'Z4', 'Z4', 'downhill')": {
    "slow down": -47.66913250080634,
    "keep going": 2.585610945609802,
    "accelerate": -60.66346587204018
  },
  "('Z3', 'Z5', 'low', 'push', 'Z4', 'Z4', 'downhill')": {
    "slow down": -29.666885307004833,
    "keep going": -44.40230189555896,
    "accelerate": -45.29526031034353
  },
  "('Z3', 'Z4', 'low', 'push', 'Z4', 'Z4', 'downhill')": {
    "slow down": -58.889308129619444,
    "keep going": -40.18241041842671,
    "accelerate": -58.86324384639438
  },
  "('Z4', 'Z3', 'low', 'push', 'Z4', 'Z4', 'downhill')": {
    "slow down": -54.53964202711583,
    "keep going": -61.546063082094385,
    "accelerate": -38.92320646158625
  },
  "('Z3', 'Z2', 'low', 'recover', 'Z2', 'Z2', 'uphill')": {
    "slow down": 4.099557904425808,
    "keep going": 38.326299967930126,
    "accelerate": 5.809239026502893
  },
  "('Z3', 'Z1', 'low', 'recover', 'Z2', 'Z2', 'flat')": {
    "slow down": -0.47762034034953055,
    "keep going": 6.258014040662282,
    "accelerate": 38.492742961590146
  },
  "('Z2', 'Z1', 'low', 'recover', 'Z2', 'Z2', 'flat')": {
    "slow down": 45.40590788528081,
    "keep going": 45.046629577633226,
    "accelerate": 47.874746187729
  },
  "('Z2', 'Z2', 'low', 'recover', 'Z2', 'Z2', 'flat')": {
    "slow down": 45.860639584051455,
    "keep going": 47.33558718768975,
    "accelerate": 45.780171644432166
  },
  "('Z2', 'Z1', 'low', 'recover', 'Z2', 'Z2', 'downhill')": {
    "slow down": 45.31902960260703,
    "keep going": 21.351845794769922,
    "accelerate": 15.327243279536095
  },
  "('Z1', 'Z1', 'low', 'recover', 'Z2', 'Z2', 'flat')": {
    "slow down": 35.97812943021827,
    "keep going": 34.64194051287744,
    "accelerate": 45.42426412261013
  },
  "('Z1', 'Z1', 'low', 'recover', 'Z2', 'Z2', 'downhill')": {
    "slow down": 40.19424324559743,
    "keep going": 21.231484762560346,
    "accelerate": 20.759335434358263
  },
  "('Z1', 'Z2', 'low', 'recover', 'Z2', 'Z2', 'flat')": {
    "slow down": 38.09503896013802,
    "keep going": 45.86814311082942,
    "accelerate": 36.88925023101896
  },
  "('Z1', 'Z1', 'low', 'recover', 'Z2', 'Z2', 'uphill')": {
    "slow down": 44.10512352228255,
    "keep going": 16.669056941344444,
    "accelerate": 19.067484646821498
  },
  "('Z1', 'Z2', 'low', 'recover', 'Z2', 'Z2', 'uphill')": {
    "slow down": 43.49804774794422,
    "keep going": 0.0,
    "accelerate": 13.160510252422558
  },
  "('Z1', 'Z2', 'low', 'recover', 'Z2', 'Z2', 'downhill')": {
    "slow down": 32.41298452440585,
    "keep going": 12.435355856438754,
    "accelerate": 3.820316771336341
  },
  "('Z2', 'Z3', 'low', 'recover', 'Z2', 'Z2', 'flat')": {
    "slow down": 48.26842739337988,
    "keep going": 45.47404976699312,
    "accelerate": 26.63727426663834
  },
  "('Z2', 'Z4', 'low', 'recover', 'Z2', 'Z2', 'uphill')": {
    "slow down": 14.662181398414242,
    "keep going": 0.0,
    "accelerate": 0.0
  },
  "('Z2', 'Z3', 'low', 'recover', 'Z2', 'Z2', 'uphill')": {
    "slow down": 47.10438871578557,
    "keep going": 21.100875618667185,
    "accelerate": 3.7118691891861957
  },
  "('Z2', 'Z2', 'low', 'recover', 'Z2', 'Z2', 'uphill')": {
    "slow down": 45.75803996127773,
    "keep going": 47.47294832534823,
    "accelerate": 46.021001402002746
  },
  "('Z2', 'Z4', 'low', 'recover', 'Z2', 'Z2', 'flat')": {
    "slow down": 23.301231660382257,
    "keep going": -0.00904435584973873,
    "accelerate": -0.2192192551950113
  },
  "('Z3', 'Z3', 'low', 'recover', 'Z2', 'Z2', 'uphill')": {
    "slow down": 35.640709575128454,
    "keep going": 3.787457029138611,
    "accelerate": 6.35256103213802
  },
  "('Z3', 'Z4', 'low', 'recover', 'Z2', 'Z2', 'flat')": {
    "slow down": 37.08973570323387,
    "keep going": 7.638883991795061,
    "accelerate": -0.4076721789774994
  },
  "('Z3', 'Z3', 'low', 'recover', 'Z2', 'Z2', 'flat')": {
    "slow down": 43.22099074296745,
    "keep going": 12.319558488080581,
    "accelerate": 4.593941896887472
  },
  "('Z3', 'Z2', 'low', 'recover', 'Z2', 'Z2', 'flat')": {
    "slow down": 40.5250193086744,
    "keep going": 15.453170200764482,
    "accelerate": 10.350797550623286
  },
  "('Z2', 'Z2', 'low', 'recover', 'Z2', 'Z2', 'downhill')": {
    "slow down": 46.02453884964781,
    "keep going": 47.462415746534134,
    "accelerate": 46.2360658556569
  },
  "('Z1', 'Z1', 'low', 'cooldown', 'Z1', 'Z1', 'flat')": {
    "slow down": 47.931919087824404,
    "keep going": 47.95101803113026,
    "accelerate": 47.51462050260986
  },
  "('Z1', 'Z2', 'low', 'cooldown', 'Z1', 'Z1', 'flat')": {
    "slow down": 49.45767256401722,
    "keep going": 48.25844441929681,
    "accelerate": 42.13970651606238
  },
  "('Z1', 'Z1', 'low', 'cooldown', 'Z1', 'Z1', 'uphill')": {
    "slow down": 47.87229476753058,
    "keep going": 47.986213999873065,
    "accelerate": 47.87814279954151
  },
  "('Z1', 'Z1', 'low', 'cooldown', 'Z1', 'Z1', 'downhill')": {
    "slow down": 47.85783458348768,
    "keep going": 47.992531145604886,
    "accelerate": 47.68529083216737
  },
  "('Z2', 'Z3', 'low', 'cooldown', 'Z1', 'Z1', 'flat')": {
    "slow down": 45.549817973851546,
    "keep going": 31.209554509552568,
    "accelerate": 8.24650046943584
  },
  "('Z2', 'Z2', 'low', 'cooldown', 'Z1', 'Z1', 'flat')": {
    "slow down": 47.12846281067511,
    "keep going": 42.94035103159648,
    "accelerate": 40.08700711457808
  },
  "('Z2', 'Z1', 'low', 'cooldown', 'Z1', 'Z1', 'flat')": {
    "slow down": 47.975586987634514,
    "keep going": 47.2067949727575,
    "accelerate": 44.530916409614775
  },
  "('Z1', 'Z2', 'low', 'cooldown', 'Z1', 'Z1', 'uphill')": {
    "slow down": 49.40279428957561,
    "keep going": 44.830437369656835,
    "accelerate": 36.39645917163623
  },
  "('Z2', 'Z4', 'low', 'cooldown', 'Z1', 'Z1', 'flat')": {
    "slow down": 24.37722029379236,
    "keep going": -0.27820016282384347,
    "accelerate": -0.527893574510061
  },
  "('Z1', 'Z2', 'low', 'cooldown', 'Z1', 'Z1', 'downhill')": {
    "slow down": 49.462730694909624,
    "keep going": 39.83271250654766,
    "accelerate": 33.351420331538684
  },
  "('Z2', 'Z3', 'low', 'cooldown', 'Z1', 'Z1', 'downhill')": {
    "slow down": 43.41904013241275,
    "keep going": 0.0,
    "accelerate": 0.0
  },
  "('Z2', 'Z2', 'low', 'cooldown', 'Z1', 'Z1', 'downhill')": {
    "slow down": 40.06514718026165,
    "keep going": 0.0,
    "accelerate": 0.0
  },
  "('Z2', 'Z1', 'low', 'cooldown', 'Z1', 'Z1', 'uphill')": {
    "slow down": 45.25768662387798,
    "keep going": 8.658362304713796,
    "accelerate": 0.0
  },
  "('Z2', 'Z3', 'low', 'cooldown', 'Z1', 'Z1', 'uphill')": {
    "slow down": 44.22105473571021,
    "keep going": 0.0,
    "accelerate": 0.0
  },
  "('Z2', 'Z2', 'low', 'cooldown', 'Z1', 'Z1', 'uphill')": {
    "slow down": 46.63265143500838,
    "keep going": 15.493925522759147,
    "accelerate": 7.976719519124339
  },
  "('Z2', 'Z3', 'low', 'warmup', 'Z1', 'Z1', 'uphill')": {
    "slow down": 42.832978896647425,
    "keep going": 0.0,
    "accelerate": 0.16727632374801837
  },
  "('Z2', 'Z2', 'low', 'warmup', 'Z1', 'Z1', 'uphill')": {
    "slow down": 42.760030777669556,
    "keep going": 29.763878401730825,
    "accelerate": 7.703820510805903
  },
  "('Z1', 'Z1', 'low', 'push', 'Z3', 'Z3', 'downhill')": {
    "slow down": 13.995989058777818,
    "keep going": -34.80463879249897,
    "accelerate": -14.025266882841763
  },
  "('Z1', 'Z1', 'low', 'push', 'Z3', 'Z3', 'uphill')": {
    "slow down": -25.759459731153214,
    "keep going": -17.621259885470778,
    "accelerate": 15.601188080347702
  },
  "('Z4', 'Z2', 'low', 'push', 'Z3', 'Z3', 'uphill')": {
    "slow down": -31.677848599547588,
    "keep going": -33.72793102685147,
    "accelerate": -31.76583337546227
  },
  "('Z1', 'Z1', 'low', 'push', 'Z4', 'Z4', 'downhill')": {
    "slow down": -51.02938143360405,
    "keep going": -45.431880973330706,
    "accelerate": -50.822202831985315
  },
  "('Z5', 'Z4', 'low', 'push', 'Z4', 'Z4', 'downhill')": {
    "slow down": -27.38956910910132,
    "keep going": -29.854453677747667,
    "accelerate": -30.559172265874082
  },
  "('Z5', 'Z4', 'low', 'push', 'Z3', 'Z3', 'uphill')": {
    "slow down": -32.751934559152936,
    "keep going": -29.889118909366818,
    "accelerate": -29.909113884296264
  },
  "('Z1', 'Z2', 'low', 'push', 'Z3', 'Z3', 'uphill')": {
    "slow down": 9.805267680597236,
    "keep going": -34.31331576618119,
    "accelerate": -45.356793964376216
  },
  "('Z2', 'Z2', 'low', 'push', 'Z4', 'Z4', 'downhill')": {
    "slow down": -47.53281925189703,
    "keep going": -48.60188415505696,
    "accelerate": 4.013420402396518
  },
  "('Z3', 'Z5', 'low', 'push', 'Z3', 'Z3', 'downhill')": {
    "slow down": -62.80906045938268,
    "keep going": -62.119717428150224,
    "accelerate": -63.448273196656245
  },
  "('Z3', 'Z5', 'low', 'recover', 'Z2', 'Z2', 'uphill')": {
    "slow down": 1.2728656007802321,
    "keep going": -1.6708378599665616,
    "accelerate": -1.2947328030195135
  },
  "('Z4', 'Z5', 'low', 'recover', 'Z2', 'Z2', 'flat')": {
    "slow down": -0.8145386483798374,
    "keep going": -2.6175728638369296,
    "accelerate": -2.0881507228931064
  },
  "('Z4', 'Z4', 'low', 'recover', 'Z2', 'Z2', 'flat')": {
    "slow down": 20.999374935043598,
    "keep going": -1.7768253355445447,
    "accelerate": -1.8389917359361814
  },
  "('Z4', 'Z3', 'low', 'recover', 'Z2', 'Z2', 'flat')": {
    "slow down": 33.4293932026923,
    "keep going": 0.9273716213738094,
    "accelerate": -0.6218978722239227
  },
  "('Z3', 'Z2', 'low', 'recover', 'Z2', 'Z2', 'downhill')": {
    "slow down": 22.51019040645172,
    "keep going": 4.4086472375149635,
    "accelerate": 3.6290437528942974
  },
  "('Z2', 'Z3', 'low', 'recover', 'Z2', 'Z2', 'downhill')": {
    "slow down": 47.60672223082953,
    "keep going": 18.885834063151886,
    "accelerate": 15.82937514917724
  },
  "('Z2', 'Z1', 'low', 'recover', 'Z2', 'Z2', 'uphill')": {
    "slow down": 45.57555226844254,
    "keep going": 12.799572269346125,
    "accelerate": 14.775863554901077
  },
  "('Z2', 'Z1', 'low', 'cooldown', 'Z1', 'Z1', 'downhill')": {
    "slow down": 44.205606653614346,
    "keep going": 0.0,
    "accelerate": 4.186309048045632
  },
  "('Z3', 'Z4', 'low', 'cooldown', 'Z1', 'Z1', 'flat')": {
    "slow down": -0.16591968334449028,
    "keep going": -0.24281884504300866,
    "accelerate": -0.2903010237635903
  },
  "('Z3', 'Z3', 'low', 'cooldown', 'Z1', 'Z1', 'flat')": {
    "slow down": 4.589948934163496,
    "keep going": -0.05193681294917971,
    "accelerate": -0.1717006356795202
  },
  "('Z3', 'Z2', 'low', 'cooldown', 'Z1', 'Z1', 'flat')": {
    "slow down": 13.252880234729322,
    "keep going": 0.0,
    "accelerate": -0.17321643544013987
  },
  "('Z3', 'Z2', 'low', 'cooldown', 'Z1', 'Z1', 'downhill')": {
    "slow down": 0.0,
    "keep going": 1.0911116369364469,
    "accelerate": 0.0
  },
  "('Z3', 'Z5', 'low', 'push', 'Z4', 'Z4', 'uphill')": {
    "slow down": -49.67478386394356,
    "keep going": -34.46867695653738,
    "accelerate": -47.769184319606325
  },
  "('Z5', 'Z5', 'low', 'push', 'Z4', 'Z4', 'uphill')": {
    "slow down": -50.68421320792627,
    "keep going": -62.35426651028953,
    "accelerate": -61.43051366740118
  },
  "('Z4', 'Z2', 'low', 'push', 'Z4', 'Z4', 'uphill')": {
    "slow down": -38.684557474304576,
    "keep going": -35.621096934782535,
    "accelerate": -35.67424311107369
  },
  "('Z5', 'Z4', 'low', 'push', 'Z4', 'Z4', 'uphill')": {
    "slow down": -32.007229237579416,
    "keep going": -34.53733583274489,
    "accelerate": -33.60353116728071
  },
  "('Z4', 'Z4', 'low', 'recover', 'Z2', 'Z2', 'uphill')": {
    "slow down": 32.94422425350542,
    "keep going": -1.868807882095549,
    "accelerate": -1.7379042041390977
  },
  "('Z4', 'Z2', 'low', 'recover', 'Z2', 'Z2', 'flat')": {
    "slow down": -0.23750763250408558,
    "keep going": 19.444362638328766,
    "accelerate": 3.0124338049184103
  },
  "('Z5', 'Z4', 'low', 'push', 'Z3', 'Z3', 'downhill')": {
    "slow down": -17.089914831519884,
    "keep going": -18.761401763064228,
    "accelerate": -24.771555991586165
  },
  "('Z4', 'Z5', 'low', 'recover', 'Z2', 'Z2', 'uphill')": {
    "slow down": 0.3167700119926483,
    "keep going": -2.0141871945467065,
    "accelerate": -1.943239121713338
  },
  "('Z5', 'Z5', 'low', 'recover', 'Z2', 'Z2', 'flat')": {
    "slow down": -2.806787842722924,
    "keep going": -2.819055326953369,
    "accelerate": -2.968890210665572
  },
  "('Z4', 'Z4', 'low', 'recover', 'Z2', 'Z2', 'downhill')": {
    "slow down": -0.04293740547633196,
    "keep going": 0.0,
    "accelerate": 0.0
  },
  "('Z3', 'Z1', 'low', 'recover', 'Z2', 'Z2', 'downhill')": {
    "slow down": 9.990629910923873,
    "keep going": 0.0,
    "accelerate": 0.0
  },
  "('Z1', 'Z2', 'low', 'push', 'Z4', 'Z4', 'uphill')": {
    "slow down": -20.415734278893844,
    "keep going": -43.164948268527574,
    "accelerate": -43.20380947582339
  },
  "('Z1', 'Z2', 'low', 'push', 'Z3', 'Z3', 'downhill')": {
    "slow down": -13.389415143724428,
    "keep going": -31.50586042926592,
    "accelerate": -39.62037455328991
  },
  "('Z3', 'Z1', 'low', 'push', 'Z4', 'Z4', 'uphill')": {
    "slow down": -29.04876721784582,
    "keep going": -48.80207454096115,
    "accelerate": -50.52299644623153
  },
  "('Z2', 'Z1', 'low', 'warmup', 'Z1', 'Z1', 'downhill')": {
    "slow down": 41.88842586403469,
    "keep going": 8.08665696867424,
    "accelerate": 0.0
  },
  "('Z2', 'Z4', 'low', 'push', 'Z4', 'Z4', 'downhill')": {
    "slow down": -40.98634099615454,
    "keep going": -18.72447393168281,
    "accelerate": -42.410060556229865
  },
  "('Z4', 'Z2', 'low', 'push', 'Z4', 'Z4', 'downhill')": {
    "slow down": -41.41525881429002,
    "keep going": -40.54506593964298,
    "accelerate": -38.61042349922765
  },
  "('Z5', 'Z5', 'low', 'recover', 'Z2', 'Z2', 'uphill')": {
    "slow down": -0.7818169444063617,
    "keep going": -0.9963501537937618,
    "accelerate": -1.1000910542041977
  },
  "('Z5', 'Z4', 'low', 'recover', 'Z2', 'Z2', 'flat')": {
    "slow down": 1.6415882820520602,
    "keep going": -0.690714727032748,
    "accelerate": -1.2209574683745994
  },
  "('Z4', 'Z5', 'low', 'recover', 'Z2', 'Z2', 'downhill')": {
    "slow down": -0.15453318248284012,
    "keep going": 0.0,
    "accelerate": 0.0
  },
  "('Z2', 'Z3', 'low', 'warmup', 'Z1', 'Z1', 'downhill')": {
    "slow down": 40.21644503130205,
    "keep going": 7.5584115650951444,
    "accelerate": 0.0
  },
  "('Z2', 'Z1', 'low', 'warmup', 'Z1', 'Z1', 'uphill')": {
    "slow down": 40.75165513217893,
    "keep going": 0.0,
    "accelerate": 4.108957545900789
  },
  "('Z2', 'Z4', 'low', 'push', 'Z4', 'Z4', 'uphill')": {
    "slow down": -31.23067041056849,
    "keep going": -30.65442718880952,
    "accelerate": -31.712292199521016
  },
  "('Z2', 'Z4', 'low', 'cooldown', 'Z1', 'Z1', 'downhill')": {
    "slow down": 4.431214724170098,
    "keep going": -0.10947727991892463,
    "accelerate": 0.0
  },
  "('Z3', 'Z3', 'low', 'cooldown', 'Z1', 'Z1', 'uphill')": {
    "slow down": 0.0,
    "keep going": 0.0,
    "accelerate": -0.15144562126832928
  },
  "('Z4', 'Z5', 'low', 'cooldown', 'Z1', 'Z1', 'flat')": {
    "slow down": -0.33812432083243915,
    "keep going": -0.26347046894188786,
    "accelerate": -0.2996402203438617
  },
  "('Z4', 'Z4', 'low', 'cooldown', 'Z1', 'Z1', 'uphill')": {
    "slow down": -0.12008961410742823,
    "keep going": 0.0,
    "accelerate": 0.0
  },
  "('Z4', 'Z3', 'low', 'cooldown', 'Z1', 'Z1', 'flat')": {
    "slow down": 0.04739627177158023,
    "keep going": 0.0,
    "accelerate": 0.0
  },
  "('Z3', 'Z1', 'low', 'cooldown', 'Z1', 'Z1', 'flat')": {
    "slow down": 8.86893307477077,
    "keep going": 0.0,
    "accelerate": 0.0
  },
  "('Z2', 'Z4', 'low', 'warmup', 'Z1', 'Z1', 'flat')": {
    "slow down": 22.577275509539607,
    "keep going": 0.0,
    "accelerate": 0.0
  },
  "('Z3', 'Z4', 'low', 'recover', 'Z2', 'Z2', 'uphill')": {
    "slow down": 40.81561297313497,
    "keep going": -0.6403055438578814,
    "accelerate": -0.22446522735112015
  },
  "('Z3', 'Z5', 'low', 'cooldown', 'Z1', 'Z1', 'flat')": {
    "slow down": -0.10825437073025153,
    "keep going": -0.241538709913752,
    "accelerate": -0.31543791912181957
  },
  "('Z4', 'Z2', 'low', 'recover', 'Z2', 'Z2', 'uphill')": {
    "slow down": -0.37738967035751225,
    "keep going": 3.3689394325597513,
    "accelerate": 0.0
  },
  "('Z5', 'Z5', 'low', 'recover', 'Z2', 'Z2', 'downhill')": {
    "slow down": -0.14347896908977706,
    "keep going": 0.0,
    "accelerate": 0.0
  },
  "('Z3', 'Z1', 'low', 'recover', 'Z2', 'Z2', 'uphill')": {
    "slow down": 14.83216840064293,
    "keep going": 0.0,
    "accelerate": 0.0
  },
  "('Z2', 'Z4', 'low', 'recover', 'Z2', 'Z2', 'downhill')": {
    "slow down": 7.890726155136034,
    "keep going": 0.0,
    "accelerate": 0.0
  },
  "('Z4', 'Z3', 'low', 'recover', 'Z2', 'Z2', 'uphill')": {
    "slow down": -0.5702236792300279,
    "keep going": 29.17222030920352,
    "accelerate": -0.886098782708852
  },
  "('Z2', 'Z4', 'low', 'warmup', 'Z1', 'Z1', 'downhill')": {
    "slow down": 6.436882590337817,
    "keep going": 0.0,
    "accelerate": 0.0
  },
  "('Z3', 'Z5', 'low', 'recover', 'Z2', 'Z2', 'flat')": {
    "slow down": 4.784105196280343,
    "keep going": 0.0,
    "accelerate": -0.024416827514146023
  },
  "('Z4', 'Z3', 'low', 'recover', 'Z2', 'Z2', 'downhill')": {
    "slow down": 0.10212200725617199,
    "keep going": 0.0,
    "accelerate": 0.0
  },
  "('Z3', 'Z3', 'low', 'recover', 'Z2', 'Z2', 'downhill')": {
    "slow down": 38.45625540841248,
    "keep going": 0.0,
    "accelerate": 3.442587135867743
  },
  "('Z3', 'Z4', 'low', 'recover', 'Z2', 'Z2', 'downhill')": {
    "slow down": 15.564535591976641,
    "keep going": 0.0,
    "accelerate": 0.0
  },
  "('Z2', 'Z4', 'low', 'cooldown', 'Z1', 'Z1', 'uphill')": {
    "slow down": -0.04049449664487102,
    "keep going": 0.0,
    "accelerate": 0.0
  },
  "('Z5', 'Z4', 'low', 'recover', 'Z2', 'Z2', 'uphill')": {
    "slow down": 0.0,
    "keep going": 0.0,
    "accelerate": -1.1017863674238562
  },
  "('Z4', 'Z4', 'low', 'cooldown', 'Z1', 'Z1', 'flat')": {
    "slow down": -0.11927887315843477,
    "keep going": 0.0,
    "accelerate": 0.0
  },
  "('Z3', 'Z3', 'low', 'cooldown', 'Z1', 'Z1', 'downhill')": {
    "slow down": 0.5181773700671027,
    "keep going": 0.0,
    "accelerate": 0.0
  },
  "('Z2', 'Z4', 'low', 'warmup', 'Z1', 'Z1', 'uphill')": {
    "slow down": 4.0002321567955645,
    "keep going": 0.0,
    "accelerate": 0.0
  },
  "('Z3', 'Z3', 'low', 'warmup', 'Z1', 'Z1', 'flat')": {
    "slow down": 24.034167135978453,
    "keep going": 0.0,
    "accelerate": 0.0
  }
}